id,created_at,updated_at,account_code,route_key_hash,estimated_tokens,status,usage_expected,usage_recorded_at
TOKEN-RT3RLMT2BYBHOVIU5MX22UT2RM,1785444630,1785448727,ACC-YRPLDQBRRHOQWDM6Q3WWM3VAWM,TOKEN-WROULGKQR45P47RV26L4CZSBNQ,856,expired_unsettled,0,0
TOKEN-JQGFWSDXT7JR4HQRGD6PVFSOLI,1785447441,1785447613,ACC-YRPLDQBRRHOQWDM6Q3WWM3VAWM,TOKEN-KSAYUHVAH4URTMW74W62H43QTI,3194,settled_streaming,1,1785447613
TOKEN-KYOU2RJSHGU3MUGVNZ64VYOE4I,1785447446,1785447537,ACC-YRPLDQBRRHOQWDM6Q3WWM3VAWM,TOKEN-HDOASPXPEPMXKL6LQ5W7OO4UWE,459,settled_streaming,1,1785447537
TOKEN-EWTCRHSYFAH66THLAQDPZOOV4M,1785447502,1785447540,ACC-YRPLDQBRRHOQWDM6Q3WWM3VAWM,TOKEN-QBQI6CVOEYNLINSS7SIWKR3XJY,33239,settled_streaming,1,1785447540
TOKEN-OALE4PFT4YA725S27TU6ARZFIY,1785447502,1785447568,ACC-YRPLDQBRRHOQWDM6Q3WWM3VAWM,TOKEN-7WG6CHUA6HJLLA4XNG4QBVZWTI,372000,settled_streaming,1,1785447568
TOKEN-XNVOJMBNANOT2DS5I5SOF7XPFU,1785447506,1785447527,ACC-YRPLDQBRRHOQWDM6Q3WWM3VAWM,TOKEN-WG3MCB6N4PEBK5W7652CVEZK6A,89864,settled_streaming,1,1785447527
TOKEN-ZXS77ZPB7GEYKD3PNRHPP4RZYQ,1785447506,1785447560,ACC-YRPLDQBRRHOQWDM6Q3WWM3VAWM,TOKEN-FMSHWLUQAHBTGYIDG6NFWXJVTU,81195,settled_streaming,1,1785447560
TOKEN-Y5LML2VZEQ7ZXV6XZ7BFBPH7NU,1785447517,1785447527,ACC-YRPLDQBRRHOQWDM6Q3WWM3VAWM,TOKEN-QBWKIE2XA3FJKHU2JHSHU5UT6U,215762,settled_streaming,1,1785447527
TOKEN-25RBCPSHW6AQ2IY4TISPHWPVYY,1785447528,1785447545,ACC-YRPLDQBRRHOQWDM6Q3WWM3VAWM,TOKEN-WG3MCB6N4PEBK5W7652CVEZK6A,93595,settled_streaming,1,1785447545
TOKEN-YFLZF2V3JYCPQRVKCVQGN4BF64,1785447528,1785447533,ACC-YRPLDQBRRHOQWDM6Q3WWM3VAWM,TOKEN-QBWKIE2XA3FJKHU2JHSHU5UT6U,216386,settled_streaming,1,1785447533
TOKEN-GJ6LW3PSLEIA746Z6WERRKZQAI,1785447530,1785447533,ACC-YRPLDQBRRHOQWDM6Q3WWM3VAWM,TOKEN-5Q77D3APSLIWWDLVR6GK433KEM,80205,settled_streaming,1,1785447533
TOKEN-XQDLQFCGGCVWIZY6ZEIAKEOJCM,1785447535,1785447545,ACC-YRPLDQBRRHOQWDM6Q3WWM3VAWM,TOKEN-5Q77D3APSLIWWDLVR6GK433KEM,80344,settled_streaming,1,1785447545
TOKEN-7F4HVYE7WG3QNZC6PGZRRD56UM,1785447535,1785447546,ACC-YRPLDQBRRHOQWDM6Q3WWM3VAWM,TOKEN-QBWKIE2XA3FJKHU2JHSHU5UT6U,217265,settled_streaming,1,1785447546
TOKEN-FN7UFDFOTA2MR4D7B5UCXREXSQ,1785447537,1785447549,ACC-YRPLDQBRRHOQWDM6Q3WWM3VAWM,TOKEN-FXHPXXPFCDYERS3FMHIENNHGUE,418,settled_streaming,1,1785447549
TOKEN-UPKM7MBME6HO2BMSNE474LTOR4,1785447546,1785447621,ACC-YRPLDQBRRHOQWDM6Q3WWM3VAWM,TOKEN-QBQI6CVOEYNLINSS7SIWKR3XJY,35330,settled_streaming,1,1785447621
TOKEN-W35YEI63VXDHLAO4KU4LT6THNQ,1785447547,1785447561,ACC-YRPLDQBRRHOQWDM6Q3WWM3VAWM,TOKEN-WG3MCB6N4PEBK5W7652CVEZK6A,96025,settled_streaming,1,1785447561
TOKEN-MEFEUZELXIGG4LXGHIAR4DFS6A,1785447547,1785447554,ACC-YRPLDQBRRHOQWDM6Q3WWM3VAWM,TOKEN-QBWKIE2XA3FJKHU2JHSHU5UT6U,221913,settled_streaming,1,1785447554
TOKEN-MGT6HMGSKPSFHXLWCOCNZQ5G7I,1785447549,1785447557,ACC-YRPLDQBRRHOQWDM6Q3WWM3VAWM,TOKEN-4PLHSQXST4SXXP24LVNONHBBHM,420,settled_streaming,1,1785447557
TOKEN-ZWAZLIB75NPNLZUAWEJMHG7EHY,1785447552,1785447594,ACC-YRPLDQBRRHOQWDM6Q3WWM3VAWM,TOKEN-5Q77D3APSLIWWDLVR6GK433KEM,80859,settled_streaming,1,1785447594
TOKEN-KEJ6KUYGCC5WC7AMKC6GXSMNRQ,1785447555,1785447564,ACC-YRPLDQBRRHOQWDM6Q3WWM3VAWM,TOKEN-QBWKIE2XA3FJKHU2JHSHU5UT6U,222931,settled_streaming,1,1785447564
TOKEN-K7R2LKDEECCSQE3FYI3YDN2EE4,1785447558,1785447586,ACC-YRPLDQBRRHOQWDM6Q3WWM3VAWM,TOKEN-DXD5GG42LNE2DWKN3U2VYRTO74,711,settled_streaming,1,1785447586
TOKEN-EFGN2OE2SYHBSMOOWRIONELMGU,1785447563,1785447571,ACC-YRPLDQBRRHOQWDM6Q3WWM3VAWM,TOKEN-WG3MCB6N4PEBK5W7652CVEZK6A,97801,settled_streaming,1,1785447571
TOKEN-735FM7ONR2GGTN7IKIA6AZHEBQ,1785447567,1785447749,ACC-YRPLDQBRRHOQWDM6Q3WWM3VAWM,TOKEN-FMSHWLUQAHBTGYIDG6NFWXJVTU,85103,settled_streaming,1,1785447749
TOKEN-676RRYQ5CFD22KK25R2RS6EEBM,1785447567,1785447599,ACC-YRPLDQBRRHOQWDM6Q3WWM3VAWM,TOKEN-QBWKIE2XA3FJKHU2JHSHU5UT6U,223820,settled_streaming,1,1785447599
TOKEN-XVPHVQMWF35E3DTSFNXXC5HGAQ,1785447572,1785447577,ACC-YRPLDQBRRHOQWDM6Q3WWM3VAWM,TOKEN-WG3MCB6N4PEBK5W7652CVEZK6A,98348,settled_streaming,1,1785447577
TOKEN-UYZATXDUPECVTHRI67MFP4FHI4,1785447575,1785447617,ACC-YRPLDQBRRHOQWDM6Q3WWM3VAWM,TOKEN-7WG6CHUA6HJLLA4XNG4QBVZWTI,372000,settled_streaming,1,1785447617
TOKEN-P62JQJQVPCEYU3U63KBOB6DT6Q,1785447578,1785447586,ACC-YRPLDQBRRHOQWDM6Q3WWM3VAWM,TOKEN-WG3MCB6N4PEBK5W7652CVEZK6A,100015,settled_streaming,1,1785447586
TOKEN-DBM5PVUHWBPS5ILEHYOBSWHR54,1785447586,1785447593,ACC-YRPLDQBRRHOQWDM6Q3WWM3VAWM,TOKEN-YYJEGEBAWH4VCQYGRDGE6UNNDU,440,settled_streaming,1,1785447593
TOKEN-K7ED2THD6BJ5U7WSGAIQMPPT24,1785447591,1785447634,ACC-YRPLDQBRRHOQWDM6Q3WWM3VAWM,TOKEN-WG3MCB6N4PEBK5W7652CVEZK6A,103920,settled_streaming,1,1785447634
TOKEN-MT44PTFOBZPLK53SVJWLYYU2MU,1785447593,1785447608,ACC-YRPLDQBRRHOQWDM6Q3WWM3VAWM,TOKEN-6RFOB3RYV4LQJ43AWLOA33Y5E4,408,settled_streaming,1,1785447608
TOKEN-WAD74VF3UL73WUMBG4KWTPVYIU,1785447596,1785447613,ACC-YRPLDQBRRHOQWDM6Q3WWM3VAWM,TOKEN-5Q77D3APSLIWWDLVR6GK433KEM,85270,settled_streaming,1,1785447613
TOKEN-27YWALL73K3ZNDNAJAE3ZQ74TI,1785447601,1785447606,ACC-YRPLDQBRRHOQWDM6Q3WWM3VAWM,TOKEN-QBWKIE2XA3FJKHU2JHSHU5UT6U,226069,settled_streaming,1,1785447606
TOKEN-75LLOUTK7P3SMAGALDYF6S7LFA,1785447608,1785447628,ACC-YRPLDQBRRHOQWDM6Q3WWM3VAWM,TOKEN-ADFK4OESKFYP4NJX23JGWLOPLQ,1358,settled_streaming,1,1785447628
TOKEN-LHGTQLZGFGECIIAHYLI3UKXWAI,1785447609,1785447620,ACC-YRPLDQBRRHOQWDM6Q3WWM3VAWM,TOKEN-QBWKIE2XA3FJKHU2JHSHU5UT6U,226708,settled_streaming,1,1785447620
TOKEN-6T63HBXOWWBBBE26IIBT7I62RY,1785447613,1785447737,ACC-YRPLDQBRRHOQWDM6Q3WWM3VAWM,TOKEN-YLXFD2K7MPJLKV2F35COWWSQWU,406,settled_streaming,1,1785447737
TOKEN-2PKES5OIC2QGVDIXQMQO74H2BQ,1785447622,1785447661,ACC-YRPLDQBRRHOQWDM6Q3WWM3VAWM,TOKEN-QBWKIE2XA3FJKHU2JHSHU5UT6U,227583,settled_streaming,1,1785447661
TOKEN-B3AYGUDNTXEWJLUXLN3ZJAYTPU,1785447623,1785447659,ACC-YRPLDQBRRHOQWDM6Q3WWM3VAWM,TOKEN-7WG6CHUA6HJLLA4XNG4QBVZWTI,372000,settled_streaming,1,1785447659
TOKEN-P77NHLAAMXDNDIOMYAVBDSE5QU,1785447627,1785447642,ACC-YRPLDQBRRHOQWDM6Q3WWM3VAWM,TOKEN-QBQI6CVOEYNLINSS7SIWKR3XJY,40705,settled_streaming,1,1785447642
TOKEN-6ZUT3PG63X7H3LI4CM3LUVNUJM,1785447629,1785447634,ACC-YRPLDQBRRHOQWDM6Q3WWM3VAWM,TOKEN-QUB7BWAVXTOUG6ZZPNHJDXIRXU,419,settled_streaming,1,1785447634
TOKEN-OL4ERIBILYDYYUZJJGD75KYAHY,1785447632,1785447632,ACC-YRPLDQBRRHOQWDM6Q3WWM3VAWM,TOKEN-UVEN47EWTROZDJ2KCXOKDB3QRA,379,websocket_fallback_context_recovering,0,0
TOKEN-E3VTTORQTOASYFIJT4JBYL4FO4,1785447633,1785447641,ACC-YRPLDQBRRHOQWDM6Q3WWM3VAWM,TOKEN-TZ4TT4UK3NCOI2PEEE3FDMIGPQ,372000,settled_streaming,1,1785447641
TOKEN-Y5DY5Q5CH4SMCIZMH7JOFR7PGQ,1785447634,1785447652,ACC-YRPLDQBRRHOQWDM6Q3WWM3VAWM,TOKEN-SRKO3U6G3JUODSNFILGHJ7UHYU,419,settled_streaming,1,1785447652
TOKEN-L5FKX3ZKJK2NLSTVYS3LQ7INX4,1785447639,1785447647,ACC-YRPLDQBRRHOQWDM6Q3WWM3VAWM,TOKEN-WG3MCB6N4PEBK5W7652CVEZK6A,107639,settled_streaming,1,1785447647
TOKEN-6LC2XX2KV6N7ZD7DIUFZDDY4AU,1785447652,1785447665,ACC-YRPLDQBRRHOQWDM6Q3WWM3VAWM,TOKEN-UARDUESRXOXUSN4NLD3TSB4PK4,419,settled_streaming,1,1785447665
TOKEN-F7WPXKAGBHC5Q3UNA3OJFWI2JY,1785447652,1785447717,ACC-YRPLDQBRRHOQWDM6Q3WWM3VAWM,TOKEN-WG3MCB6N4PEBK5W7652CVEZK6A,110569,settled_streaming,1,1785447717
TOKEN-EM6GSDZ4N3FCS4Q2WWRQFHJRRY,1785447654,1785447657,ACC-YRPLDQBRRHOQWDM6Q3WWM3VAWM,TOKEN-QBQI6CVOEYNLINSS7SIWKR3XJY,41777,settled_streaming,1,1785447657
TOKEN-MN4MI66XQOB5FXNY2B6JYCGUOE,1785447661,1785447671,ACC-YRPLDQBRRHOQWDM6Q3WWM3VAWM,TOKEN-QBWKIE2XA3FJKHU2JHSHU5UT6U,229350,settled_streaming,1,1785447671
TOKEN-AOTRQLTRVDYGWUWNTP5YV3TS5E,1785447665,1785447704,ACC-YRPLDQBRRHOQWDM6Q3WWM3VAWM,TOKEN-7WG6CHUA6HJLLA4XNG4QBVZWTI,372000,settled_streaming,1,1785447704
TOKEN-UJ4KMYVDIXV4RSPQA2CBTHQ3KM,1785447666,1785447677,ACC-YRPLDQBRRHOQWDM6Q3WWM3VAWM,TOKEN-CK7SKT3PACR67VHFLZOTWR7E3Q,419,settled_streaming,1,1785447677
TOKEN-HVUPX67FNDMD7PZFMC3R24M5FY,1785447672,1785447683,ACC-YRPLDQBRRHOQWDM6Q3WWM3VAWM,TOKEN-QBWKIE2XA3FJKHU2JHSHU5UT6U,229937,settled_streaming,1,1785447683
TOKEN-QKPXLCQA4HR3IRNGMIIKM2VRQU,1785447677,1785447682,ACC-YRPLDQBRRHOQWDM6Q3WWM3VAWM,TOKEN-23ZRGDEGF5EUDT5FALAON3RFWI,419,settled_streaming,1,1785447682
TOKEN-FG7UBZTOCTCS4JCF5J5ZRW6PNY,1785447682,1785447696,ACC-YRPLDQBRRHOQWDM6Q3WWM3VAWM,TOKEN-NS76GV5IIH4OMNLZY3WUNUJQ3E,609,settled_streaming,1,1785447696
TOKEN-5JGXPEE5YUMXC73FZETCUIMLUQ,1785447685,1785447694,ACC-YRPLDQBRRHOQWDM6Q3WWM3VAWM,TOKEN-QBWKIE2XA3FJKHU2JHSHU5UT6U,230466,settled_streaming,1,1785447694
TOKEN-4MCAKVAJEXEOZT6DM2IALRW7MQ,1785447695,1785447702,ACC-YRPLDQBRRHOQWDM6Q3WWM3VAWM,TOKEN-QBWKIE2XA3FJKHU2JHSHU5UT6U,231082,settled_streaming,1,1785447702
TOKEN-HYVE3JLCF2NJEBMUIWZTJO2W4M,1785447696,1785447706,ACC-YRPLDQBRRHOQWDM6Q3WWM3VAWM,TOKEN-JWPTWTAEJHTOENQEYQKG2V5MGE,419,settled_streaming,1,1785447706
TOKEN-KDRZSIFFHQ26EPF3SF3APYSCHE,1785447705,1785447711,ACC-YRPLDQBRRHOQWDM6Q3WWM3VAWM,TOKEN-QBWKIE2XA3FJKHU2JHSHU5UT6U,231980,settled_streaming,1,1785447711
TOKEN-MRM3KYDCA5BYTXAGYSASBSEF6U,1785447706,1785447718,ACC-YRPLDQBRRHOQWDM6Q3WWM3VAWM,TOKEN-EPTP3GQTXAVXDCV6HA37QIEZGA,419,settled_streaming,1,1785447718
TOKEN-HJRHBKSH4N3CFU52TG2KOVJHTU,1785447709,1785447719,ACC-YRPLDQBRRHOQWDM6Q3WWM3VAWM,TOKEN-QBQI6CVOEYNLINSS7SIWKR3XJY,42247,settled_streaming,1,1785447719
TOKEN-G4CZ6TB3X7QFGUUCEVOWXJADVI,1785447711,1785447754,ACC-YRPLDQBRRHOQWDM6Q3WWM3VAWM,TOKEN-7WG6CHUA6HJLLA4XNG4QBVZWTI,372000,settled_streaming,1,1785447754
TOKEN-NK7ILHVFVIBCX2ZO7MDHWPAMB4,1785447713,1785447720,ACC-YRPLDQBRRHOQWDM6Q3WWM3VAWM,TOKEN-QBWKIE2XA3FJKHU2JHSHU5UT6U,232624,settled_streaming,1,1785447720
TOKEN-4LBYONDEYYYCEYTSIRGL6NDHYM,1785447717,1785447727,ACC-YRPLDQBRRHOQWDM6Q3WWM3VAWM,TOKEN-WG3MCB6N4PEBK5W7652CVEZK6A,113592,settled_streaming,1,1785447727
TOKEN-ZNQBDFAKZKGYEKKNFBRZDHRRAQ,1785447718,1785447722,ACC-YRPLDQBRRHOQWDM6Q3WWM3VAWM,TOKEN-LZBGTXVJXE6OWJLVRUT5JLPDWE,419,settled_streaming,1,1785447722
TOKEN-MC34GGOFZXZYLOXK2URDQEOJ5Y,1785447720,1785447731,ACC-YRPLDQBRRHOQWDM6Q3WWM3VAWM,TOKEN-QBQI6CVOEYNLINSS7SIWKR3XJY,42999,settled_streaming,1,1785447731
TOKEN-PNKAMFVI3IX3C2W33A7CE7CQRM,1785447722,1785447743,ACC-YRPLDQBRRHOQWDM6Q3WWM3VAWM,TOKEN-QBWKIE2XA3FJKHU2JHSHU5UT6U,233282,settled_streaming,1,1785447743
TOKEN-Z35SI4QUST3CWQHUWR4ITKASJQ,1785447723,1785447740,ACC-YRPLDQBRRHOQWDM6Q3WWM3VAWM,TOKEN-UGBNOIEZCCFUMYY3R3KQKTLW7Q,571,settled_streaming,1,1785447740
TOKEN-NZPB2PNJKM63HZKW26H6K5Y6WY,1785447732,1785447754,ACC-YRPLDQBRRHOQWDM6Q3WWM3VAWM,TOKEN-WG3MCB6N4PEBK5W7652CVEZK6A,117010,settled_streaming,1,1785447754
TOKEN-NKDCP3PRXI46PRMQ5JNNUY7CVQ,1785447737,1785447760,ACC-YRPLDQBRRHOQWDM6Q3WWM3VAWM,TOKEN-QBQI6CVOEYNLINSS7SIWKR3XJY,43986,settled_streaming,1,1785447760
TOKEN-RKU72YSUUO5DD2S6R7A4ZOXMNE,1785447738,1785447750,ACC-YRPLDQBRRHOQWDM6Q3WWM3VAWM,TOKEN-DTNRTWNFU4DGVQCO4PLXXLIXMI,404,settled_streaming,1,1785447750
TOKEN-BMBSXW3KWBGQKRUKPQ6HOLTSGM,1785447740,1785447753,ACC-YRPLDQBRRHOQWDM6Q3WWM3VAWM,TOKEN-DKZOBJ7FNLDV7EEIVETW244GCY,419,settled_streaming,1,1785447753
TOKEN-64765IW5AVHH2WP2ZVRNIS2XJA,1785447743,1785447751,ACC-YRPLDQBRRHOQWDM6Q3WWM3VAWM,TOKEN-QBWKIE2XA3FJKHU2JHSHU5UT6U,234422,settled_streaming,1,1785447751
TOKEN-LJZTQ3BSANCG3GKBCC56DUP424,1785447750,1785447757,ACC-YRPLDQBRRHOQWDM6Q3WWM3VAWM,TOKEN-RHPHJCY4PDBWAPMLV2W2QBWSJQ,404,settled_streaming,1,1785447757
TOKEN-73LCV2XCNSLFKWKGYM6HTIH4NQ,1785447752,1785447764,ACC-YRPLDQBRRHOQWDM6Q3WWM3VAWM,TOKEN-QBWKIE2XA3FJKHU2JHSHU5UT6U,235015,settled_streaming,1,1785447764
TOKEN-VWJS6XWDC36EGLLGXM2ZTUBMHE,1785447753,1785447761,ACC-YRPLDQBRRHOQWDM6Q3WWM3VAWM,TOKEN-Q7YWFL2PZIU26FUKI7XGHT7YFU,418,settled_streaming,1,1785447761
TOKEN-M7EXDMGEL4UKDR4DKHWHIR52RQ,1785447757,1785447762,ACC-YRPLDQBRRHOQWDM6Q3WWM3VAWM,TOKEN-JECNNKHQN3BUFA4B6YSS25EYKM,406,settled_streaming,1,1785447762
TOKEN-I3A4IED74UUQN7KHBPIUO3P2MU,1785447757,1785447762,ACC-YRPLDQBRRHOQWDM6Q3WWM3VAWM,TOKEN-WG3MCB6N4PEBK5W7652CVEZK6A,118820,settled_streaming,1,1785447762
TOKEN-SEMDVXPDGWTBR4OPMCPPKU6I6A,1785447760,1785447796,ACC-YRPLDQBRRHOQWDM6Q3WWM3VAWM,TOKEN-7WG6CHUA6HJLLA4XNG4QBVZWTI,372000,settled_streaming,1,1785447796
TOKEN-JPECAEOI7FERZTTYO6SFBDTGGM,1785447761,1785447775,ACC-YRPLDQBRRHOQWDM6Q3WWM3VAWM,TOKEN-SATULKT3WK4YPUHGDDVFBGPFGQ,418,settled_streaming,1,1785447775
TOKEN-FMBQO36VDMP23WUBH5W2NYM3FU,1785447764,1785447768,ACC-YRPLDQBRRHOQWDM6Q3WWM3VAWM,TOKEN-WG3MCB6N4PEBK5W7652CVEZK6A,119516,settled_streaming,1,1785447768
TOKEN-JCJGLNSNCFC636UVQOYJSIY45E,1785447766,1785447772,ACC-YRPLDQBRRHOQWDM6Q3WWM3VAWM,TOKEN-QBWKIE2XA3FJKHU2JHSHU5UT6U,235544,settled_streaming,1,1785447772
TOKEN-6FTXQO5OMZ2I5OITIDSYCMPFUI,1785447767,1785447830,ACC-YRPLDQBRRHOQWDM6Q3WWM3VAWM,TOKEN-6VAW5RDCEMS5N55RWMYNMRKMKU,2156,settled_streaming,1,1785447830
TOKEN-5BE2IP7WM7JKMYSQE5NFN3QQWY,1785447771,1785447781,ACC-YRPLDQBRRHOQWDM6Q3WWM3VAWM,TOKEN-WG3MCB6N4PEBK5W7652CVEZK6A,120040,settled_streaming,1,1785447781
TOKEN-Z75VZXYKNYVZGMMRIOIIKPN6D4,1785447772,1785447774,ACC-YRPLDQBRRHOQWDM6Q3WWM3VAWM,TOKEN-QBQI6CVOEYNLINSS7SIWKR3XJY,45748,settled_streaming,1,1785447774
TOKEN-DM22KA3TV2HY6SB5HAM3TMRXQQ,1785447776,1785447795,ACC-YRPLDQBRRHOQWDM6Q3WWM3VAWM,TOKEN-KG3CT3W3LAGQLQBPASYLIMRPAU,503,settled_streaming,1,1785447795
TOKEN-NRMRRZ5KEY3S65KFTIFCB72J6Y,1785447777,1785447783,ACC-YRPLDQBRRHOQWDM6Q3WWM3VAWM,TOKEN-QBWKIE2XA3FJKHU2JHSHU5UT6U,236268,settled_streaming,1,1785447783
TOKEN-G3TKUK4AVU7ELMEP3MUHIN32LE,1785447783,1785447787,ACC-YRPLDQBRRHOQWDM6Q3WWM3VAWM,TOKEN-WG3MCB6N4PEBK5W7652CVEZK6A,120264,settled_streaming,1,1785447787
TOKEN-ZQI52OEQXXWWR2VZ4OMSA6B6R4,1785447783,1785447800,ACC-YRPLDQBRRHOQWDM6Q3WWM3VAWM,TOKEN-QBWKIE2XA3FJKHU2JHSHU5UT6U,236820,settled_streaming,1,1785447800
TOKEN-BUI4OW2MQ3QHSSQSO66NDC3CJA,1785447787,1785447820,ACC-YRPLDQBRRHOQWDM6Q3WWM3VAWM,TOKEN-WG3MCB6N4PEBK5W7652CVEZK6A,120816,settled_streaming,1,1785447820
TOKEN-UIXXXIFBGPFZGH6227K22AU2TY,1785447795,1785447808,ACC-YRPLDQBRRHOQWDM6Q3WWM3VAWM,TOKEN-X6FAPWETOD6P4RUC7YVNP5G4EE,418,settled_streaming,1,1785447808
TOKEN-7Y5C224ZQUFS3RYUYORUGWSJUY,1785447801,1785447812,ACC-YRPLDQBRRHOQWDM6Q3WWM3VAWM,TOKEN-XMDKHZQM7N4M4UOOPCVNLMLNCI,13934,settled_streaming,1,1785447812
TOKEN-KQFU3BSUU5IG5XJPJ5VC6QSVL4,1785447801,1785447810,ACC-YRPLDQBRRHOQWDM6Q3WWM3VAWM,TOKEN-2KJ53QQNHM4UQZQGEEBF4GVWGY,13940,settled_streaming,1,1785447810
TOKEN-EGJNB662AN7ESZXC2HZQE6CK7E,1785447802,1785447809,ACC-YRPLDQBRRHOQWDM6Q3WWM3VAWM,TOKEN-QBWKIE2XA3FJKHU2JHSHU5UT6U,238519,settled_streaming,1,1785447809
TOKEN-2A3HLTVB7YRIT7QNLWEPMDF4PE,1785447803,1785447850,ACC-YRPLDQBRRHOQWDM6Q3WWM3VAWM,TOKEN-7WG6CHUA6HJLLA4XNG4QBVZWTI,372000,settled_streaming,1,1785447850
TOKEN-LRV7SJY4PLI6NGZHIIYN4U4T6I,1785447811,1785447821,ACC-YRPLDQBRRHOQWDM6Q3WWM3VAWM,TOKEN-2KJ53QQNHM4UQZQGEEBF4GVWGY,14903,settled_streaming,1,1785447821
TOKEN-MWUCCMIYL4AAMUMVWN3UFAFNFQ,1785447811,1785447815,ACC-YRPLDQBRRHOQWDM6Q3WWM3VAWM,TOKEN-ZLCCXBBEDCEBZYPJYONRNSZMAE,783,settled_streaming,1,1785447815
TOKEN-U2UVZBYHTD6PD7YSPI2KIUUHHU,1785447811,1785447820,ACC-YRPLDQBRRHOQWDM6Q3WWM3VAWM,TOKEN-QBWKIE2XA3FJKHU2JHSHU5UT6U,240625,settled_streaming,1,1785447820
TOKEN-MAMT3FHRXWWHADIC7KLHZ6EWIA,1785447813,1785447820,ACC-YRPLDQBRRHOQWDM6Q3WWM3VAWM,TOKEN-XMDKHZQM7N4M4UOOPCVNLMLNCI,14855,settled_streaming,1,1785447820
TOKEN-7QBA5V7DTKVXIJVYND6BRMIH4Y,1785447815,1785447820,ACC-YRPLDQBRRHOQWDM6Q3WWM3VAWM,TOKEN-WGJ2P26X3ERVIUZVAQVYLKTOFM,1227,settled_streaming,1,1785447820
TOKEN-5JXAUNNTBJBPBL6GLAVSFB4UCA,1785447820,1785447827,ACC-YRPLDQBRRHOQWDM6Q3WWM3VAWM,TOKEN-OKTISC7CXQDMONVXWJ6CIW5LAM,419,settled_streaming,1,1785447827
TOKEN-RPG4YK4XN6GCXAHCDYFR2WJCZE,1785447821,1785447842,ACC-YRPLDQBRRHOQWDM6Q3WWM3VAWM,TOKEN-XMDKHZQM7N4M4UOOPCVNLMLNCI,15585,settled_streaming,1,1785447842
TOKEN-2JRGAAGTSI7OZM2GDQ4FYIVS7U,1785447821,1785447834,ACC-YRPLDQBRRHOQWDM6Q3WWM3VAWM,TOKEN-WG3MCB6N4PEBK5W7652CVEZK6A,127097,settled_streaming,1,1785447834
TOKEN-NVUCVC2OZ2YDVIZ4MGTTJXEYL4,1785447822,1785447836,ACC-YRPLDQBRRHOQWDM6Q3WWM3VAWM,TOKEN-QBWKIE2XA3FJKHU2JHSHU5UT6U,241612,settled_streaming,1,1785447836
TOKEN-2GGUCFTD6J77QFABNUEHYEUNWQ,1785447822,1785447850,ACC-YRPLDQBRRHOQWDM6Q3WWM3VAWM,TOKEN-2KJ53QQNHM4UQZQGEEBF4GVWGY,15848,settled_streaming,1,1785447850
TOKEN-2CAUUBA2XOTL2EQ5XP4SXFZI3M,1785447830,1785447855,ACC-YRPLDQBRRHOQWDM6Q3WWM3VAWM,TOKEN-I7PBKC3KHRIDT2ZASKDE53RB6E,722,settled_streaming,1,1785447855
TOKEN-LDXZIICUYCXMR66CDXLPAU7W7Q,1785447831,1785447926,ACC-YRPLDQBRRHOQWDM6Q3WWM3VAWM,TOKEN-AO5VMIUHIXE4L2YXVJ3NLMF2OM,405,settled_streaming,1,1785447926
TOKEN-RVMS5AFUX2KO4GONZA6OPUHW5M,1785447836,1785447839,ACC-YRPLDQBRRHOQWDM6Q3WWM3VAWM,TOKEN-QBQI6CVOEYNLINSS7SIWKR3XJY,46155,settled_streaming,1,1785447839
TOKEN-MFSGXLWNQ5HLIB5X53VXF23IWY,1785447837,1785447841,ACC-YRPLDQBRRHOQWDM6Q3WWM3VAWM,TOKEN-WG3MCB6N4PEBK5W7652CVEZK6A,128681,settled_streaming,1,1785447841
TOKEN-FR4U3QHHRX7WX3H54KPJ6GDTBA,1785447837,1785447846,ACC-YRPLDQBRRHOQWDM6Q3WWM3VAWM,TOKEN-SDWYXXYRTNO5LWYRSAPUFW7VVE,13904,settled_streaming,1,1785447846
TOKEN-VH27DV4GH4VXSFQATNWHOBL3MA,1785447838,1785447846,ACC-YRPLDQBRRHOQWDM6Q3WWM3VAWM,TOKEN-QBWKIE2XA3FJKHU2JHSHU5UT6U,242705,settled_streaming,1,1785447846
TOKEN-F3O472IUWO2KL7VUUGCAKZXUSA,1785447841,1785447865,ACC-YRPLDQBRRHOQWDM6Q3WWM3VAWM,TOKEN-WG3MCB6N4PEBK5W7652CVEZK6A,129210,settled_streaming,1,1785447865
TOKEN-WJ3WVTCY6RQADAQUAPKIWXTGTI,1785447847,1785447859,ACC-YRPLDQBRRHOQWDM6Q3WWM3VAWM,TOKEN-SDWYXXYRTNO5LWYRSAPUFW7VVE,14752,settled_streaming,1,1785447859
TOKEN-L545XOHCIEJ7WOSXKXT7M2AXKU,1785447848,1785447852,ACC-YRPLDQBRRHOQWDM6Q3WWM3VAWM,TOKEN-XMDKHZQM7N4M4UOOPCVNLMLNCI,17427,settled_streaming,1,1785447852
TOKEN-CSZX6SDBSTXYG2GSSNACY7GEMI,1785447850,1785447858,ACC-YRPLDQBRRHOQWDM6Q3WWM3VAWM,TOKEN-QBWKIE2XA3FJKHU2JHSHU5UT6U,243432,settled_streaming,1,1785447858
TOKEN-2QIMIVM4YPAKCOOCUBEWOLQT6A,1785447856,1785447871,ACC-YRPLDQBRRHOQWDM6Q3WWM3VAWM,TOKEN-3UCSMY6BBJAZSZOJASBMKJAL7I,462,settled_streaming,1,1785447871
TOKEN-4K7FD722EYWARZHZ3V7GG66M4A,1785447856,1785447862,ACC-YRPLDQBRRHOQWDM6Q3WWM3VAWM,TOKEN-2KJ53QQNHM4UQZQGEEBF4GVWGY,18109,settled_streaming,1,1785447862
TOKEN-JLTDMVFE5MXHQN43Y2CPOYHGLU,1785447857,1785447893,ACC-YRPLDQBRRHOQWDM6Q3WWM3VAWM,TOKEN-7WG6CHUA6HJLLA4XNG4QBVZWTI,372000,settled_streaming,1,1785447893
TOKEN-DKC3SCGCMDQIXTDUEUJAZXRNEI,1785447858,1785447867,ACC-YRPLDQBRRHOQWDM6Q3WWM3VAWM,TOKEN-XMDKHZQM7N4M4UOOPCVNLMLNCI,18027,settled_streaming,1,1785447867
TOKEN-3C2AEXPHGUPAZKFKAD5TKSTP6E,1785447860,1785447865,ACC-YRPLDQBRRHOQWDM6Q3WWM3VAWM,TOKEN-SDWYXXYRTNO5LWYRSAPUFW7VVE,15957,settled_streaming,1,1785447865
TOKEN-CV7WFA7MGGKHBAKMSLJNUQPXLQ,1785447861,1785447864,ACC-YRPLDQBRRHOQWDM6Q3WWM3VAWM,TOKEN-QBWKIE2XA3FJKHU2JHSHU5UT6U,244533,settled_streaming,1,1785447865
TOKEN-L7BCUNTASBTZCNYDYP564YJHHE,1785447866,1785447871,ACC-YRPLDQBRRHOQWDM6Q3WWM3VAWM,TOKEN-WG3MCB6N4PEBK5W7652CVEZK6A,130766,settled_streaming,1,1785447871
TOKEN-Z7K4NKPKXVZKHYYCNTUUHXIMQA,1785447867,1785447871,ACC-YRPLDQBRRHOQWDM6Q3WWM3VAWM,TOKEN-2KJ53QQNHM4UQZQGEEBF4GVWGY,18698,settled_streaming,1,1785447871
TOKEN-YOG5P64SVRX27ZKKS2LHIDU5AA,1785447867,1785447887,ACC-YRPLDQBRRHOQWDM6Q3WWM3VAWM,TOKEN-QBWKIE2XA3FJKHU2JHSHU5UT6U,246232,settled_streaming,1,1785447887
TOKEN-WIKPC6EPGWPFBPOIGPRPAJMSMU,1785447871,1785447884,ACC-YRPLDQBRRHOQWDM6Q3WWM3VAWM,TOKEN-SDWYXXYRTNO5LWYRSAPUFW7VVE,16611,settled_streaming,1,1785447884
TOKEN-YSCPEEICFRTPM7FL2S5IM7XEL4,1785447873,1785447876,ACC-YRPLDQBRRHOQWDM6Q3WWM3VAWM,TOKEN-WG3MCB6N4PEBK5W7652CVEZK6A,131367,settled_streaming,1,1785447876
TOKEN-3TEFSBRAJP4JVCQDXYHSIC7JA4,1785447875,1785447885,ACC-YRPLDQBRRHOQWDM6Q3WWM3VAWM,TOKEN-WSZ6X26ODZOUD5BBBLJ7SD2WIY,921,settled_streaming,1,1785447885
TOKEN-3TCH7FVW6H2Z3ZKOMZQ7ZOWSPE,1785447877,1785447904,ACC-YRPLDQBRRHOQWDM6Q3WWM3VAWM,TOKEN-2KJ53QQNHM4UQZQGEEBF4GVWGY,19256,settled_streaming,1,1785447904
TOKEN-VRXRRKE3TX7DPNGU5IAITXU3SA,1785447879,1785447883,ACC-YRPLDQBRRHOQWDM6Q3WWM3VAWM,TOKEN-XMDKHZQM7N4M4UOOPCVNLMLNCI,18824,settled_streaming,1,1785447883
TOKEN-I6YYXD6ARFDEJSWGEY7LJJWRAI,1785447882,1785447887,ACC-YRPLDQBRRHOQWDM6Q3WWM3VAWM,TOKEN-WG3MCB6N4PEBK5W7652CVEZK6A,131599,settled_streaming,1,1785447887
TOKEN-Q4F2Y4RWK353Y2GERU5E5QUL3M,1785447884,1785447889,ACC-YRPLDQBRRHOQWDM6Q3WWM3VAWM,TOKEN-XMDKHZQM7N4M4UOOPCVNLMLNCI,19326,settled_streaming,1,1785447889
TOKEN-UL4WMOJJ7BL7CUKOHJ5J7XLUZA,1785447886,1785447917,ACC-YRPLDQBRRHOQWDM6Q3WWM3VAWM,TOKEN-QBQI6CVOEYNLINSS7SIWKR3XJY,46620,settled_streaming,1,1785447917
TOKEN-PIJ24OYNO72Y6WFXUGDF6PNW44,1785447890,1785447913,ACC-YRPLDQBRRHOQWDM6Q3WWM3VAWM,TOKEN-SDWYXXYRTNO5LWYRSAPUFW7VVE,17705,settled_streaming,1,1785447913
TOKEN-YDUYKMBCCSUQHOAHOBHDKPZMBM,1785447890,1785447897,ACC-YRPLDQBRRHOQWDM6Q3WWM3VAWM,TOKEN-QBWKIE2XA3FJKHU2JHSHU5UT6U,248178,settled_streaming,1,1785447897
TOKEN-5NQJDZ27HBCOPVNKGZIZRVRC4U,1785447890,1785447897,ACC-YRPLDQBRRHOQWDM6Q3WWM3VAWM,TOKEN-WG3MCB6N4PEBK5W7652CVEZK6A,131824,settled_streaming,1,1785447897
TOKEN-5KM3WT3TEEE3ZGJUCDH5ZM6IIM,1785447891,1785447897,ACC-YRPLDQBRRHOQWDM6Q3WWM3VAWM,TOKEN-XMDKHZQM7N4M4UOOPCVNLMLNCI,23992,settled_streaming,1,1785447897
TOKEN-RYOOYFTI23HOJ6TOSYJTEIDS5U,1785447898,1785447906,ACC-YRPLDQBRRHOQWDM6Q3WWM3VAWM,TOKEN-QBWKIE2XA3FJKHU2JHSHU5UT6U,248880,settled_streaming,1,1785447906
TOKEN-5EJA4F4U5PL6I5EYBXUCRZE2GI,1785447898,1785447898,ACC-YRPLDQBRRHOQWDM6Q3WWM3VAWM,TOKEN-EG6FWJYCXFTEGOBG7I44RRR6JQ,376,websocket_fallback_context_recovering,0,0
TOKEN-CLWYGECOSNQSG2NXCDSOLAFG4A,1785447898,1785447902,ACC-YRPLDQBRRHOQWDM6Q3WWM3VAWM,TOKEN-WG3MCB6N4PEBK5W7652CVEZK6A,132085,settled_streaming,1,1785447902
TOKEN-MMZBZVSIGE54ARENWYVYXK6RV4,1785447899,1785447908,ACC-YRPLDQBRRHOQWDM6Q3WWM3VAWM,TOKEN-TZ4TT4UK3NCOI2PEEE3FDMIGPQ,372000,settled_streaming,1,1785447908
TOKEN-DDXCEDLDAHD6VSCASVF2RWA25M,1785447900,1785447939,ACC-YRPLDQBRRHOQWDM6Q3WWM3VAWM,TOKEN-7WG6CHUA6HJLLA4XNG4QBVZWTI,372000,settled_streaming,1,1785447939
TOKEN-CE3CELKR2QSUYK77BXQMW7A6DE,1785447903,1785447911,ACC-YRPLDQBRRHOQWDM6Q3WWM3VAWM,TOKEN-XMDKHZQM7N4M4UOOPCVNLMLNCI,24717,settled_streaming,1,1785447911
TOKEN-5H2TL7VOGKZ32H66UUJ4VIUI7M,1785447905,1785447912,ACC-YRPLDQBRRHOQWDM6Q3WWM3VAWM,TOKEN-WG3MCB6N4PEBK5W7652CVEZK6A,133269,settled_streaming,1,1785447912
TOKEN-RHGQFCWKHDNBQRAAY7PY4LSLFA,1785447906,1785447911,ACC-YRPLDQBRRHOQWDM6Q3WWM3VAWM,TOKEN-2KJ53QQNHM4UQZQGEEBF4GVWGY,21328,settled_streaming,1,1785447911
TOKEN-JHDRGVKAV7CVXBKWE5ORMWLFXE,1785447907,1785447914,ACC-YRPLDQBRRHOQWDM6Q3WWM3VAWM,TOKEN-QBWKIE2XA3FJKHU2JHSHU5UT6U,250683,settled_streaming,1,1785447914
TOKEN-2PV2KG3APL6G7LJOHL6UZE657M,1785447912,1785447933,ACC-YRPLDQBRRHOQWDM6Q3WWM3VAWM,TOKEN-XMDKHZQM7N4M4UOOPCVNLMLNCI,25566,settled_streaming,1,1785447933
TOKEN-IYS65TSFGNEVGG5NWZWLJMSDEM,1785447913,1785447917,ACC-YRPLDQBRRHOQWDM6Q3WWM3VAWM,TOKEN-WG3MCB6N4PEBK5W7652CVEZK6A,134366,settled_streaming,1,1785447917
TOKEN-LMN3IR6PCCGEU3C2Y4I54XPQNE,1785447914,1785447918,ACC-YRPLDQBRRHOQWDM6Q3WWM3VAWM,TOKEN-PKSFATFW6GF7LP7PY5BC3CNXO4,489,settled_streaming,1,1785447918
TOKEN-YIIYMTUU46UO6FQQQLKYD32X5Q,1785447915,1785447931,ACC-YRPLDQBRRHOQWDM6Q3WWM3VAWM,TOKEN-RHQY73EAAQUDYH5TUZC5VM4DRE,859,settled_streaming,1,1785447931
TOKEN-A46KLXTULEUIO3JESQPRZVLJH4,1785447917,1785447923,ACC-YRPLDQBRRHOQWDM6Q3WWM3VAWM,TOKEN-2KJ53QQNHM4UQZQGEEBF4GVWGY,21975,settled_streaming,1,1785447923
TOKEN-WGKANHK65SAYUEGHVIJ43IUZHU,1785447917,1785447935,ACC-YRPLDQBRRHOQWDM6Q3WWM3VAWM,TOKEN-QBWKIE2XA3FJKHU2JHSHU5UT6U,255053,settled_streaming,1,1785447935
TOKEN-LWIQXDYDUDHN3DOXBKMCQIOFO4,1785447919,1785447964,ACC-YRPLDQBRRHOQWDM6Q3WWM3VAWM,TOKEN-SDWYXXYRTNO5LWYRSAPUFW7VVE,19632,settled_streaming,1,1785447964
TOKEN-HZO42ZFCNTD5ZGZ36F7NPBTXAQ,1785447919,1785447924,ACC-YRPLDQBRRHOQWDM6Q3WWM3VAWM,TOKEN-WG3MCB6N4PEBK5W7652CVEZK6A,134985,settled_streaming,1,1785447924
TOKEN-TJFYUDWXC2WNXESZTV7OFFONDA,1785447925,1785447930,ACC-YRPLDQBRRHOQWDM6Q3WWM3VAWM,TOKEN-2KJ53QQNHM4UQZQGEEBF4GVWGY,22568,settled_streaming,1,1785447930
TOKEN-6M2HBHX522R7ONFO6AXO3FCPCY,1785447926,1785447938,ACC-YRPLDQBRRHOQWDM6Q3WWM3VAWM,TOKEN-WG3MCB6N4PEBK5W7652CVEZK6A,135710,settled_streaming,1,1785447938
TOKEN-4LMSTSS2A6H3W6XUYP3AN3WISQ,1785447927,1785447973,ACC-YRPLDQBRRHOQWDM6Q3WWM3VAWM,TOKEN-C7L3S54UTGRW6PZFN4RCAN4KZQ,486,settled_streaming,1,1785447973
TOKEN-3WZPOBVZNY7UPO6HUL6KGQM6A4,1785447931,1785448018,ACC-YRPLDQBRRHOQWDM6Q3WWM3VAWM,TOKEN-2KJ53QQNHM4UQZQGEEBF4GVWGY,23049,settled_streaming,1,1785448018
TOKEN-UJWHO7NN3TTNTQ65EXORMDUMHE,1785447934,1785447958,ACC-YRPLDQBRRHOQWDM6Q3WWM3VAWM,TOKEN-2FGZMK5JH2HZJJPT3JP2BYXCHE,828,settled_streaming,1,1785447958
TOKEN-IXAZI6YBVVD5D5MGZ2QEHRGWEI,1785447938,1785447954,ACC-YRPLDQBRRHOQWDM6Q3WWM3VAWM,TOKEN-QBWKIE2XA3FJKHU2JHSHU5UT6U,256595,settled_streaming,1,1785447954
TOKEN-5BGGS6XJA4PQAQKTT27OL2KWBE,1785447940,1785447950,ACC-YRPLDQBRRHOQWDM6Q3WWM3VAWM,TOKEN-BNIGWKV2IHMSVAPR4TTLPUM2DA,12447,settled_streaming,1,1785447950
TOKEN-5QW7OYY4EOTULFK3SHCKFPESLI,1785447940,1785447961,ACC-YRPLDQBRRHOQWDM6Q3WWM3VAWM,TOKEN-X3CWM6A3XQNHPXDXFQ5HDV6TWM,12455,settled_streaming,1,1785447961
TOKEN-NPNOQRPDRXPEADWLVRPT6KGIDQ,1785447940,1785447956,ACC-YRPLDQBRRHOQWDM6Q3WWM3VAWM,TOKEN-3TB3UWILHDWZNJVFNHKBWMGPC4,12452,settled_streaming,1,1785447956
TOKEN-LUAXBC46NTU2FJINROULQL6DQE,1785447941,1785447949,ACC-YRPLDQBRRHOQWDM6Q3WWM3VAWM,TOKEN-WG3MCB6N4PEBK5W7652CVEZK6A,137229,settled_streaming,1,1785447949
TOKEN-SPTWCQJIGOKN4ZEF3EL6WB7X3E,1785447945,1785447947,ACC-YRPLDQBRRHOQWDM6Q3WWM3VAWM,TOKEN-XMDKHZQM7N4M4UOOPCVNLMLNCI,27330,settled_streaming,1,1785447947
TOKEN-7O2APN4BI7DO7KDH3BLEHPO42I,1785447946,1785447987,ACC-YRPLDQBRRHOQWDM6Q3WWM3VAWM,TOKEN-7WG6CHUA6HJLLA4XNG4QBVZWTI,372000,settled_streaming,1,1785447987
TOKEN-7O46UBSMJUQM73AEEVS2SNU74Q,1785447949,1785447952,ACC-YRPLDQBRRHOQWDM6Q3WWM3VAWM,TOKEN-O6KQKKX5X2U43ZZTX3KUVZUYBU,379,settled_streaming,1,1785447952
TOKEN-DYGQVAXIDNO5V3AUWAVVVWGCPA,1785447951,1785447964,ACC-YRPLDQBRRHOQWDM6Q3WWM3VAWM,TOKEN-BNIGWKV2IHMSVAPR4TTLPUM2DA,13383,settled_streaming,1,1785447964
TOKEN-IGETZKTWR5FRVRV3QDCVXSNXDU,1785447951,1785448017,ACC-YRPLDQBRRHOQWDM6Q3WWM3VAWM,TOKEN-WG3MCB6N4PEBK5W7652CVEZK6A,138014,settled_streaming,1,1785448017
TOKEN-2WD6VJFXYUM427TF67ASV4N7PM,1785447954,1785447969,ACC-YRPLDQBRRHOQWDM6Q3WWM3VAWM,TOKEN-XMDKHZQM7N4M4UOOPCVNLMLNCI,27519,settled_streaming,1,1785447969
TOKEN-OV5C474MAVSZU24NDRXBWX3MXQ,1785447957,1785447973,ACC-YRPLDQBRRHOQWDM6Q3WWM3VAWM,TOKEN-3TB3UWILHDWZNJVFNHKBWMGPC4,13824,settled_streaming,1,1785447973
TOKEN-SXAH5SBV7LENVAHRE7XK2HKCI4,1785447957,1785447966,ACC-YRPLDQBRRHOQWDM6Q3WWM3VAWM,TOKEN-QBWKIE2XA3FJKHU2JHSHU5UT6U,257937,settled_streaming,1,1785447966
TOKEN-OKIQLREQW6RWYGGJOPVUAQUKB4,1785447959,1785447969,ACC-YRPLDQBRRHOQWDM6Q3WWM3VAWM,TOKEN-AXFVFCJPMK5SYVCMPCUFCODR3U,462,settled_streaming,1,1785447969
TOKEN-BWRF6HGHBWX7WWAZJGLWLRFBV4,1785447962,1785447972,ACC-YRPLDQBRRHOQWDM6Q3WWM3VAWM,TOKEN-X3CWM6A3XQNHPXDXFQ5HDV6TWM,13828,settled_streaming,1,1785447972
TOKEN-NXW7MCJ4C7N7VV2ABP3JOKSPYY,1785447965,1785448278,ACC-YRPLDQBRRHOQWDM6Q3WWM3VAWM,TOKEN-BNIGWKV2IHMSVAPR4TTLPUM2DA,14812,settled_streaming,1,1785448278
TOKEN-Y4TAHM7TMKUXARH3TDCX2NXHRQ,1785447967,1785447972,ACC-YRPLDQBRRHOQWDM6Q3WWM3VAWM,TOKEN-QBWKIE2XA3FJKHU2JHSHU5UT6U,258548,settled_streaming,1,1785447972
TOKEN-TP32NWTRSFOPGYKM62HQF3GUOI,1785447969,1785447980,ACC-YRPLDQBRRHOQWDM6Q3WWM3VAWM,TOKEN-6YBVURCCYTGFPNANGBAI7DMOWM,1519,settled_streaming,1,1785447980
TOKEN-5XPOY54BGVJZB5FDTCTH5BI6DM,1785447970,1785447977,ACC-YRPLDQBRRHOQWDM6Q3WWM3VAWM,TOKEN-SDWYXXYRTNO5LWYRSAPUFW7VVE,22381,settled_streaming,1,1785447977
TOKEN-7DBGMHJIYFALJSOAQE4PZDAA4Y,1785447970,1785447980,ACC-YRPLDQBRRHOQWDM6Q3WWM3VAWM,TOKEN-XMDKHZQM7N4M4UOOPCVNLMLNCI,28672,settled_streaming,1,1785447980
TOKEN-PEGMDN5RQSPXG7XIXQNRJJK2SY,1785447973,1785447976,ACC-YRPLDQBRRHOQWDM6Q3WWM3VAWM,TOKEN-ZMQOIVOKQ6EVLI3R3M46VPWWHM,471,settled_streaming,1,1785447976
TOKEN-H2LJOCM2F2R75FP6JDJ5LEVRYQ,1785447973,1785447981,ACC-YRPLDQBRRHOQWDM6Q3WWM3VAWM,TOKEN-QBWKIE2XA3FJKHU2JHSHU5UT6U,259156,settled_streaming,1,1785447981
TOKEN-XRZUCXHVFPYG6LUSCGY46XLJF4,1785447973,1785447985,ACC-YRPLDQBRRHOQWDM6Q3WWM3VAWM,TOKEN-X3CWM6A3XQNHPXDXFQ5HDV6TWM,15094,settled_streaming,1,1785447985
TOKEN-TFSLHZXEH5GF3M7FKDX6A3WKIY,1785447974,1785447982,ACC-YRPLDQBRRHOQWDM6Q3WWM3VAWM,TOKEN-3TB3UWILHDWZNJVFNHKBWMGPC4,15253,settled_streaming,1,1785447982
TOKEN-BNDPWKEWEHLDMSKBONPJPTICN4,1785447979,1785448054,ACC-YRPLDQBRRHOQWDM6Q3WWM3VAWM,TOKEN-SDWYXXYRTNO5LWYRSAPUFW7VVE,27220,settled_streaming,1,1785448054
TOKEN-ID6CPWYYR32VL3SXDIUYRKTYN4,1785447980,1785447987,ACC-YRPLDQBRRHOQWDM6Q3WWM3VAWM,TOKEN-ZDIGCWWSHOO2B3NBLBPI6MEJ2M,4669,settled_streaming,1,1785447987
TOKEN-MP634BBHPMM557ADQJKNPY6ELI,1785447981,1785447987,ACC-YRPLDQBRRHOQWDM6Q3WWM3VAWM,TOKEN-XMDKHZQM7N4M4UOOPCVNLMLNCI,29435,settled_streaming,1,1785447987
TOKEN-IYBEK4KGVY366BUHFB4G3AB6LM,1785447982,1785448004,ACC-YRPLDQBRRHOQWDM6Q3WWM3VAWM,TOKEN-QBWKIE2XA3FJKHU2JHSHU5UT6U,259744,settled_streaming,1,1785448004
TOKEN-XYLRHDFGVXPMDUW2PZJ2QF77EY,1785447983,1785447993,ACC-YRPLDQBRRHOQWDM6Q3WWM3VAWM,TOKEN-3TB3UWILHDWZNJVFNHKBWMGPC4,16096,settled_streaming,1,1785447993
TOKEN-6DK4H5H7FIASZYNLE77BJPQ6WM,1785447986,1785448381,ACC-YRPLDQBRRHOQWDM6Q3WWM3VAWM,TOKEN-X3CWM6A3XQNHPXDXFQ5HDV6TWM,16121,settled_streaming,1,1785448381
TOKEN-PNVJWANTQWIVLVMSX5WTJIEF5I,1785447993,1785448063,ACC-YRPLDQBRRHOQWDM6Q3WWM3VAWM,TOKEN-7WG6CHUA6HJLLA4XNG4QBVZWTI,372000,settled_streaming,1,1785448063
TOKEN-2DQIBXP2IKJTVDVAYXWMLNLI7Q,1785447994,1785448011,ACC-YRPLDQBRRHOQWDM6Q3WWM3VAWM,TOKEN-3TB3UWILHDWZNJVFNHKBWMGPC4,16900,settled_streaming,1,1785448011
TOKEN-GQVVWPFNTRS2O63JQYLGLHCCP4,1785447998,1785448005,ACC-YRPLDQBRRHOQWDM6Q3WWM3VAWM,TOKEN-KWVM7NIKEIVWWFAV7HOMEMBXMM,10686,settled_streaming,1,1785448005
TOKEN-J26FHYIQDHVROJS6MU53FQ6NCI,1785447999,1785448001,ACC-YRPLDQBRRHOQWDM6Q3WWM3VAWM,TOKEN-XMDKHZQM7N4M4UOOPCVNLMLNCI,30005,settled_streaming,1,1785448001
TOKEN-GMXWDLIEDF3CRCTWHYHHVU73GU,1785448005,1785448012,ACC-YRPLDQBRRHOQWDM6Q3WWM3VAWM,TOKEN-4TCFOHUX32DSVRO6ZJMFAPJ33E,558,settled_streaming,1,1785448012
TOKEN-NXBSNEFUU7DAXXO3ZLBVPEXZOU,1785448006,1785448017,ACC-YRPLDQBRRHOQWDM6Q3WWM3VAWM,TOKEN-QBWKIE2XA3FJKHU2JHSHU5UT6U,261290,settled_streaming,1,1785448017
TOKEN-CJ7H4YHAF4G74JQYGW2SSQHVUA,1785448006,1785448011,ACC-YRPLDQBRRHOQWDM6Q3WWM3VAWM,TOKEN-WWP6MK4V6QMUB4SWLYP6QGMI4A,379,settled_streaming,1,1785448011
TOKEN-B65FMPH2CDKTUZORA3XU443B5Q,1785448011,1785448021,ACC-YRPLDQBRRHOQWDM6Q3WWM3VAWM,TOKEN-4QNO7BCGR35TXRTNXHZUH2OKYE,713,settled_streaming,1,1785448021
TOKEN-XKWJFGARKFYKBATSXCJA3HC3UQ,1785448012,1785448024,ACC-YRPLDQBRRHOQWDM6Q3WWM3VAWM,TOKEN-XJQL2GRHNBGDEWG4LSFSOEFWIA,3570,settled_streaming,1,1785448024
TOKEN-GW5ZOJUI56MVT5WPFCRKMCPOGA,1785448012,1785448368,ACC-YRPLDQBRRHOQWDM6Q3WWM3VAWM,TOKEN-3TB3UWILHDWZNJVFNHKBWMGPC4,18502,settled_streaming,1,1785448368
TOKEN-GOK24QJBSS545FK346GL7IEYI4,1785448013,1785448039,ACC-YRPLDQBRRHOQWDM6Q3WWM3VAWM,TOKEN-XMDKHZQM7N4M4UOOPCVNLMLNCI,30194,settled_streaming,1,1785448039
TOKEN-62KHORI3BQMEBSICGLDXJBERHQ,1785448017,1785448041,ACC-YRPLDQBRRHOQWDM6Q3WWM3VAWM,TOKEN-QBWKIE2XA3FJKHU2JHSHU5UT6U,261956,settled_streaming,1,1785448041
TOKEN-JINHOEPTNHPEKKALLZRYJ5KGUU,1785448019,1785448024,ACC-YRPLDQBRRHOQWDM6Q3WWM3VAWM,TOKEN-WG3MCB6N4PEBK5W7652CVEZK6A,142841,settled_streaming,1,1785448024
TOKEN-4IZE6KL4JCRKI2LPOTI63N2HNM,1785448021,1785448025,ACC-YRPLDQBRRHOQWDM6Q3WWM3VAWM,TOKEN-5NIKB4KSOQFATMSFPUPNRVQELE,385,settled_streaming,1,1785448025
TOKEN-ADMYSTB3R5VDK5VZDUWIO3TYRQ,1785448024,1785448074,ACC-YRPLDQBRRHOQWDM6Q3WWM3VAWM,TOKEN-LXPCZDQ2LFLNEEOJ7PR7IBZJGQ,683,settled_streaming,1,1785448074
TOKEN-S2TRE65CTFP4TK2MWXX7TDPNCY,1785448024,1785448036,ACC-YRPLDQBRRHOQWDM6Q3WWM3VAWM,TOKEN-2KJ53QQNHM4UQZQGEEBF4GVWGY,28706,settled_streaming,1,1785448036
TOKEN-7XL6K75NFB2VHLJJBLQ5LSSNJU,1785448026,1785448060,ACC-YRPLDQBRRHOQWDM6Q3WWM3VAWM,TOKEN-VAGBQEPCPKHIZADP2MW2C7Z3XI,1700,settled_streaming,1,1785448060
TOKEN-W6W6ZQZRC3VIM6MLYSYMZZ3OZY,1785448026,1785448043,ACC-YRPLDQBRRHOQWDM6Q3WWM3VAWM,TOKEN-WG3MCB6N4PEBK5W7652CVEZK6A,143932,settled_streaming,1,1785448043
TOKEN-3VX74JYMTDDEJFYFMOWSD2GKQQ,1785448040,1785448048,ACC-YRPLDQBRRHOQWDM6Q3WWM3VAWM,TOKEN-XMDKHZQM7N4M4UOOPCVNLMLNCI,32120,settled_streaming,1,1785448048
TOKEN-RN7IBOCQA7T63YFWCCX47KRHWU,1785448042,1785448126,ACC-YRPLDQBRRHOQWDM6Q3WWM3VAWM,TOKEN-2KJ53QQNHM4UQZQGEEBF4GVWGY,29822,stream_interrupted_compensated,1,1785448126
TOKEN-UGGGONLOP4TBZQZSLMV2PJPGQ4,1785448045,1785448053,ACC-YRPLDQBRRHOQWDM6Q3WWM3VAWM,TOKEN-QBWKIE2XA3FJKHU2JHSHU5UT6U,266423,settled_streaming,1,1785448053
TOKEN-GJ54RLCLYV2BMMPGBMBXW2BBHA,1785448045,1785448056,ACC-YRPLDQBRRHOQWDM6Q3WWM3VAWM,TOKEN-WG3MCB6N4PEBK5W7652CVEZK6A,145583,settled_streaming,1,1785448056
TOKEN-THBTWNT5GAEHFBQHQVEWO5UVXU,1785448055,1785448062,ACC-YRPLDQBRRHOQWDM6Q3WWM3VAWM,TOKEN-QBWKIE2XA3FJKHU2JHSHU5UT6U,267396,settled_streaming,1,1785448062
TOKEN-FCW2TBO2ESXFZRYAB543IRFNS4,1785448059,1785448063,ACC-YRPLDQBRRHOQWDM6Q3WWM3VAWM,TOKEN-WG3MCB6N4PEBK5W7652CVEZK6A,146478,settled_streaming,1,1785448063
TOKEN-WTIAN6Z2DP2POF6TLZ2RXCD7JY,1785448060,1785448065,ACC-YRPLDQBRRHOQWDM6Q3WWM3VAWM,TOKEN-DHRV6TZGWJXBEQVO2F3YTISJSY,441,settled_streaming,1,1785448065
TOKEN-H6HTUHA7AF3LNFBCLXKTAV6GYI,1785448060,1785448073,ACC-YRPLDQBRRHOQWDM6Q3WWM3VAWM,TOKEN-SDWYXXYRTNO5LWYRSAPUFW7VVE,32179,settled_streaming,1,1785448073
TOKEN-KGQGWSLHW5WAUEW4O5S52JH6H4,1785448064,1785448074,ACC-YRPLDQBRRHOQWDM6Q3WWM3VAWM,TOKEN-WG3MCB6N4PEBK5W7652CVEZK6A,149355,settled_streaming,1,1785448074
TOKEN-76CJJYKAIILWF5APSYFB3SU6DU,1785448064,1785448105,ACC-YRPLDQBRRHOQWDM6Q3WWM3VAWM,TOKEN-QBWKIE2XA3FJKHU2JHSHU5UT6U,268597,settled_streaming,1,1785448105
TOKEN-I2DJLSRY4WGJEOY4UNG5ZQAVBI,1785448070,1785448106,ACC-YRPLDQBRRHOQWDM6Q3WWM3VAWM,TOKEN-7WG6CHUA6HJLLA4XNG4QBVZWTI,372000,settled_streaming,1,1785448106
TOKEN-DM4D5TZLSHIILK7NUOW3TKEOGQ,1785448075,1785448096,ACC-YRPLDQBRRHOQWDM6Q3WWM3VAWM,TOKEN-IKLZIDCSSGH7WBWQOEUULVPRWM,712,stream_interrupted_compensated,1,1785448096
TOKEN-PY5NFFH7SBBGNUNHZQZ7ZH4MF4,1785448076,1785448097,ACC-YRPLDQBRRHOQWDM6Q3WWM3VAWM,TOKEN-WG3MCB6N4PEBK5W7652CVEZK6A,150446,settled_streaming,1,1785448097
TOKEN-DPOSYZI22JWTR4YP2N57MOEKB4,1785448079,1785448092,ACC-YRPLDQBRRHOQWDM6Q3WWM3VAWM,TOKEN-SDWYXXYRTNO5LWYRSAPUFW7VVE,33425,settled_streaming,1,1785448092
TOKEN-YOEMCMHBGQCIHKG3QXZMW2ZES4,1785448090,1785448095,ACC-YRPLDQBRRHOQWDM6Q3WWM3VAWM,TOKEN-DCHXE237F4PXJCL47JS6GTCDFE,715,settled_streaming,1,1785448095
TOKEN-OXJINCQPSKUSNBOHTAH4UFQCTA,1785448093,1785448096,ACC-YRPLDQBRRHOQWDM6Q3WWM3VAWM,TOKEN-SDWYXXYRTNO5LWYRSAPUFW7VVE,34519,settled_streaming,1,1785448096
TOKEN-6STHGWSBHS7ZVAFAMXAHOBPUQI,1785448095,1785448106,ACC-YRPLDQBRRHOQWDM6Q3WWM3VAWM,TOKEN-5Y44VYQWNYCCNROKI33NSPXTZM,6185,settled_streaming,1,1785448106
TOKEN-KIZ4JNDLMO2G2HGASOZYGMZM4U,1785448097,1785448112,ACC-YRPLDQBRRHOQWDM6Q3WWM3VAWM,TOKEN-SDWYXXYRTNO5LWYRSAPUFW7VVE,35122,settled_streaming,1,1785448112
TOKEN-O2QLTLK32XAZJRG43V3T2J4G7I,1785448098,1785448105,ACC-YRPLDQBRRHOQWDM6Q3WWM3VAWM,TOKEN-WG3MCB6N4PEBK5W7652CVEZK6A,152173,settled_streaming,1,1785448105
TOKEN-ICAYP6JZY566SCNZHP2H576QUE,1785448101,1785448206,ACC-YRPLDQBRRHOQWDM6Q3WWM3VAWM,TOKEN-7LYJZ3VHRJXHW7SLGQH7C32AFI,372000,settled_streaming,1,1785448206
TOKEN-KM2LNJREFQ7PVWHU3Y4UCXESAU,1785448106,1785448113,ACC-YRPLDQBRRHOQWDM6Q3WWM3VAWM,TOKEN-WG3MCB6N4PEBK5W7652CVEZK6A,152921,settled_streaming,1,1785448113
TOKEN-LCOJAG3FO3QUFHWB57SUDFDDT4,1785448107,1785448121,ACC-YRPLDQBRRHOQWDM6Q3WWM3VAWM,TOKEN-MTM6YEITUR2GOSLOBUAWOF2NMQ,1758,settled_streaming,1,1785448121
TOKEN-GCDU7NXNZF3NCDVFPFE4WOSLWY,1785448107,1785448113,ACC-YRPLDQBRRHOQWDM6Q3WWM3VAWM,TOKEN-QBWKIE2XA3FJKHU2JHSHU5UT6U,271829,settled_streaming,1,1785448113
TOKEN-F7PSMEBEEEVNZWD4FZNZAHBWTU,1785448113,1785448172,ACC-YRPLDQBRRHOQWDM6Q3WWM3VAWM,TOKEN-7WG6CHUA6HJLLA4XNG4QBVZWTI,372000,settled_streaming,1,1785448172
TOKEN-RF3P3KRWQ74CINNJES3DJLTYSQ,1785448115,1785448125,ACC-YRPLDQBRRHOQWDM6Q3WWM3VAWM,TOKEN-QBWKIE2XA3FJKHU2JHSHU5UT6U,272522,settled_streaming,1,1785448126
TOKEN-NK54YFYG5WEEPKJVCITFC6ZMTM,1785448116,1785448122,ACC-YRPLDQBRRHOQWDM6Q3WWM3VAWM,TOKEN-WG3MCB6N4PEBK5W7652CVEZK6A,153862,settled_streaming,1,1785448122
TOKEN-OT6LPV6OWEEJ23VBO4ULIFVHLI,1785448121,1785448126,ACC-YRPLDQBRRHOQWDM6Q3WWM3VAWM,TOKEN-MZLP6FML44VIAC3SAFQVOCLJJI,437,settled_streaming,1,1785448126
TOKEN-O4OZ7D3LXL2IZ2QDK6AY3VIXKU,1785448123,1785448135,ACC-YRPLDQBRRHOQWDM6Q3WWM3VAWM,TOKEN-WG3MCB6N4PEBK5W7652CVEZK6A,154704,settled_streaming,1,1785448135
TOKEN-AEAWEZPZ7GMNQG43EMAJRL3DMM,1785448127,1785448155,ACC-YRPLDQBRRHOQWDM6Q3WWM3VAWM,TOKEN-2EMZM77CKWN5CEXMVIEUN4CFTY,471,settled_streaming,1,1785448155
TOKEN-WDS7SMAOPH3KBJJWUDH7ZJKWRA,1785448129,1785448150,ACC-YRPLDQBRRHOQWDM6Q3WWM3VAWM,TOKEN-QBWKIE2XA3FJKHU2JHSHU5UT6U,273596,settled_streaming,1,1785448150
TOKEN-6G7QSXFFPLN5EY5AVYJROTDS2M,1785448139,1785448150,ACC-YRPLDQBRRHOQWDM6Q3WWM3VAWM,TOKEN-WG3MCB6N4PEBK5W7652CVEZK6A,156951,settled_streaming,1,1785448150
TOKEN-U75KYVT44OVVX2GGJUNNJR6Z4E,1785448152,1785448165,ACC-YRPLDQBRRHOQWDM6Q3WWM3VAWM,TOKEN-WG3MCB6N4PEBK5W7652CVEZK6A,158862,settled_streaming,1,1785448165
TOKEN-MFSWZG24LBLYCYUDLXP3A4BEOQ,1785448155,1785448186,ACC-YRPLDQBRRHOQWDM6Q3WWM3VAWM,TOKEN-LLWIVKQWLB5WNNTRAOZAT5OE4Y,402,settled_streaming,1,1785448186
TOKEN-I4EUPYMO3DHOXHTKPGHOCDXTW4,1785448161,1785448164,ACC-YRPLDQBRRHOQWDM6Q3WWM3VAWM,TOKEN-QBWKIE2XA3FJKHU2JHSHU5UT6U,274907,settled_streaming,1,1785448164
TOKEN-GN7RTWDQYB4LINFU5MZMCRXF2Q,1785448165,1785448173,ACC-YRPLDQBRRHOQWDM6Q3WWM3VAWM,TOKEN-WG3MCB6N4PEBK5W7652CVEZK6A,159668,settled_streaming,1,1785448174
TOKEN-75XRMZ5G6UYBDR5QJUX67SHQYQ,1785448177,1785448183,ACC-YRPLDQBRRHOQWDM6Q3WWM3VAWM,TOKEN-WG3MCB6N4PEBK5W7652CVEZK6A,160504,settled_streaming,1,1785448183
TOKEN-2Z77UNI4KITL5J3ORFDOANTFIQ,1785448180,1785448193,ACC-YRPLDQBRRHOQWDM6Q3WWM3VAWM,TOKEN-QBWKIE2XA3FJKHU2JHSHU5UT6U,275622,settled_streaming,1,1785448193
TOKEN-NI3OKS2TABW7JPRIQ7L2LOSDI4,1785448180,1785448210,ACC-YRPLDQBRRHOQWDM6Q3WWM3VAWM,TOKEN-7WG6CHUA6HJLLA4XNG4QBVZWTI,372000,settled_streaming,1,1785448210
TOKEN-EIXWIMLZW3SKWDT4Y5FEY6RVNU,1785448186,1785448193,ACC-YRPLDQBRRHOQWDM6Q3WWM3VAWM,TOKEN-WG3MCB6N4PEBK5W7652CVEZK6A,161387,settled_streaming,1,1785448193
TOKEN-KCM4BJFX5QZCUPCPLIA4XFQMII,1785448186,1785448191,ACC-YRPLDQBRRHOQWDM6Q3WWM3VAWM,TOKEN-D4SHW4QGYWBYRG67MTK3RZCA7Q,459,settled_streaming,1,1785448191
TOKEN-LEB4KQCYTKSHFWKES4FADNCK6U,1785448191,1785448194,ACC-YRPLDQBRRHOQWDM6Q3WWM3VAWM,TOKEN-WLWHQTITGSBL2FGGTJPBZBD27M,557,settled_streaming,1,1785448194
TOKEN-MOM57L62HZEGGETPZJAQJDLW5E,1785448194,1785448203,ACC-YRPLDQBRRHOQWDM6Q3WWM3VAWM,TOKEN-NNARXXXQPNUXTUSCW5JH3YD4MA,13466,settled_streaming,1,1785448203
TOKEN-AYFJ5VKVVTDZGXSZ73V56VXVQA,1785448194,1785448201,ACC-YRPLDQBRRHOQWDM6Q3WWM3VAWM,TOKEN-JPLF5VB2FG5XGWTGIE3WFUDA6Y,561,settled_streaming,1,1785448201
TOKEN-6PVYOUOB2DFCHFV43SQ2OE76IA,1785448196,1785448204,ACC-YRPLDQBRRHOQWDM6Q3WWM3VAWM,TOKEN-WG3MCB6N4PEBK5W7652CVEZK6A,162609,settled_streaming,1,1785448204
TOKEN-7UN3QL663EFUXT4YIDPVJ53LBE,1785448201,1785448213,ACC-YRPLDQBRRHOQWDM6Q3WWM3VAWM,TOKEN-3UGNA7SQT6TNECVUIPPPSBASAM,3306,settled_streaming,1,1785448213
TOKEN-Z4PDI5KIKD77QNKD75DHCG6EOQ,1785448204,1785448210,ACC-YRPLDQBRRHOQWDM6Q3WWM3VAWM,TOKEN-QBWKIE2XA3FJKHU2JHSHU5UT6U,276522,settled_streaming,1,1785448210
TOKEN-U2O4GRPFOSTY3M7KIG5AHDY2WM,1785448205,1785448225,ACC-YRPLDQBRRHOQWDM6Q3WWM3VAWM,TOKEN-WG3MCB6N4PEBK5W7652CVEZK6A,163523,settled_streaming,1,1785448225
TOKEN-RGTN2N4UWP4HFDE7DQKQJRE2WU,1785448205,1785448207,ACC-YRPLDQBRRHOQWDM6Q3WWM3VAWM,TOKEN-NNARXXXQPNUXTUSCW5JH3YD4MA,14477,settled_streaming,1,1785448207
TOKEN-YVYPMOVQUOL74LEZDXZ526HK4I,1785448206,1785448211,ACC-YRPLDQBRRHOQWDM6Q3WWM3VAWM,TOKEN-RTVK2FIMFQRJ2ZB4KFDVDMA4SA,418,settled_streaming,1,1785448211
TOKEN-BHTZUS7S5XI6STS6UZ57DC464E,1785448211,1785448228,ACC-YRPLDQBRRHOQWDM6Q3WWM3VAWM,TOKEN-7Q5E77WDSVUC5IDQY2K4727ZZA,434,settled_streaming,1,1785448228
TOKEN-DTMAGOXP3PG2MYBMGL22XAN7CI,1785448213,1785448247,ACC-YRPLDQBRRHOQWDM6Q3WWM3VAWM,TOKEN-2QMFJRWAMOXJ3LHRWOORDQXPAI,793,settled_streaming,1,1785448247
TOKEN-EOJBCHXU7LOHTFODHZMUFV4WIY,1785448217,1785448261,ACC-YRPLDQBRRHOQWDM6Q3WWM3VAWM,TOKEN-7WG6CHUA6HJLLA4XNG4QBVZWTI,372000,settled_streaming,1,1785448261
TOKEN-ZRG2QTP236WM6DDB6P5YJNZHRU,1785448223,1785448240,ACC-YRPLDQBRRHOQWDM6Q3WWM3VAWM,TOKEN-QBWKIE2XA3FJKHU2JHSHU5UT6U,277358,settled_streaming,1,1785448240
TOKEN-X6BOFL4SV5G7OPFMRVUU2EQOJQ,1785448228,1785448238,ACC-YRPLDQBRRHOQWDM6Q3WWM3VAWM,TOKEN-WG3MCB6N4PEBK5W7652CVEZK6A,164978,settled_streaming,1,1785448238
TOKEN-FHUUDGFROVO7HBQU5NRJY3CB2A,1785448228,1785448236,ACC-YRPLDQBRRHOQWDM6Q3WWM3VAWM,TOKEN-MFYBIQ7X3NFTPGKFGXJGMQNRWY,420,settled_streaming,1,1785448236
TOKEN-ZFPBJCDUR2MMBBB3KWT5P4NVUY,1785448238,1785448247,ACC-YRPLDQBRRHOQWDM6Q3WWM3VAWM,TOKEN-OU7WAJUEWOQKUNXIMEJ2MWXL5Y,608,settled_streaming,1,1785448247
TOKEN-RI7GSID7BUIAMA3V7OC2O6PPPU,1785448240,1785448246,ACC-YRPLDQBRRHOQWDM6Q3WWM3VAWM,TOKEN-WG3MCB6N4PEBK5W7652CVEZK6A,166468,settled_streaming,1,1785448246
TOKEN-LUPOI4NJSPQU3UPRZFG4GYZ5KI,1785448241,1785448252,ACC-YRPLDQBRRHOQWDM6Q3WWM3VAWM,TOKEN-YVBKXBXPWWEI54LEKBRBFUVUIU,13696,settled_streaming,1,1785448252
TOKEN-UOV56T4SPGR22DUGWRU6DARH34,1785448241,1785448251,ACC-YRPLDQBRRHOQWDM6Q3WWM3VAWM,TOKEN-WHQX3SXWPTIVY3M5X76RPD2GN4,13726,settled_streaming,1,1785448251
TOKEN-OQTBPX6FSBLOXWPTU3E3XZRUSA,1785448241,1785448247,ACC-YRPLDQBRRHOQWDM6Q3WWM3VAWM,TOKEN-ZOU7VSMCOQDPWMMJQ6ZS7I22XM,13732,settled_streaming,1,1785448247
TOKEN-JENAKHDQRXBVJ6B553MOIOWTRQ,1785448245,1785448335,ACC-YRPLDQBRRHOQWDM6Q3WWM3VAWM,TOKEN-QBWKIE2XA3FJKHU2JHSHU5UT6U,278899,settled_streaming,1,1785448335
TOKEN-DTUNZ5YY6PLLX24ZHN4BZASMBY,1785448247,1785448262,ACC-YRPLDQBRRHOQWDM6Q3WWM3VAWM,TOKEN-KDMGSSVE4TTVJ3FBJD2KA3K5CE,400,settled_streaming,1,1785448262
TOKEN-RC4JDGHBM3F43UD5UZEHIY5SRE,1785448247,1785448258,ACC-YRPLDQBRRHOQWDM6Q3WWM3VAWM,TOKEN-WG3MCB6N4PEBK5W7652CVEZK6A,168076,settled_streaming,1,1785448258
TOKEN-PZJHEBKZTZJ4BZ2REQKP5GJG5U,1785448248,1785448254,ACC-YRPLDQBRRHOQWDM6Q3WWM3VAWM,TOKEN-ZOU7VSMCOQDPWMMJQ6ZS7I22XM,14398,settled_streaming,1,1785448254
TOKEN-7FPEGMYKC26K7KHS7BL6VPP2TQ,1785448248,1785448258,ACC-YRPLDQBRRHOQWDM6Q3WWM3VAWM,TOKEN-M5BW3DHQWT6F4LVG7ZIQ243SNM,887,settled_streaming,1,1785448258
TOKEN-GEP4MOZF6YKVTJQMQK5OCWS6T4,1785448252,1785448268,ACC-YRPLDQBRRHOQWDM6Q3WWM3VAWM,TOKEN-WHQX3SXWPTIVY3M5X76RPD2GN4,23118,settled_streaming,1,1785448268
TOKEN-2ERMSDIC7I6Z2W2SYH5APU6LH4,1785448253,1785448253,ACC-YRPLDQBRRHOQWDM6Q3WWM3VAWM,TOKEN-NKTW6Q3FRV2DRCSQ5RFHRNE76M,379,websocket_fallback_context_recovering,0,0
TOKEN-ED5EZAN66HEQHYQ7NVJ6ILDCIY,1785448253,1785448260,ACC-YRPLDQBRRHOQWDM6Q3WWM3VAWM,TOKEN-TZ4TT4UK3NCOI2PEEE3FDMIGPQ,372000,settled_streaming,1,1785448260
TOKEN-D2G2GAZN5KQ5YUKNZKJPQLD5FU,1785448253,1785448260,ACC-YRPLDQBRRHOQWDM6Q3WWM3VAWM,TOKEN-YVBKXBXPWWEI54LEKBRBFUVUIU,23059,settled_streaming,1,1785448260
TOKEN-HEMFKETNL7EVF6NTENVMKYBDW4,1785448255,1785448264,ACC-YRPLDQBRRHOQWDM6Q3WWM3VAWM,TOKEN-ZOU7VSMCOQDPWMMJQ6ZS7I22XM,24960,settled_streaming,1,1785448264
TOKEN-CR2P5ZFFVIH25Z4PXV5N6A2S7Q,1785448258,1785448262,ACC-YRPLDQBRRHOQWDM6Q3WWM3VAWM,TOKEN-W566V6RZXDHNDU6AFGDIS2JL5M,2399,settled_streaming,1,1785448262
TOKEN-TN2ICJ4PZD24W23A6ORSWM6E6U,1785448260,1785448283,ACC-YRPLDQBRRHOQWDM6Q3WWM3VAWM,TOKEN-WG3MCB6N4PEBK5W7652CVEZK6A,177763,settled_streaming,1,1785448283
TOKEN-CSP5RHSGQW6C7UMKJTTALRNQSE,1785448262,1785448272,ACC-YRPLDQBRRHOQWDM6Q3WWM3VAWM,TOKEN-JZBJHCORN74KZP2G2OLGM5G46A,3355,settled_streaming,1,1785448272
TOKEN-YMF27Y4OTYYAD3SKEZBJG2SLJE,1785448262,1785448266,ACC-YRPLDQBRRHOQWDM6Q3WWM3VAWM,TOKEN-RUSPLH6PSUFU5RKAINZVUQ4VW4,400,settled_streaming,1,1785448266
TOKEN-TT5ERCNA56MMNCYAXHZ7DH76NE,1785448262,1785448268,ACC-YRPLDQBRRHOQWDM6Q3WWM3VAWM,TOKEN-YVBKXBXPWWEI54LEKBRBFUVUIU,33971,settled_streaming,1,1785448268
TOKEN-XNT3VUQ6U62POLSN57N6WSWFEE,1785448265,1785448269,ACC-YRPLDQBRRHOQWDM6Q3WWM3VAWM,TOKEN-ZOU7VSMCOQDPWMMJQ6ZS7I22XM,33418,settled_streaming,1,1785448269
TOKEN-BW56V2XQUFFRIGEXQUPPPWRCII,1785448266,1785448272,ACC-YRPLDQBRRHOQWDM6Q3WWM3VAWM,TOKEN-5CINX66P4QXKEYKY3RLLHDKDVM,523,settled_streaming,1,1785448272
TOKEN-URXTRT76UWWKWVPXPM6MVABAXE,1785448268,1785448357,ACC-YRPLDQBRRHOQWDM6Q3WWM3VAWM,TOKEN-7WG6CHUA6HJLLA4XNG4QBVZWTI,372000,settled_streaming,1,1785448357
TOKEN-SPHNHZNHR7UBBDDM4T2EVECEOE,1785448269,1785448273,ACC-YRPLDQBRRHOQWDM6Q3WWM3VAWM,TOKEN-YVBKXBXPWWEI54LEKBRBFUVUIU,41174,settled_streaming,1,1785448273
TOKEN-FK76GKCU2KPEZ7SME7MYITDIHA,1785448270,1785448278,ACC-YRPLDQBRRHOQWDM6Q3WWM3VAWM,TOKEN-WHQX3SXWPTIVY3M5X76RPD2GN4,34407,settled_streaming,1,1785448278
TOKEN-YVYWSE2IDDOG65KNCC65MY3W6U,1785448271,1785448275,ACC-YRPLDQBRRHOQWDM6Q3WWM3VAWM,TOKEN-ZOU7VSMCOQDPWMMJQ6ZS7I22XM,41689,settled_streaming,1,1785448275
TOKEN-JJCTFR6EMMDKZGD6YMO2VQV2BQ,1785448272,1785448286,ACC-YRPLDQBRRHOQWDM6Q3WWM3VAWM,TOKEN-XACQE7S7NH3MXXUGH6G3YGX4TA,2228,settled_streaming,1,1785448286
TOKEN-ZIAMWX7BMHTVDBQZJWOTZLH4CU,1785448272,1785448279,ACC-YRPLDQBRRHOQWDM6Q3WWM3VAWM,TOKEN-ZFXQFFTET4FGEX2KRFMWHTWO4I,2487,settled_streaming,1,1785448279
TOKEN-BKJIIDE7EMBXY5XVCLIX267FNU,1785448275,1785448279,ACC-YRPLDQBRRHOQWDM6Q3WWM3VAWM,TOKEN-YVBKXBXPWWEI54LEKBRBFUVUIU,47947,settled_streaming,1,1785448279
TOKEN-YQ5HJ2S2PIU5IMDYNXTWPGOGCE,1785448277,1785448281,ACC-YRPLDQBRRHOQWDM6Q3WWM3VAWM,TOKEN-ZOU7VSMCOQDPWMMJQ6ZS7I22XM,49609,settled_streaming,1,1785448281
TOKEN-4B3LEQ2ZKT4RMNRAVDIGYUA7NQ,1785448279,1785448282,ACC-YRPLDQBRRHOQWDM6Q3WWM3VAWM,TOKEN-WHQX3SXWPTIVY3M5X76RPD2GN4,41729,settled_streaming,1,1785448282
TOKEN-DHO5H7LY5LZCZL4HJNBYKOD254,1785448280,1785448283,ACC-YRPLDQBRRHOQWDM6Q3WWM3VAWM,TOKEN-YVBKXBXPWWEI54LEKBRBFUVUIU,54646,settled_streaming,1,1785448283
TOKEN-EOHVZ4QTQKM5ZQN7S4ANRKDV7E,1785448280,1785448284,ACC-YRPLDQBRRHOQWDM6Q3WWM3VAWM,TOKEN-2B2CO34TB6RN2XXU65YGSDUAOU,390,settled_streaming,1,1785448284
TOKEN-DCILLAMYAP7EYNTHDHZJHKYV4Q,1785448280,1785448362,ACC-YRPLDQBRRHOQWDM6Q3WWM3VAWM,TOKEN-BNIGWKV2IHMSVAPR4TTLPUM2DA,38796,settled_streaming,1,1785448362
TOKEN-Q356SO4UMYJB3QPKQAF37KZ6KA,1785448282,1785448286,ACC-YRPLDQBRRHOQWDM6Q3WWM3VAWM,TOKEN-ZOU7VSMCOQDPWMMJQ6ZS7I22XM,57606,settled_streaming,1,1785448286
TOKEN-JEMA7ZSZUDSPIECNAECM3DP43Y,1785448284,1785448292,ACC-YRPLDQBRRHOQWDM6Q3WWM3VAWM,TOKEN-WG3MCB6N4PEBK5W7652CVEZK6A,179327,settled_streaming,1,1785448292
TOKEN-R6TA7GMM5RRET6JMKTHQODTDEA,1785448284,1785448287,ACC-YRPLDQBRRHOQWDM6Q3WWM3VAWM,TOKEN-WHQX3SXWPTIVY3M5X76RPD2GN4,48502,settled_streaming,1,1785448287
TOKEN-AX53QVVJ3NGXS5U2TXNUBDL3FY,1785448284,1785448321,ACC-YRPLDQBRRHOQWDM6Q3WWM3VAWM,TOKEN-3Z5NZKKAWL3T2C6EJG3PVNSKEY,2659,settled_streaming,1,1785448321
TOKEN-ZC2PTKYEAJHLL7EZBMPWK7AXPI,1785448285,1785448289,ACC-YRPLDQBRRHOQWDM6Q3WWM3VAWM,TOKEN-YVBKXBXPWWEI54LEKBRBFUVUIU,61468,settled_streaming,1,1785448289
TOKEN-4T7T53IYOE75MM26HVX2YNIZTY,1785448286,1785448352,ACC-YRPLDQBRRHOQWDM6Q3WWM3VAWM,TOKEN-JRKAHE7TDAN5VJV3TWYWIVN6AE,10516,settled_streaming,1,1785448352
TOKEN-KDWBXWGDSULJ7VJYBH66WPWO6Q,1785448288,1785448333,ACC-YRPLDQBRRHOQWDM6Q3WWM3VAWM,TOKEN-ZOU7VSMCOQDPWMMJQ6ZS7I22XM,64650,settled_streaming,1,1785448333
TOKEN-3QAREOHQITBP5JG25LLPKYLWCM,1785448289,1785448293,ACC-YRPLDQBRRHOQWDM6Q3WWM3VAWM,TOKEN-WHQX3SXWPTIVY3M5X76RPD2GN4,55201,settled_streaming,1,1785448293
TOKEN-XJMJ6CUS5NH6LID2C6AE2VQIN4,1785448291,1785448351,ACC-YRPLDQBRRHOQWDM6Q3WWM3VAWM,TOKEN-YVBKXBXPWWEI54LEKBRBFUVUIU,65933,settled_streaming,1,1785448351
TOKEN-44JBIQC7ERXUBL3ITK4PRTEM6Y,1785448294,1785448302,ACC-YRPLDQBRRHOQWDM6Q3WWM3VAWM,TOKEN-WG3MCB6N4PEBK5W7652CVEZK6A,180379,settled_streaming,1,1785448302
TOKEN-KNM6TBWBXWRE7ZFEYSXHFAB24Y,1785448294,1785448298,ACC-YRPLDQBRRHOQWDM6Q3WWM3VAWM,TOKEN-WHQX3SXWPTIVY3M5X76RPD2GN4,62022,settled_streaming,1,1785448298
TOKEN-RMBRYROGHQS3RI3EKHYEMMVPAE,1785448300,1785448317,ACC-YRPLDQBRRHOQWDM6Q3WWM3VAWM,TOKEN-WHQX3SXWPTIVY3M5X76RPD2GN4,66493,settled_streaming,1,1785448317
TOKEN-QUVOTOBPWVT7BRDJYGYAZMRTA4,1785448305,1785448311,ACC-YRPLDQBRRHOQWDM6Q3WWM3VAWM,TOKEN-WG3MCB6N4PEBK5W7652CVEZK6A,181144,settled_streaming,1,1785448311
TOKEN-NZE6B2DRSR4F3V7UPODIXKK4Z4,1785448313,1785448327,ACC-YRPLDQBRRHOQWDM6Q3WWM3VAWM,TOKEN-WG3MCB6N4PEBK5W7652CVEZK6A,183770,settled_streaming,1,1785448327
TOKEN-7MOYNM4XTSFHURKB6A2Q2VROOE,1785448321,1785448343,ACC-YRPLDQBRRHOQWDM6Q3WWM3VAWM,TOKEN-555O5XL2FTP4K7QMNUJSB7TWSI,524,settled_streaming,1,1785448343
TOKEN-YSZN75LX4FDUM3MYIQ74NZD2T4,1785448324,1785448330,ACC-YRPLDQBRRHOQWDM6Q3WWM3VAWM,TOKEN-WHQX3SXWPTIVY3M5X76RPD2GN4,67821,settled_streaming,1,1785448330
TOKEN-WISQJX6NRY24PTE2DNPJFSJPRU,1785448327,1785448338,ACC-YRPLDQBRRHOQWDM6Q3WWM3VAWM,TOKEN-WG3MCB6N4PEBK5W7652CVEZK6A,184551,settled_streaming,1,1785448338
TOKEN-4UDOFAWPO6SZL4C4XRVA3JG76I,1785448336,1785448344,ACC-YRPLDQBRRHOQWDM6Q3WWM3VAWM,TOKEN-QBWKIE2XA3FJKHU2JHSHU5UT6U,21202,settled_streaming,1,1785448344
TOKEN-P2AAUN2ZHRG6LJMMENSARS467Q,1785448337,1785448346,ACC-YRPLDQBRRHOQWDM6Q3WWM3VAWM,TOKEN-WHQX3SXWPTIVY3M5X76RPD2GN4,68476,settled_streaming,1,1785448346
TOKEN-BYPXSV6TIDIV33IFVLI6MPFEFY,1785448340,1785448349,ACC-YRPLDQBRRHOQWDM6Q3WWM3VAWM,TOKEN-ZOU7VSMCOQDPWMMJQ6ZS7I22XM,67909,settled_streaming,1,1785448349
TOKEN-4USYLOJS4H2T5PJ4N3JNMGR7HE,1785448341,1785448349,ACC-YRPLDQBRRHOQWDM6Q3WWM3VAWM,TOKEN-WG3MCB6N4PEBK5W7652CVEZK6A,185615,settled_streaming,1,1785448349
TOKEN-XDAPSLJEUS6YZMRMWSZ2D3DU5M,1785448343,1785448349,ACC-YRPLDQBRRHOQWDM6Q3WWM3VAWM,TOKEN-Z74QE5RJVAM4VWJRYZ2ZCNLUNU,403,settled_streaming,1,1785448349
TOKEN-GRD6CQKDX5MQPDYA6XC4P4PIK4,1785448345,1785448350,ACC-YRPLDQBRRHOQWDM6Q3WWM3VAWM,TOKEN-QBWKIE2XA3FJKHU2JHSHU5UT6U,22904,settled_streaming,1,1785448350
TOKEN-6LX4BYDUNDDA6BCO3T7X43EI6I,1785448349,1785448364,ACC-YRPLDQBRRHOQWDM6Q3WWM3VAWM,TOKEN-2I5RKTSNET6HPDBNNUHYLQZVJM,1164,settled_streaming,1,1785448364
TOKEN-YWHVZ3L3EKY5EQ3WD5PFVXWWKI,1785448350,1785448363,ACC-YRPLDQBRRHOQWDM6Q3WWM3VAWM,TOKEN-WG3MCB6N4PEBK5W7652CVEZK6A,186357,settled_streaming,1,1785448363
TOKEN-FQFUQHC55LC75FIV5TBGZ2W3K4,1785448351,1785448359,ACC-YRPLDQBRRHOQWDM6Q3WWM3VAWM,TOKEN-QBWKIE2XA3FJKHU2JHSHU5UT6U,23920,settled_streaming,1,1785448359
TOKEN-7UVTLL3UBB333NQIGD4RDRJFVE,1785448353,1785448357,ACC-YRPLDQBRRHOQWDM6Q3WWM3VAWM,TOKEN-ZOU7VSMCOQDPWMMJQ6ZS7I22XM,69104,settled_streaming,1,1785448357
TOKEN-XR4LRSYEFSA4ENND4D3ENCZUA4,1785448353,1785448374,ACC-YRPLDQBRRHOQWDM6Q3WWM3VAWM,TOKEN-74VE7VKSZXLXR2LO5DH5IAZH5Q,420,settled_streaming,1,1785448374
TOKEN-YADHZLBRZANZET5B7FEPX7EF3M,1785448358,1785448367,ACC-YRPLDQBRRHOQWDM6Q3WWM3VAWM,TOKEN-YVBKXBXPWWEI54LEKBRBFUVUIU,69506,settled_streaming,1,1785448367
TOKEN-IYVZ33LZQKDUCEQTHGPTOJXS5Q,1785448359,1785448368,ACC-YRPLDQBRRHOQWDM6Q3WWM3VAWM,TOKEN-ZOU7VSMCOQDPWMMJQ6ZS7I22XM,69639,settled_streaming,1,1785448368
TOKEN-TRCTQIU3WGLIRVJ4BIMZNSHIAY,1785448360,1785448366,ACC-YRPLDQBRRHOQWDM6Q3WWM3VAWM,TOKEN-QBWKIE2XA3FJKHU2JHSHU5UT6U,25354,settled_streaming,1,1785448366
TOKEN-VMYIBMFOOUSGOB7GLZRSR2FMGQ,1785448364,1785448369,ACC-YRPLDQBRRHOQWDM6Q3WWM3VAWM,TOKEN-XRKDH5VQG62WZUJT3QOHL3YIBM,403,settled_streaming,1,1785448369
TOKEN-VX5HDPHWS5QLR4KSSA5MPZEND4,1785448364,1785448395,ACC-YRPLDQBRRHOQWDM6Q3WWM3VAWM,TOKEN-7WG6CHUA6HJLLA4XNG4QBVZWTI,372000,settled_streaming,1,1785448395
TOKEN-YV6XLQKOTOGIV33X2QTWXK7FCA,1785448364,1785448376,ACC-YRPLDQBRRHOQWDM6Q3WWM3VAWM,TOKEN-WG3MCB6N4PEBK5W7652CVEZK6A,188251,settled_streaming,1,1785448376
TOKEN-GZMCA2BHHBTKOY4OEAHV3DIGXY,1785448364,1785448436,ACC-YRPLDQBRRHOQWDM6Q3WWM3VAWM,TOKEN-BNIGWKV2IHMSVAPR4TTLPUM2DA,45342,settled_streaming,1,1785448436
TOKEN-WDHA6BXJORSCUEZXYTXEB4NDBA,1785448367,1785448386,ACC-YRPLDQBRRHOQWDM6Q3WWM3VAWM,TOKEN-QBWKIE2XA3FJKHU2JHSHU5UT6U,26471,settled_streaming,1,1785448386
TOKEN-L4WT3DVRZREENCUDUKGXNCKJM4,1785448369,1785448535,ACC-YRPLDQBRRHOQWDM6Q3WWM3VAWM,TOKEN-3TB3UWILHDWZNJVFNHKBWMGPC4,46184,settled_streaming,1,1785448535
TOKEN-RB7MOQC6LDBNAGN66LT3G2XX3M,1785448370,1785448378,ACC-YRPLDQBRRHOQWDM6Q3WWM3VAWM,TOKEN-WHQX3SXWPTIVY3M5X76RPD2GN4,68476,settled_streaming,1,1785448378
TOKEN-6D5LN6IOMG7VCNNSMYC62L2UUA,1785448370,1785448376,ACC-YRPLDQBRRHOQWDM6Q3WWM3VAWM,TOKEN-37FEAKZ6XV2T4QUFNFGKXFRYPM,989,settled_streaming,1,1785448376
TOKEN-JHB4EOAXP6NJOCDSAWYSAHUKSM,1785448371,1785448379,ACC-YRPLDQBRRHOQWDM6Q3WWM3VAWM,TOKEN-ZOU7VSMCOQDPWMMJQ6ZS7I22XM,70698,settled_streaming,1,1785448379
TOKEN-PXTXAPYRTZHFHHQRA4IV7TLM6Y,1785448374,1785448384,ACC-YRPLDQBRRHOQWDM6Q3WWM3VAWM,TOKEN-DXHVNOBVWDH7NDFNG4IGLWZI2M,420,settled_streaming,1,1785448384
TOKEN-4F46X7F7YT3P24KMQ3YGG5V6PY,1785448376,1785448385,ACC-YRPLDQBRRHOQWDM6Q3WWM3VAWM,TOKEN-ZZFZEZT4GBHP6E4WLB72VC7AUM,787,settled_streaming,1,1785448385
TOKEN-SHWV7O4EEE2L6T6ETB4I3L3WOI,1785448379,1785448386,ACC-YRPLDQBRRHOQWDM6Q3WWM3VAWM,TOKEN-WG3MCB6N4PEBK5W7652CVEZK6A,189154,settled_streaming,1,1785448386
TOKEN-P4FFAFTR3RCI5RMFJDELF7MNZQ,1785448379,1785448393,ACC-YRPLDQBRRHOQWDM6Q3WWM3VAWM,TOKEN-YVBKXBXPWWEI54LEKBRBFUVUIU,73527,settled_streaming,1,1785448393
TOKEN-POCYAFD2X3IB7NRCB4VXZTS6GU,1785448382,1785448591,ACC-YRPLDQBRRHOQWDM6Q3WWM3VAWM,TOKEN-X3CWM6A3XQNHPXDXFQ5HDV6TWM,45997,settled_streaming,1,1785448591
TOKEN-SZ4MFD5UBMMXDHQS34CBGWA2XE,1785448383,1785448390,ACC-YRPLDQBRRHOQWDM6Q3WWM3VAWM,TOKEN-WHQX3SXWPTIVY3M5X76RPD2GN4,70476,settled_streaming,1,1785448390
TOKEN-LMFYA4HMFL36MPTM7TN6ENQVX4,1785448384,1785448477,ACC-YRPLDQBRRHOQWDM6Q3WWM3VAWM,TOKEN-FCROYVTYJNLMP2CS4NBDYPXT3Y,507,settled_streaming,1,1785448477
TOKEN-DGVB3ZRIBTNVBHF64HJO54MSJ4,1785448385,1785448390,ACC-YRPLDQBRRHOQWDM6Q3WWM3VAWM,TOKEN-B2CSQ2HG7QDX7BGRVRGE2ISXHU,388,settled_streaming,1,1785448390
TOKEN-FQUAZT6POUJ3TMM7ZQLH2WAFAM,1785448388,1785448394,ACC-YRPLDQBRRHOQWDM6Q3WWM3VAWM,TOKEN-WG3MCB6N4PEBK5W7652CVEZK6A,189965,settled_streaming,1,1785448394
TOKEN-UNDK5M3ODVY5ZI3VIMJG6IMVWQ,1785448390,1785448400,ACC-YRPLDQBRRHOQWDM6Q3WWM3VAWM,TOKEN-SOJCLM43RUYJVUQGQQUYVOYWMU,960,settled_streaming,1,1785448400
TOKEN-DTQYEEVTJK3OJV2K3Z3JMDINVM,1785448390,1785448397,ACC-YRPLDQBRRHOQWDM6Q3WWM3VAWM,TOKEN-QBWKIE2XA3FJKHU2JHSHU5UT6U,27898,settled_streaming,1,1785448397
TOKEN-UG5EKECQIK3IYSBM5IATPC4ZUI,1785448392,1785448394,ACC-YRPLDQBRRHOQWDM6Q3WWM3VAWM,TOKEN-ZOU7VSMCOQDPWMMJQ6ZS7I22XM,71406,settled_streaming,1,1785448394
TOKEN-KHL7HOV5UBLYVS6WIGTL5XAFOY,1785448395,1785448399,ACC-YRPLDQBRRHOQWDM6Q3WWM3VAWM,TOKEN-WHQX3SXWPTIVY3M5X76RPD2GN4,72451,settled_streaming,1,1785448399
TOKEN-SOG6FU6S4X5SLON6N5FZ637RR4,1785448396,1785448403,ACC-YRPLDQBRRHOQWDM6Q3WWM3VAWM,TOKEN-WG3MCB6N4PEBK5W7652CVEZK6A,190957,settled_streaming,1,1785448403
TOKEN-X3LALXAGOUATBC46HACYT2PMCM,1785448400,1785448407,ACC-YRPLDQBRRHOQWDM6Q3WWM3VAWM,TOKEN-QBWKIE2XA3FJKHU2JHSHU5UT6U,28775,settled_streaming,1,1785448407
TOKEN-6ZVXWQN7VPBOC3JWXVYDYKCSSI,1785448401,1785448405,ACC-YRPLDQBRRHOQWDM6Q3WWM3VAWM,TOKEN-JIYGQB7ZXOBIPH3S7INJ7MRC4A,393,settled_streaming,1,1785448405
TOKEN-S3DNSUBXDGUQHHY6V6XYBSO2PI,1785448401,1785448412,ACC-YRPLDQBRRHOQWDM6Q3WWM3VAWM,TOKEN-WHQX3SXWPTIVY3M5X76RPD2GN4,72987,settled_streaming,1,1785448412
TOKEN-PLHJHE5DQQYRVSIMZJURMLUO3A,1785448402,1785448466,ACC-YRPLDQBRRHOQWDM6Q3WWM3VAWM,TOKEN-7WG6CHUA6HJLLA4XNG4QBVZWTI,372000,settled_streaming,1,1785448466
TOKEN-2EVG7BPQHV2COHAUNSE5JXFYKM,1785448406,1785448412,ACC-YRPLDQBRRHOQWDM6Q3WWM3VAWM,TOKEN-YVBKXBXPWWEI54LEKBRBFUVUIU,74296,settled_streaming,1,1785448412
TOKEN-CKEK3J35YWDA2YJCTWMJG2F64U,1785448406,1785448418,ACC-YRPLDQBRRHOQWDM6Q3WWM3VAWM,TOKEN-XDKTRWP5WGNFMPBHL6OBU2MPDQ,1201,settled_streaming,1,1785448418
TOKEN-T6YGMGXCPDYEDXKBTJDYL77QGI,1785448406,1785448412,ACC-YRPLDQBRRHOQWDM6Q3WWM3VAWM,TOKEN-WG3MCB6N4PEBK5W7652CVEZK6A,191844,settled_streaming,1,1785448412
TOKEN-SWQPL6XLZLKOH5GXCXWXQ24OBE,1785448410,1785448419,ACC-YRPLDQBRRHOQWDM6Q3WWM3VAWM,TOKEN-QBWKIE2XA3FJKHU2JHSHU5UT6U,38541,settled_streaming,1,1785448419
TOKEN-D757M6T3NH4BWJ5M7HAKH4UIRQ,1785448413,1785448418,ACC-YRPLDQBRRHOQWDM6Q3WWM3VAWM,TOKEN-WG3MCB6N4PEBK5W7652CVEZK6A,192450,settled_streaming,1,1785448418
TOKEN-RFXSB7XVLU5BQSXN2LIHD3MKMI,1785448414,1785448421,ACC-YRPLDQBRRHOQWDM6Q3WWM3VAWM,TOKEN-YVBKXBXPWWEI54LEKBRBFUVUIU,75676,settled_streaming,1,1785448421
TOKEN-N5V6ZWIBSY42Q5OBFNGSHMIGPU,1785448417,1785448425,ACC-YRPLDQBRRHOQWDM6Q3WWM3VAWM,TOKEN-WHQX3SXWPTIVY3M5X76RPD2GN4,75613,settled_streaming,1,1785448425
TOKEN-TVR7D5IXXUAXGRKWFJO6KWYFKI,1785448418,1785448443,ACC-YRPLDQBRRHOQWDM6Q3WWM3VAWM,TOKEN-KETEJ2SEA325BME3QZJW34VQOQ,487,settled_streaming,1,1785448443
TOKEN-WDWV6WCULLEAQFYFRLKZRVC7TU,1785448423,1785448429,ACC-YRPLDQBRRHOQWDM6Q3WWM3VAWM,TOKEN-QBWKIE2XA3FJKHU2JHSHU5UT6U,39574,settled_streaming,1,1785448429
TOKEN-A6WQME2XUSWBLQGOJTTRE4PKGQ,1785448423,1785448428,ACC-YRPLDQBRRHOQWDM6Q3WWM3VAWM,TOKEN-WG3MCB6N4PEBK5W7652CVEZK6A,192683,settled_streaming,1,1785448428
TOKEN-3R2TXUHEDJDIBIEJXIJQDNO5KY,1785448427,1785448429,ACC-YRPLDQBRRHOQWDM6Q3WWM3VAWM,TOKEN-ZOU7VSMCOQDPWMMJQ6ZS7I22XM,71870,settled_streaming,1,1785448429
TOKEN-UAIXUOPNYIQM75IO34COAOCTRA,1785448429,1785448438,ACC-YRPLDQBRRHOQWDM6Q3WWM3VAWM,TOKEN-WHQX3SXWPTIVY3M5X76RPD2GN4,76583,settled_streaming,1,1785448438
TOKEN-XJ6C4MA22RDOPHE33U4LUPFXO4,1785448430,1785448433,ACC-YRPLDQBRRHOQWDM6Q3WWM3VAWM,TOKEN-WG3MCB6N4PEBK5W7652CVEZK6A,192908,settled_streaming,1,1785448433
TOKEN-D6Q5GFHKMPO76F26KED7AOQRBY,1785448430,1785448473,ACC-YRPLDQBRRHOQWDM6Q3WWM3VAWM,TOKEN-QBWKIE2XA3FJKHU2JHSHU5UT6U,42056,settled_streaming,1,1785448473
TOKEN-OPNJFGPNDP77RRMNIIDBEHSIOU,1785448433,1785448439,ACC-YRPLDQBRRHOQWDM6Q3WWM3VAWM,TOKEN-WG3MCB6N4PEBK5W7652CVEZK6A,193168,settled_streaming,1,1785448439
TOKEN-I3T36AE3C6EE3PMFS7CGSZDJYU,1785448434,1785448437,ACC-YRPLDQBRRHOQWDM6Q3WWM3VAWM,TOKEN-YVBKXBXPWWEI54LEKBRBFUVUIU,76361,settled_streaming,1,1785448437
TOKEN-QDUOQ5BP6JMFTA6YA3B6VD6EWQ,1785448437,1785448582,ACC-YRPLDQBRRHOQWDM6Q3WWM3VAWM,TOKEN-BNIGWKV2IHMSVAPR4TTLPUM2DA,51455,settled_streaming,1,1785448582
TOKEN-CPCRDYCSGIRK2AUPBIJ4SHH4MM,1785448439,1785448450,ACC-YRPLDQBRRHOQWDM6Q3WWM3VAWM,TOKEN-YVBKXBXPWWEI54LEKBRBFUVUIU,79688,settled_streaming,1,1785448450
TOKEN-MHE2SARZSSAOG4YFGSSJZKY6IA,1785448442,1785448490,ACC-YRPLDQBRRHOQWDM6Q3WWM3VAWM,TOKEN-WG3MCB6N4PEBK5W7652CVEZK6A,194024,settled_streaming,1,1785448490
TOKEN-C7GEOOXDZNJCNXKD7LZJNPFANE,1785448442,1785448446,ACC-YRPLDQBRRHOQWDM6Q3WWM3VAWM,TOKEN-WHQX3SXWPTIVY3M5X76RPD2GN4,77369,settled_streaming,1,1785448446
TOKEN-OZ4P3D6JEMWHYG5YLLS7NON6PA,1785448443,1785448457,ACC-YRPLDQBRRHOQWDM6Q3WWM3VAWM,TOKEN-EYQNXQ2UR3QJN6B4IXCU3DTF2U,1095,settled_streaming,1,1785448457
TOKEN-6QWDT3IICKTCY4IDPK7VUG2JAA,1785448450,1785448454,ACC-YRPLDQBRRHOQWDM6Q3WWM3VAWM,TOKEN-WHQX3SXWPTIVY3M5X76RPD2GN4,77934,settled_streaming,1,1785448454
TOKEN-KSBNJ6OP7ZSQQWTFBFGMWB5FEA,1785448452,1785448457,ACC-YRPLDQBRRHOQWDM6Q3WWM3VAWM,TOKEN-YVBKXBXPWWEI54LEKBRBFUVUIU,80642,settled_streaming,1,1785448457
TOKEN-KPT4BMJXZAODH52FMSPB4UJDJE,1785448457,1785448460,ACC-YRPLDQBRRHOQWDM6Q3WWM3VAWM,TOKEN-PRGWLPNB6WH5ZJXVGV5MI2LPTA,390,settled_streaming,1,1785448460
TOKEN-LIKTQFELK2C3B42FHDIQ7UWFSU,1785448458,1785448466,ACC-YRPLDQBRRHOQWDM6Q3WWM3VAWM,TOKEN-YVBKXBXPWWEI54LEKBRBFUVUIU,81121,settled_streaming,1,1785448466
TOKEN-AVCSBOQFGIBM4EP2UHXGWLXCPQ,1785448458,1785448532,ACC-YRPLDQBRRHOQWDM6Q3WWM3VAWM,TOKEN-WHQX3SXWPTIVY3M5X76RPD2GN4,78597,settled_streaming,1,1785448532
TOKEN-T5LPYCB4DRUVGGE6H7AT4DXNIY,1785448460,1785448467,ACC-YRPLDQBRRHOQWDM6Q3WWM3VAWM,TOKEN-CIXEYC3NT4WNDPVYMFCD5VXZQA,1099,settled_streaming,1,1785448467
TOKEN-7ZA4HNM6WL3QCGATWZAKPKN5MQ,1785448462,1785448465,ACC-YRPLDQBRRHOQWDM6Q3WWM3VAWM,TOKEN-ZOU7VSMCOQDPWMMJQ6ZS7I22XM,72304,settled_streaming,1,1785448465
TOKEN-MAISI4KEHWCVW3EZRFFX46ZVPU,1785448468,1785448492,ACC-YRPLDQBRRHOQWDM6Q3WWM3VAWM,TOKEN-2FUB6TABUNNBEYNA6XYK5NLFNU,926,settled_streaming,1,1785448492
TOKEN-2XCKOTGBHY34F3ZWGEK43FBDPQ,1785448472,1785448481,ACC-YRPLDQBRRHOQWDM6Q3WWM3VAWM,TOKEN-ZOU7VSMCOQDPWMMJQ6ZS7I22XM,72728,settled_streaming,1,1785448481
TOKEN-MITILW4XFJS2JB5QTNOUDP7BXU,1785448474,1785448487,ACC-YRPLDQBRRHOQWDM6Q3WWM3VAWM,TOKEN-QBWKIE2XA3FJKHU2JHSHU5UT6U,45618,settled_streaming,1,1785448487
TOKEN-CAXKR6P2V3UM43ISGTKAUCHFXE,1785448477,1785448485,ACC-YRPLDQBRRHOQWDM6Q3WWM3VAWM,TOKEN-YVBKXBXPWWEI54LEKBRBFUVUIU,81992,settled_streaming,1,1785448485
TOKEN-6I5WHCFV547XCJRCH3HYJ7QYFY,1785448477,1785448507,ACC-YRPLDQBRRHOQWDM6Q3WWM3VAWM,TOKEN-IHWUU5LJOVGBSNHGYD32HKL6HY,420,settled_streaming,1,1785448507
TOKEN-O4Q2K2HUBUVTOF5JEVFQWYHXSE,1785448486,1785448494,ACC-YRPLDQBRRHOQWDM6Q3WWM3VAWM,TOKEN-ZOU7VSMCOQDPWMMJQ6ZS7I22XM,73910,settled_streaming,1,1785448494
TOKEN-SUMD55GEFJTGUICW5CO47HHXUQ,1785448490,1785448496,ACC-YRPLDQBRRHOQWDM6Q3WWM3VAWM,TOKEN-QBWKIE2XA3FJKHU2JHSHU5UT6U,47882,settled_streaming,1,1785448496
TOKEN-AH4ED33WY2OHIMSKAX6GD4EJVM,1785448492,1785448502,ACC-YRPLDQBRRHOQWDM6Q3WWM3VAWM,TOKEN-YVBKXBXPWWEI54LEKBRBFUVUIU,91931,settled_streaming,1,1785448502
TOKEN-5K6WBJH5UFD6CIMNU2E7L6OJWU,1785448492,1785448501,ACC-YRPLDQBRRHOQWDM6Q3WWM3VAWM,TOKEN-NNZJGP25D3H2YFNX6TBA2RQNR4,475,settled_streaming,1,1785448501
TOKEN-22UL5S4SOTUSCEUO2BFRLQAERY,1785448493,1785448499,ACC-YRPLDQBRRHOQWDM6Q3WWM3VAWM,TOKEN-WG3MCB6N4PEBK5W7652CVEZK6A,197639,settled_streaming,1,1785448499
TOKEN-WFEQZLZIUV45BGAIGC3XYTN334,1785448497,1785448506,ACC-YRPLDQBRRHOQWDM6Q3WWM3VAWM,TOKEN-ZOU7VSMCOQDPWMMJQ6ZS7I22XM,75248,settled_streaming,1,1785448506
TOKEN-EZ2RLLPJ63OOVW2MEI2KD5VMLU,1785448497,1785448523,ACC-YRPLDQBRRHOQWDM6Q3WWM3VAWM,TOKEN-QBWKIE2XA3FJKHU2JHSHU5UT6U,49242,settled_streaming,1,1785448523
TOKEN-Q7MZ6222YR2SOW5H2TJTD4JIX4,1785448501,1785448530,ACC-YRPLDQBRRHOQWDM6Q3WWM3VAWM,TOKEN-WG3MCB6N4PEBK5W7652CVEZK6A,198372,settled_streaming,1,1785448530
TOKEN-7M24I3FITZ3NCN4VHV4GVZSGJI,1785448501,1785448511,ACC-YRPLDQBRRHOQWDM6Q3WWM3VAWM,TOKEN-UDV42J3YDHY3L25RVMKGS4D6HU,409,settled_streaming,1,1785448511
TOKEN-MGTWODD7TE5HB7UNACKSD4VQH4,1785448507,1785448518,ACC-YRPLDQBRRHOQWDM6Q3WWM3VAWM,TOKEN-XUOSAVLLG4SN3TI6GH25T7KCDE,421,settled_streaming,1,1785448518
TOKEN-GQMLMFZQBDLVNVDGUK7HZMQAVI,1785448511,1785448517,ACC-YRPLDQBRRHOQWDM6Q3WWM3VAWM,TOKEN-WRONGRQUJHB7SLKPYT6YWQPDOY,465,settled_streaming,1,1785448517
TOKEN-Q5YNBURNBEF53W7A4SHRTL2K34,1785448511,1785448521,ACC-YRPLDQBRRHOQWDM6Q3WWM3VAWM,TOKEN-ZOU7VSMCOQDPWMMJQ6ZS7I22XM,76475,settled_streaming,1,1785448521
TOKEN-ILVRHGLFDQBZK6UOXNLKG3CGHM,1785448515,1785448520,ACC-YRPLDQBRRHOQWDM6Q3WWM3VAWM,TOKEN-YVBKXBXPWWEI54LEKBRBFUVUIU,92782,settled_streaming,1,1785448520
TOKEN-N22NU4RKVFTX6Z6J5UJ6IXTGYM,1785448517,1785448522,ACC-YRPLDQBRRHOQWDM6Q3WWM3VAWM,TOKEN-TPNZ7INSUP52HOKLUEEVUYITHE,403,settled_streaming,1,1785448522
TOKEN-6OLOXBWECPTVXWB2RECATFGN3Y,1785448519,1785448526,ACC-YRPLDQBRRHOQWDM6Q3WWM3VAWM,TOKEN-MF6Z333GELJCXSNND7MZPCN6EY,2383,settled_streaming,1,1785448526
TOKEN-O4SW4EH55MCUYKPHFQXFTQHYPY,1785448522,1785448528,ACC-YRPLDQBRRHOQWDM6Q3WWM3VAWM,TOKEN-YVBKXBXPWWEI54LEKBRBFUVUIU,93021,settled_streaming,1,1785448528
TOKEN-YYOV6T7BOM7JZM6SDZ2D45IPVA,1785448523,1785448528,ACC-YRPLDQBRRHOQWDM6Q3WWM3VAWM,TOKEN-O7OOMWZIQBZRC5PPWHKC3QN7AE,767,settled_streaming,1,1785448528
TOKEN-HNWSJX4J2JXN3H3GT3XWDRKOMA,1785448526,1785448536,ACC-YRPLDQBRRHOQWDM6Q3WWM3VAWM,TOKEN-ZOU7VSMCOQDPWMMJQ6ZS7I22XM,77534,settled_streaming,1,1785448536
TOKEN-DCE2G4SOQLCDSOL47PHALC7YGU,1785448526,1785448536,ACC-YRPLDQBRRHOQWDM6Q3WWM3VAWM,TOKEN-2VQQSVQOBTAOMY5UAN6RCXDTGU,421,settled_streaming,1,1785448536
TOKEN-TIYBEJ5MSJMG4EZG3S4ILSSW5Y,1785448527,1785448532,ACC-YRPLDQBRRHOQWDM6Q3WWM3VAWM,TOKEN-QBWKIE2XA3FJKHU2JHSHU5UT6U,51148,settled_streaming,1,1785448532
TOKEN-V5MMG7L7YYTBDFUZBEYK3NW2UE,1785448528,1785448532,ACC-YRPLDQBRRHOQWDM6Q3WWM3VAWM,TOKEN-LPFHBIBQMZABBONNZKFKYNRKMM,448,settled_streaming,1,1785448532
TOKEN-KYL742H6LTVXMS7WFQ7AOPBSRA,1785448533,1785448536,ACC-YRPLDQBRRHOQWDM6Q3WWM3VAWM,TOKEN-CXS434NTUAYENK6Q324WZZZ6B4,499,settled_streaming,1,1785448536
TOKEN-EFDMRFPSG4EBNSZWOILEXFHPJA,1785448533,1785448576,ACC-YRPLDQBRRHOQWDM6Q3WWM3VAWM,TOKEN-WHQX3SXWPTIVY3M5X76RPD2GN4,83722,settled_streaming,1,1785448576
TOKEN-RGYL65NPA62TDDWNCLRWFBDPDE,1785448533,1785448540,ACC-YRPLDQBRRHOQWDM6Q3WWM3VAWM,TOKEN-QBWKIE2XA3FJKHU2JHSHU5UT6U,52154,settled_streaming,1,1785448540
TOKEN-4RNV6IR5E6MDZRNVZCRFXMPV4E,1785448534,1785448544,ACC-YRPLDQBRRHOQWDM6Q3WWM3VAWM,TOKEN-WG3MCB6N4PEBK5W7652CVEZK6A,201069,settled_streaming,1,1785448544
TOKEN-V4LBO3L3LK5XCB4H3XVKFNNEJY,1785448536,1785448542,ACC-YRPLDQBRRHOQWDM6Q3WWM3VAWM,TOKEN-3RP2UB7U53FXVXRFSOZW3KTPWI,390,settled_streaming,1,1785448542
TOKEN-UPAUXFUCVSTBHJM7TH6NU3TFTM,1785448537,1785448560,ACC-YRPLDQBRRHOQWDM6Q3WWM3VAWM,TOKEN-Y7HQJUKJSOWNYUCTDFCSPO3ZZM,700,settled_streaming,1,1785448560
TOKEN-HLLTFELOSF7LK6SH5BBG6W3VHU,1785448539,1785448545,ACC-YRPLDQBRRHOQWDM6Q3WWM3VAWM,TOKEN-YVBKXBXPWWEI54LEKBRBFUVUIU,103720,settled_streaming,1,1785448545
TOKEN-VFZSIMFB43AT67ONZ74A34HSMY,1785448541,1785448565,ACC-YRPLDQBRRHOQWDM6Q3WWM3VAWM,TOKEN-ZOU7VSMCOQDPWMMJQ6ZS7I22XM,78522,settled_streaming,1,1785448565
TOKEN-Y56ZKOJWGITUPF47F32IXFDIIY,1785448542,1785448547,ACC-YRPLDQBRRHOQWDM6Q3WWM3VAWM,TOKEN-RNNCGWWXZJQFHB35O24JK66DSQ,650,settled_streaming,1,1785448547
TOKEN-KIIPEO6WKE5TC6PIYOB35UMWDM,1785448542,1785448549,ACC-YRPLDQBRRHOQWDM6Q3WWM3VAWM,TOKEN-QBWKIE2XA3FJKHU2JHSHU5UT6U,52868,settled_streaming,1,1785448549
TOKEN-26JHOAJIMC5CM4SCVYD44A35FI,1785448547,1785448556,ACC-YRPLDQBRRHOQWDM6Q3WWM3VAWM,TOKEN-BBMSR6H4MXYYONPCOKBPAUY4VY,390,settled_streaming,1,1785448556
TOKEN-4427JLDPHPFDAHBORO54L45ZUI,1785448547,1785448561,ACC-YRPLDQBRRHOQWDM6Q3WWM3VAWM,TOKEN-WG3MCB6N4PEBK5W7652CVEZK6A,201993,settled_streaming,1,1785448561
TOKEN-7IXYYIYU6G3QLDANODCRAVAKLU,1785448550,1785448650,ACC-YRPLDQBRRHOQWDM6Q3WWM3VAWM,TOKEN-YVBKXBXPWWEI54LEKBRBFUVUIU,110458,settled_streaming,1,1785448650
TOKEN-IGG2K3BHILBCHZW4SKKAJAX5OQ,1785448551,1785448561,ACC-YRPLDQBRRHOQWDM6Q3WWM3VAWM,TOKEN-QBWKIE2XA3FJKHU2JHSHU5UT6U,54348,settled_streaming,1,1785448561
TOKEN-XDEJEJLJOWZKZUL6IJITXZF2VI,1785448556,1785448563,ACC-YRPLDQBRRHOQWDM6Q3WWM3VAWM,TOKEN-5ELYMQTDJ5TX3KNSNHX3GGWHUA,390,settled_streaming,1,1785448563
TOKEN-27IILM44L2MPLZ6C4PQ75TTB44,1785448560,1785448567,ACC-YRPLDQBRRHOQWDM6Q3WWM3VAWM,TOKEN-TZ4TT4UK3NCOI2PEEE3FDMIGPQ,372000,settled_streaming,1,1785448567
TOKEN-QVAIKGNPY4PF4UUWXGWCKDEPLM,1785448560,1785448560,ACC-YRPLDQBRRHOQWDM6Q3WWM3VAWM,TOKEN-3VL3RPLAF47JNXHGPFEQE6IVXE,379,websocket_fallback_context_recovering,0,0
TOKEN-JFAGL6ZTGFNKMAJCIO2S4VFDQU,1785448561,1785448567,ACC-YRPLDQBRRHOQWDM6Q3WWM3VAWM,TOKEN-ZSQCV23ZPO2KPBHNXKVBZA7GTY,462,settled_streaming,1,1785448567
TOKEN-YI7QZZXAKSHQ6QTAXGORFGHTR4,1785448564,1785448569,ACC-YRPLDQBRRHOQWDM6Q3WWM3VAWM,TOKEN-QBWKIE2XA3FJKHU2JHSHU5UT6U,55823,settled_streaming,1,1785448569
TOKEN-3UPXWUJMKZ764FE2TJFKZRVOHE,1785448564,1785448568,ACC-YRPLDQBRRHOQWDM6Q3WWM3VAWM,TOKEN-IOGCL7AG7TPBOL253NE6NSOLYY,390,settled_streaming,1,1785448568
TOKEN-7NI7SSHSBWMQMHGVMCA5XYVNDQ,1785448565,1785448579,ACC-YRPLDQBRRHOQWDM6Q3WWM3VAWM,TOKEN-WG3MCB6N4PEBK5W7652CVEZK6A,204898,settled_streaming,1,1785448579
TOKEN-K7QF4ZW7SOBGFEFSV3AJSU7T3U,1785448568,1785448573,ACC-YRPLDQBRRHOQWDM6Q3WWM3VAWM,TOKEN-IOKCW52XVKY46LDBT35TBMJ3MU,446,settled_streaming,1,1785448573
TOKEN-MLOANZULBR4TNYRZJI6FYUBXWY,1785448568,1785448569,ACC-YRPLDQBRRHOQWDM6Q3WWM3VAWM,TOKEN-6M42QLPVJP63AZZF3O5B2HMAKY,13696,settled_streaming,1,1785448569
TOKEN-CTBSEPADOH2PNJCGA6JLZCMES4,1785448568,1785448569,ACC-YRPLDQBRRHOQWDM6Q3WWM3VAWM,TOKEN-D2VUH6UGZMRATAW2WKPSTCZ5NI,13696,settled_streaming,1,1785448569
TOKEN-NPLXORYQINXX2WXTG3KPOMS4RU,1785448570,1785448578,ACC-YRPLDQBRRHOQWDM6Q3WWM3VAWM,TOKEN-ZOU7VSMCOQDPWMMJQ6ZS7I22XM,80550,settled_streaming,1,1785448578
TOKEN-S5H764C7B6F7ZDSGV44CE35HXU,1785448570,1785448601,ACC-YRPLDQBRRHOQWDM6Q3WWM3VAWM,TOKEN-6M42QLPVJP63AZZF3O5B2HMAKY,20211,settled_streaming,1,1785448601
TOKEN-HV5N2VGX7GHIRV743O2MVSXC3E,1785448570,1785448579,ACC-YRPLDQBRRHOQWDM6Q3WWM3VAWM,TOKEN-D2VUH6UGZMRATAW2WKPSTCZ5NI,20205,settled_streaming,1,1785448579
TOKEN-Z33RJLIXTEZC2LBPHQ56AQSTII,1785448572,1785448601,ACC-YRPLDQBRRHOQWDM6Q3WWM3VAWM,TOKEN-QBWKIE2XA3FJKHU2JHSHU5UT6U,58623,settled_streaming,1,1785448601
TOKEN-7ZDAWZORCCUFYZSUMRYGLYF3LY,1785448573,1785448589,ACC-YRPLDQBRRHOQWDM6Q3WWM3VAWM,TOKEN-W4EQUX7ZMX4S5YZE5LUM6DZNWM,851,settled_streaming,1,1785448589
TOKEN-GOIS7K25Z5O55MHCCUYI4SHZ2Q,1785448578,1785448634,ACC-YRPLDQBRRHOQWDM6Q3WWM3VAWM,TOKEN-WHQX3SXWPTIVY3M5X76RPD2GN4,86594,settled_streaming,1,1785448634
TOKEN-7NVPA2CB6UYTJJQV4JMJF2CJ4U,1785448580,1785448591,ACC-YRPLDQBRRHOQWDM6Q3WWM3VAWM,TOKEN-ZJGLJ4PAGXC5DZAUVAW5EU3VLI,1801,settled_streaming,1,1785448591
TOKEN-ARO4H26F7NSBPZVPO57QTE7FGQ,1785448582,1785448590,ACC-YRPLDQBRRHOQWDM6Q3WWM3VAWM,TOKEN-WG3MCB6N4PEBK5W7652CVEZK6A,206340,settled_streaming,1,1785448590
TOKEN-AIEQYXOBESYBMEOLSFP6WB6KRY,1785448589,1785448594,ACC-YRPLDQBRRHOQWDM6Q3WWM3VAWM,TOKEN-IBYUUIG5ANUWLSEU63DWYKBIQE,390,settled_streaming,1,1785448594
TOKEN-YKZ6MLWVU2QSYK7DAKFRYOHCVY,1785448590,1785448595,ACC-YRPLDQBRRHOQWDM6Q3WWM3VAWM,TOKEN-ZOU7VSMCOQDPWMMJQ6ZS7I22XM,81596,settled_streaming,1,1785448595
TOKEN-P36KEAC6DWB6GBR5PL26PBWXCA,1785448592,1785448599,ACC-YRPLDQBRRHOQWDM6Q3WWM3VAWM,TOKEN-KCDQQOH7CIWMWWS3E5GSBMAYBM,2038,settled_streaming,1,1785448599
TOKEN-GFE53SDVIXJAZEGBCXTAQ4ZQY4,1785448593,1785448600,ACC-YRPLDQBRRHOQWDM6Q3WWM3VAWM,TOKEN-WG3MCB6N4PEBK5W7652CVEZK6A,209342,settled_streaming,1,1785448600
TOKEN-CAX5L3XUOC2FM3NKDCGN633OXM,1785448594,1785448600,ACC-YRPLDQBRRHOQWDM6Q3WWM3VAWM,TOKEN-WYFSEAS62A7ENZJRPLAYG546AA,377,settled_streaming,1,1785448600
TOKEN-YCMNRA4FQFNYRNQETRI5BDQDS4,1785448597,1785448602,ACC-YRPLDQBRRHOQWDM6Q3WWM3VAWM,TOKEN-O4FYYEJZQU43EK6YGSLSEW53N4,411,settled_streaming,1,1785448602
TOKEN-ROV4QJJWVMOCK7BIAIME2MAQDQ,1785448600,1785448605,ACC-YRPLDQBRRHOQWDM6Q3WWM3VAWM,TOKEN-ZKUXT7YR4B2TF6VBJ7MDWEPQU4,1912,settled_streaming,1,1785448605
TOKEN-SLIH6OWBS3BPOXUFVUXGBWIMDI,1785448600,1785448604,ACC-YRPLDQBRRHOQWDM6Q3WWM3VAWM,TOKEN-AGWLAIHB27QRPSEPTYL7OQKFLI,411,settled_streaming,1,1785448604
TOKEN-ZE2QKAVE6BMKNN4VGQ3U4B73LU,1785448602,1785448644,ACC-YRPLDQBRRHOQWDM6Q3WWM3VAWM,TOKEN-QBWKIE2XA3FJKHU2JHSHU5UT6U,60651,settled_streaming,1,1785448644
TOKEN-OEH3VDG6NHLW2PKFQBP56PWBIY,1785448602,1785448609,ACC-YRPLDQBRRHOQWDM6Q3WWM3VAWM,TOKEN-M3JXFWQKRIWIWJUL5WSOUZASII,1799,settled_streaming,1,1785448609
TOKEN-3DQUGRQMIMHSKMZ2RVV75GHVIQ,1785448604,1785448609,ACC-YRPLDQBRRHOQWDM6Q3WWM3VAWM,TOKEN-WG3MCB6N4PEBK5W7652CVEZK6A,210230,settled_streaming,1,1785448609
TOKEN-UZ66HXZWSZHWTQC2VCRTHXHSWQ,1785448605,1785448609,ACC-YRPLDQBRRHOQWDM6Q3WWM3VAWM,TOKEN-D4LKAIISAKUCXQA6LQXWLU7T3E,3281,settled_streaming,1,1785448609
TOKEN-V3KEXKXXYBO22I4QP4OEKEXTIQ,1785448605,1785448617,ACC-YRPLDQBRRHOQWDM6Q3WWM3VAWM,TOKEN-KSFJBX6B6Q7KIIYI3W6XNOBSPY,487,settled_streaming,1,1785448617
TOKEN-J6AZJO7D3V6G7HTFKQFL54M2FI,1785448609,1785448612,ACC-YRPLDQBRRHOQWDM6Q3WWM3VAWM,TOKEN-COJZDVIE3O6F2VSJVHSS3CGMGQ,2825,settled_streaming,1,1785448612
TOKEN-LM3Y6UATHXX237BJ465RTSYQUY,1785448609,1785448614,ACC-YRPLDQBRRHOQWDM6Q3WWM3VAWM,TOKEN-UNFPHWWNUQAA5RPVVOXK7EWPUA,2255,settled_streaming,1,1785448614
TOKEN-77VBJZ4VTVXGOGMUZ43H5BVGKE,1785448612,1785448616,ACC-YRPLDQBRRHOQWDM6Q3WWM3VAWM,TOKEN-EOJ4VDDE32T2DTZ26W3IZ3NBDA,2860,settled_streaming,1,1785448616
TOKEN-YUFKV4JKE7DHCKBDQBJDDQ2SQY,1785448613,1785448619,ACC-YRPLDQBRRHOQWDM6Q3WWM3VAWM,TOKEN-WG3MCB6N4PEBK5W7652CVEZK6A,213542,settled_streaming,1,1785448619
TOKEN-D6B7LZHXKUKW73TNS3DZVTDMCE,1785448614,1785448617,ACC-YRPLDQBRRHOQWDM6Q3WWM3VAWM,TOKEN-OTZX44IRXTZWKQ4JQ6RP2MPYBA,3330,settled_streaming,1,1785448617
TOKEN-EZ4VF6MUSTDWF7E4OF2N4RDIPU,1785448616,1785448620,ACC-YRPLDQBRRHOQWDM6Q3WWM3VAWM,TOKEN-JZKOYOHPJPCIP4V3BNEQZ2O3IU,3337,settled_streaming,1,1785448620
TOKEN-TC4BOD33VKTKIJJOMLJM6LK534,1785448617,1785448621,ACC-YRPLDQBRRHOQWDM6Q3WWM3VAWM,TOKEN-6KSBY2Y75DVKH3NBB3Y3BL5CCY,7246,settled_streaming,1,1785448621
TOKEN-VOPA3EZAFMXM55XBPZVQEPHY4M,1785448618,1785448625,ACC-YRPLDQBRRHOQWDM6Q3WWM3VAWM,TOKEN-IHLDXRSSKJQSUCGMA5OWFGTG4I,393,settled_streaming,1,1785448625
TOKEN-ABPDDMV67MNESR3GFZZKARXKOA,1785448620,1785448626,ACC-YRPLDQBRRHOQWDM6Q3WWM3VAWM,TOKEN-ZHTYTO6FBJJ2JKPUBRMO32LWDU,7248,settled_streaming,1,1785448626
TOKEN-ICTFPPB3C2NT7M5R6CEDPRD3LM,1785448622,1785448641,ACC-YRPLDQBRRHOQWDM6Q3WWM3VAWM,TOKEN-WG3MCB6N4PEBK5W7652CVEZK6A,216945,settled_streaming,1,1785448641
TOKEN-YGTC6YXFSMYWZE4MA5MTXSPCWE,1785448622,1785448626,ACC-YRPLDQBRRHOQWDM6Q3WWM3VAWM,TOKEN-OYVHON2WINBE5GD3BTEV6YDNAQ,8372,settled_streaming,1,1785448626
TOKEN-OMDHMIZIODZR3QLZKKODH3A5TQ,1785448626,1785448634,ACC-YRPLDQBRRHOQWDM6Q3WWM3VAWM,TOKEN-7OKANVM2QRFZ6SGS2YPUVPA52M,402,settled_streaming,1,1785448634
TOKEN-AAHGYQOKDQL7FCLLXYRLMTUH24,1785448626,1785448629,ACC-YRPLDQBRRHOQWDM6Q3WWM3VAWM,TOKEN-HCRFKIJ765633VHCLDP7JFSYGI,7727,settled_streaming,1,1785448629
TOKEN-V3O4DANPLK2VJNER7JEDUAKUFQ,1785448627,1785448630,ACC-YRPLDQBRRHOQWDM6Q3WWM3VAWM,TOKEN-Q6BU5VMQLVZD33SBGEGYPBQOLI,7407,settled_streaming,1,1785448630
TOKEN-ZHKKJ46FPWNBEXR3D5V64XXNWI,1785448628,1785448632,ACC-YRPLDQBRRHOQWDM6Q3WWM3VAWM,TOKEN-ZOU7VSMCOQDPWMMJQ6ZS7I22XM,82035,settled_streaming,1,1785448632
TOKEN-NNM6PUGRVCEEZ6KH2G4P4SINTU,1785448629,1785448632,ACC-YRPLDQBRRHOQWDM6Q3WWM3VAWM,TOKEN-TFJEKS7I75UD5QELWXCP2JXMME,7156,settled_streaming,1,1785448632
TOKEN-2CF45OHAMIW4ROHFATDD4V25MI,1785448630,1785448644,ACC-YRPLDQBRRHOQWDM6Q3WWM3VAWM,TOKEN-5NBVN6Y57MIXBSH7GPEHP7XJWQ,6360,settled_streaming,1,1785448644
TOKEN-2H56FNPF5KBAFF6YPFQE62JIHY,1785448632,1785448664,ACC-YRPLDQBRRHOQWDM6Q3WWM3VAWM,TOKEN-BIPDGB2WW5MSUWO5DBKO6G7EAY,6835,settled_streaming,1,1785448664
TOKEN-EQGD47NG5UT5LBCLUUN7ZPX2WU,1785448632,1785448637,ACC-YRPLDQBRRHOQWDM6Q3WWM3VAWM,TOKEN-AIPWRITHCOINMM4ODGA3REYH5E,411,settled_streaming,1,1785448637
TOKEN-M4E7ZRRP5XASOJHL54MK4BNPMY,1785448636,1785448640,ACC-YRPLDQBRRHOQWDM6Q3WWM3VAWM,TOKEN-WHQX3SXWPTIVY3M5X76RPD2GN4,90583,settled_streaming,1,1785448640
TOKEN-OQ4HLDREOECIEYAWHINSRJSQKE,1785448642,1785448652,ACC-YRPLDQBRRHOQWDM6Q3WWM3VAWM,TOKEN-WHQX3SXWPTIVY3M5X76RPD2GN4,91173,settled_streaming,1,1785448652
TOKEN-SBZASU2ZVD7QDEADKOB5B5APOA,1785448642,1785448668,ACC-YRPLDQBRRHOQWDM6Q3WWM3VAWM,TOKEN-WG3MCB6N4PEBK5W7652CVEZK6A,218248,settled_streaming,1,1785448668
TOKEN-OAJVLB2OMJNMKKAY7IONAC2PBM,1785448642,1785448653,ACC-YRPLDQBRRHOQWDM6Q3WWM3VAWM,TOKEN-ZOU7VSMCOQDPWMMJQ6ZS7I22XM,83085,settled_streaming,1,1785448653
TOKEN-M67JHRSODZOURFE57LLXN5MT34,1785448644,1785448657,ACC-YRPLDQBRRHOQWDM6Q3WWM3VAWM,TOKEN-QBWKIE2XA3FJKHU2JHSHU5UT6U,64209,settled_streaming,1,1785448657
TOKEN-AEYD35AOJCLYSADSJG5TEOCBYI,1785448645,1785448648,ACC-YRPLDQBRRHOQWDM6Q3WWM3VAWM,TOKEN-UK5CA4J32BJEVKPXO3347HABR4,1512,settled_streaming,1,1785448648
TOKEN-P4N4QNQD6LID5DML2YIUPIMKNI,1785448645,1785448652,ACC-YRPLDQBRRHOQWDM6Q3WWM3VAWM,TOKEN-ID2B3IP3QVWGBDUQQFJQCMW3RI,948,settled_streaming,1,1785448652
TOKEN-SJEQHMIWCKVIOWUUTNLEENAZO4,1785448649,1785448654,ACC-YRPLDQBRRHOQWDM6Q3WWM3VAWM,TOKEN-3EDDOBOMXOMPNAQZ5KRVPTFO3Q,1508,settled_streaming,1,1785448654
TOKEN-GZKG6JQFKM7T5GYEMXWKXPFLYQ,1785448652,1785448671,ACC-YRPLDQBRRHOQWDM6Q3WWM3VAWM,TOKEN-O34STNSJL2LO42NYGM7CE65GPI,530,settled_streaming,1,1785448671
TOKEN-ULU22H45YVDT6ZW2RLUGFA354I,1785448655,1785448658,ACC-YRPLDQBRRHOQWDM6Q3WWM3VAWM,TOKEN-MVFILFPIHEEAIJERP55TWOOWUM,1498,settled_streaming,1,1785448658
TOKEN-NI34TCDM2U2IN2GH3QRHVFH3PE,1785448658,1785448666,ACC-YRPLDQBRRHOQWDM6Q3WWM3VAWM,TOKEN-YVBKXBXPWWEI54LEKBRBFUVUIU,116308,settled_streaming,1,1785448666
TOKEN-DBN3IS5J66Q7L67GZICJUJYG6A,1785448659,1785448667,ACC-YRPLDQBRRHOQWDM6Q3WWM3VAWM,TOKEN-VZXLBSZ3N6LUVSNXETEBAUIUOM,64085,settled_streaming,1,1785448667
TOKEN-VXMXIJD6UESMHPGBM7KPKNBZ3I,1785448664,1785448672,ACC-YRPLDQBRRHOQWDM6Q3WWM3VAWM,TOKEN-75X5XK36NSKLEFUYZGTAJIE4CM,12204,settled_streaming,1,1785448672
TOKEN-ACICO7PF3WGU2QSQWXGDTBIPBQ,1785448664,1785448674,ACC-YRPLDQBRRHOQWDM6Q3WWM3VAWM,TOKEN-ZOU7VSMCOQDPWMMJQ6ZS7I22XM,84162,settled_streaming,1,1785448674
TOKEN-77J7D2JJCFMORMO3JFPXMKWZYA,1785448665,1785448676,ACC-YRPLDQBRRHOQWDM6Q3WWM3VAWM,TOKEN-QBWKIE2XA3FJKHU2JHSHU5UT6U,65308,settled_streaming,1,1785448676
TOKEN-F6C4QAOWFVCTZMF3HLXT7NJLIQ,1785448665,1785448667,ACC-YRPLDQBRRHOQWDM6Q3WWM3VAWM,TOKEN-WHQX3SXWPTIVY3M5X76RPD2GN4,92066,settled_streaming,1,1785448667
TOKEN-4TYVN6A644UPCBHZRHYICDNPNQ,1785448668,1785448673,ACC-YRPLDQBRRHOQWDM6Q3WWM3VAWM,TOKEN-QOYFOWZ4PL7CYZ7TDP7NHMOJ3Q,411,settled_streaming,1,1785448673
TOKEN-PDLP74FSBNZFJENHRCS6X47UHA,1785448669,1785448674,ACC-YRPLDQBRRHOQWDM6Q3WWM3VAWM,TOKEN-WG3MCB6N4PEBK5W7652CVEZK6A,219628,settled_streaming,1,1785448674
TOKEN-MLYJRDK6LLKIR2HMAEFXSNKFEM,1785448669,1785448677,ACC-YRPLDQBRRHOQWDM6Q3WWM3VAWM,TOKEN-UAVAEYG267CTKQWBRF6ZKZ2K7I,249619,settled_streaming,1,1785448677
TOKEN-BGTWAK57CD4A6KKCH5NZ4Z2YXQ,1785448672,1785448686,ACC-YRPLDQBRRHOQWDM6Q3WWM3VAWM,TOKEN-WHQX3SXWPTIVY3M5X76RPD2GN4,94303,settled_streaming,1,1785448686
TOKEN-OUPUMTZ6QWVKYRCASC2I4UBSL4,1785448673,1785448687,ACC-YRPLDQBRRHOQWDM6Q3WWM3VAWM,TOKEN-FXJZSKA4DWRJULUCUZ2NZCWTSY,452,settled_streaming,1,1785448687
TOKEN-T4E2CI6BAFP2AA7XENB4ZHJDXE,1785448674,1785448679,ACC-YRPLDQBRRHOQWDM6Q3WWM3VAWM,TOKEN-FXAJ2DLS7IYGREERXERJ6YJK6M,372000,settled_streaming,1,1785448679
TOKEN-63VL3X2OZ2W2T7Z5AMRNCOJA4E,1785448676,1785448679,ACC-YRPLDQBRRHOQWDM6Q3WWM3VAWM,TOKEN-WG3MCB6N4PEBK5W7652CVEZK6A,220227,settled_streaming,1,1785448679
TOKEN-GXYBN7JUCJ7HVZPGPEEY6CA4XQ,1785448678,1785448685,ACC-YRPLDQBRRHOQWDM6Q3WWM3VAWM,TOKEN-QBWKIE2XA3FJKHU2JHSHU5UT6U,67344,settled_streaming,1,1785448685
TOKEN-7AZPSW445TX455LJLDC7T3TCDY,1785448679,1785448682,ACC-YRPLDQBRRHOQWDM6Q3WWM3VAWM,TOKEN-YVBKXBXPWWEI54LEKBRBFUVUIU,116985,settled_streaming,1,1785448682
TOKEN-WKCPXTNGXDHKSTDOJTRD6ETCHQ,1785448679,1785448685,ACC-YRPLDQBRRHOQWDM6Q3WWM3VAWM,TOKEN-2L4WDAK347BJP43QOBVNZZUTW4,212837,settled_streaming,1,1785448685
TOKEN-JNYIWKOGI6A5M2XAHSUNLL7KOI,1785448680,1785448689,ACC-YRPLDQBRRHOQWDM6Q3WWM3VAWM,TOKEN-YE54LKNOFS43OYTUD2EMUMEXOQ,372000,settled_streaming,1,1785448689
TOKEN-SUWA66WDSXOLXQ3NUNGVZFAKBU,1785448681,1785448689,ACC-YRPLDQBRRHOQWDM6Q3WWM3VAWM,TOKEN-ZOU7VSMCOQDPWMMJQ6ZS7I22XM,87343,settled_streaming,1,1785448689
TOKEN-JN4CDCXNYSQDGAGKCOLE2BBBDA,1785448685,1785448690,ACC-YRPLDQBRRHOQWDM6Q3WWM3VAWM,TOKEN-WG3MCB6N4PEBK5W7652CVEZK6A,220460,settled_streaming,1,1785448690
TOKEN-LHS3TO5C7IA3UMAX67JSMCJA7I,1785448686,1785448698,ACC-YRPLDQBRRHOQWDM6Q3WWM3VAWM,TOKEN-QBWKIE2XA3FJKHU2JHSHU5UT6U,68164,settled_streaming,1,1785448698
TOKEN-E2AWBQSDVGTUEK6LUOCF6R5X6Q,1785448687,1785448696,ACC-YRPLDQBRRHOQWDM6Q3WWM3VAWM,TOKEN-YR5NA5WNQI42NXZVDDITUL6GYQ,220605,settled_streaming,1,1785448696
TOKEN-BCG7REGAFVCJ2G74YIQTUPT32E,1785448689,1785448696,ACC-YRPLDQBRRHOQWDM6Q3WWM3VAWM,TOKEN-WWAK3DZ2WVCM3P7WQJSQPWV6LE,372000,settled_streaming,1,1785448696
TOKEN-I2DPBROMGXBLFNYEKOTSPSYLC4,1785448692,1785448696,ACC-YRPLDQBRRHOQWDM6Q3WWM3VAWM,TOKEN-WG3MCB6N4PEBK5W7652CVEZK6A,220685,settled_streaming,1,1785448696
TOKEN-5R3IJDAQFFLCYDHWTUZA44LKCI,1785448696,1785448701,ACC-YRPLDQBRRHOQWDM6Q3WWM3VAWM,TOKEN-2DSQB7EAITEJ27U4W4HQ4IC3AM,372000,settled_streaming,1,1785448701
TOKEN-CVUABWN3ZWVE5JFQ4RG344IDIM,1785448697,1785448708,ACC-YRPLDQBRRHOQWDM6Q3WWM3VAWM,TOKEN-KVVBWRGRR2N7BKQJZWFDEFFH7I,234651,settled_streaming,1,1785448708
TOKEN-SJVCMJ4P46QA75PK6GNTDDDHHU,1785448697,1785448705,ACC-YRPLDQBRRHOQWDM6Q3WWM3VAWM,TOKEN-WG3MCB6N4PEBK5W7652CVEZK6A,220988,settled_streaming,1,1785448705
TOKEN-DT2LUXEVJ3N37KJ7VMWXGLSZD4,1785448698,1785448708,ACC-YRPLDQBRRHOQWDM6Q3WWM3VAWM,TOKEN-YVBKXBXPWWEI54LEKBRBFUVUIU,117271,settled_streaming,1,1785448708
TOKEN-ZIZJZM6GP6LVM3HQGT76OX24MI,1785448698,1785448703,ACC-YRPLDQBRRHOQWDM6Q3WWM3VAWM,TOKEN-FOTOFD7SI6OUQSR7IYFYJJLVHY,441,settled_streaming,1,1785448703
TOKEN-2LP4NZYJEYG66JZLSCK5M6PENY,1785448699,1785448701,ACC-YRPLDQBRRHOQWDM6Q3WWM3VAWM,TOKEN-WHQX3SXWPTIVY3M5X76RPD2GN4,95417,settled_streaming,1,1785448701
TOKEN-LAYBT6LMARB5HJRVFBO5FF3F2Q,1785448700,1785448711,ACC-YRPLDQBRRHOQWDM6Q3WWM3VAWM,TOKEN-QBWKIE2XA3FJKHU2JHSHU5UT6U,69212,settled_streaming,1,1785448711
TOKEN-G35HBWJ35T5AQNHBJCFUVOIN3Q,1785448701,1785448705,ACC-YRPLDQBRRHOQWDM6Q3WWM3VAWM,TOKEN-ZOU7VSMCOQDPWMMJQ6ZS7I22XM,88012,settled_streaming,1,1785448705
TOKEN-UFPAKMG7PGY2OEZN4LZBFLXAME,1785448702,1785448708,ACC-YRPLDQBRRHOQWDM6Q3WWM3VAWM,TOKEN-Q5H56R3WES76EUCTKO7EMVC3YU,246498,settled_streaming,1,1785448708
TOKEN-EUXV2HPQ6KMZYXPQIV4JJFUZBQ,1785448704,1785448707,ACC-YRPLDQBRRHOQWDM6Q3WWM3VAWM,TOKEN-VU23NCUOLESOHPFN3KBLARGIVI,411,settled_streaming,1,1785448707
TOKEN-ICGT62KJJFTL3EJI5KRNBFTCAQ,1785448706,1785448715,ACC-YRPLDQBRRHOQWDM6Q3WWM3VAWM,TOKEN-JGTCAQ6CCKRINOS4IFUBMFQQ5E,13089,settled_streaming,1,1785448715
TOKEN-KM3DSJKCKMZEU2ZNQPU6UWIMCY,1785448706,1785448722,ACC-YRPLDQBRRHOQWDM6Q3WWM3VAWM,TOKEN-PBU7HHFO3APFKRN24NMGXXXGME,13074,settled_streaming,1,1785448722
TOKEN-4AEOQCVFGBX3LCE4N3EAM2MCNU,1785448706,1785448715,ACC-YRPLDQBRRHOQWDM6Q3WWM3VAWM,TOKEN-WHQX3SXWPTIVY3M5X76RPD2GN4,98740,settled_streaming,1,1785448715
TOKEN-LWFTJKSDJPHDFTVUSBUMFHAWIY,1785448706,1785448712,ACC-YRPLDQBRRHOQWDM6Q3WWM3VAWM,TOKEN-UVAARW6H6CWXJBSAOOVTOZSIRI,1045,settled_streaming,1,1785448712
TOKEN-EOHRAXNSCEJTP4P7PU4ZD6IN4Q,1785448706,1785448724,ACC-YRPLDQBRRHOQWDM6Q3WWM3VAWM,TOKEN-LMMMVBKT4WAUCBRAY4SDQURL44,13074,settled_streaming,1,1785448724
TOKEN-TR64365HMPP3OP4YUH4AYO3EDA,1785448708,1785448714,ACC-YRPLDQBRRHOQWDM6Q3WWM3VAWM,TOKEN-WG3MCB6N4PEBK5W7652CVEZK6A,222090,settled_streaming,1,1785448714
TOKEN-6FOIZ3LSAPSNIQNJZFZLIXW3JU,1785448709,1785448716,ACC-YRPLDQBRRHOQWDM6Q3WWM3VAWM,TOKEN-TLBW5XG3IQ6INFXUQ7W6G6PLAE,214251,settled_streaming,1,1785448716
TOKEN-3GUT3DS4YMLYBSGMAZBJ2G3WDI,1785448709,1785448714,ACC-YRPLDQBRRHOQWDM6Q3WWM3VAWM,TOKEN-3D5IRTAOKE4IXKNIIOLQ7I3ID4,67489,settled_streaming,1,1785448714
TOKEN-XT3CPIT2UKFCGKMGP2ILAROCBM,1785448714,1785448720,ACC-YRPLDQBRRHOQWDM6Q3WWM3VAWM,TOKEN-GGKIJEGXAKUN6PN4PFUK2Y64AY,87299,settled_streaming,1,1785448720
TOKEN-QXRVBQSCD6R2SQUVCK2J3XUQHM,1785448715,1785448719,ACC-YRPLDQBRRHOQWDM6Q3WWM3VAWM,TOKEN-QBWKIE2XA3FJKHU2JHSHU5UT6U,70234,settled_streaming,1,1785448719
TOKEN-4FR55VWCWOOLC4L5YTIOZGL5JQ,1785448716,1785448791,ACC-YRPLDQBRRHOQWDM6Q3WWM3VAWM,TOKEN-WG3MCB6N4PEBK5W7652CVEZK6A,222810,settled_streaming,1,1785448791
TOKEN-Z7754FTXPELX3LUVVFAB4JPR6A,1785448716,1785449254,ACC-YRPLDQBRRHOQWDM6Q3WWM3VAWM,TOKEN-JGTCAQ6CCKRINOS4IFUBMFQQ5E,14027,settled_streaming,1,1785449254
TOKEN-34VXMIHVP72GPS4K6XUO3ZEPNA,1785448717,1785448729,ACC-YRPLDQBRRHOQWDM6Q3WWM3VAWM,TOKEN-AY4STLJBO3QZX5BSSMOPLHZC6Y,441,settled_streaming,1,1785448729
TOKEN-GOCNLGTBGSECRQOR4OT6LETFRU,1785448718,1785448742,ACC-YRPLDQBRRHOQWDM6Q3WWM3VAWM,TOKEN-QT7BQTF5M2QIVZX4R46ARNR2S4,323253,settled_streaming,1,1785448742
TOKEN-OARH27CA6SBXNV67IFHN5MQUOY,1785448720,1785448725,ACC-YRPLDQBRRHOQWDM6Q3WWM3VAWM,TOKEN-ILP6V3462RFEV34BSYPQ6FJBDM,60780,settled_streaming,1,1785448725
TOKEN-DJK5XYK7YZFJ7KMQ4FJH7AJCFE,1785448720,1785448727,ACC-YRPLDQBRRHOQWDM6Q3WWM3VAWM,TOKEN-QBWKIE2XA3FJKHU2JHSHU5UT6U,71394,settled_streaming,1,1785448727
TOKEN-QUYDMZ5N6K3COJQGANC3A5XXEY,1785448723,1785448908,ACC-YRPLDQBRRHOQWDM6Q3WWM3VAWM,TOKEN-PBU7HHFO3APFKRN24NMGXXXGME,14338,settled_streaming,1,1785448908
TOKEN-6OAAWC4RVX3XWYT722724BTFRM,1785448725,1785448732,ACC-YRPLDQBRRHOQWDM6Q3WWM3VAWM,TOKEN-LMMMVBKT4WAUCBRAY4SDQURL44,14214,settled_streaming,1,1785448732
TOKEN-QPX5IAWH2JUWD6OUBMM5Y2ZUK4,1785448726,1785448733,ACC-YRPLDQBRRHOQWDM6Q3WWM3VAWM,TOKEN-W3UBDNSGQEWLI7ORKBSSK35FQM,3685,settled_streaming,1,1785448733
TOKEN-2BRPA6O22YYQJBB42IK43PFWAI,1785448728,1785448744,ACC-YRPLDQBRRHOQWDM6Q3WWM3VAWM,TOKEN-QBWKIE2XA3FJKHU2JHSHU5UT6U,72317,settled_streaming,1,1785448744
TOKEN-6OMSJFRVJLNTJQ4L6N6Z5BXWW4,1785448728,1785448730,ACC-YRPLDQBRRHOQWDM6Q3WWM3VAWM,TOKEN-WHQX3SXWPTIVY3M5X76RPD2GN4,99565,settled_streaming,1,1785448730
TOKEN-SHDJLYTC4BCV5XWJLWYQC4Q4AE,1785448729,1785448750,ACC-YRPLDQBRRHOQWDM6Q3WWM3VAWM,TOKEN-TA4BKQROOSC2YIWS357WZ7JSIY,393,settled_streaming,1,1785448750
TOKEN-PO3KMYLVSUJQWEYDL32NRTU6NM,1785448733,1785448745,ACC-YRPLDQBRRHOQWDM6Q3WWM3VAWM,TOKEN-YVBKXBXPWWEI54LEKBRBFUVUIU,117271,settled_streaming,1,1785448745
TOKEN-USJFE7Q3Y3XX4VEW6SBH3RA32Q,1785448733,1785448741,ACC-YRPLDQBRRHOQWDM6Q3WWM3VAWM,TOKEN-LMMMVBKT4WAUCBRAY4SDQURL44,14763,settled_streaming,1,1785448741
TOKEN-WYO5CQOBHHSPXZTXQWEBSYXLFQ,1785448734,1785448741,ACC-YRPLDQBRRHOQWDM6Q3WWM3VAWM,TOKEN-YWF4BP4EMV35YNVJPMCS2T4GDQ,4915,settled_streaming,1,1785448741
TOKEN-RVAOTZUOQIHJLRLH3GBZCHUQJ4,1785448735,1785448751,ACC-YRPLDQBRRHOQWDM6Q3WWM3VAWM,TOKEN-WHQX3SXWPTIVY3M5X76RPD2GN4,102658,settled_streaming,1,1785448751
TOKEN-LDW5NGPJHI5I3DO5DP55PEJA4Y,1785448737,1785448742,ACC-YRPLDQBRRHOQWDM6Q3WWM3VAWM,TOKEN-PO6WFIKNEFHR57BPE5HT72ZOD4,411,settled_streaming,1,1785448742
TOKEN-HFLWRQAVEE6SAAE2BMJA7NMU6E,1785448738,1785448741,ACC-YRPLDQBRRHOQWDM6Q3WWM3VAWM,TOKEN-ZOU7VSMCOQDPWMMJQ6ZS7I22XM,89291,settled_streaming,1,1785448741
TOKEN-UKQSGKJZ6QJTOOAGR4MANYRIUI,1785448741,1785448745,ACC-YRPLDQBRRHOQWDM6Q3WWM3VAWM,TOKEN-S4XP5CHK7T4CZMZRSII47UZA7U,2518,settled_streaming,1,1785448745
TOKEN-K5V3X55OSNOPDRPIB2R7NLXILI,1785448742,1785448747,ACC-YRPLDQBRRHOQWDM6Q3WWM3VAWM,TOKEN-F5BGHFF5OT6NBXRUEQNAK2LMQA,12162,settled_streaming,1,1785448747
TOKEN-CI3Y6G3ZHJICS5XKOUDONJBNEY,1785448743,1785448955,ACC-YRPLDQBRRHOQWDM6Q3WWM3VAWM,TOKEN-LMMMVBKT4WAUCBRAY4SDQURL44,15521,settled_streaming,1,1785448955
TOKEN-45BNXYDZY4XPFOJCUJZTSXR5LM,1785448746,1785448750,ACC-YRPLDQBRRHOQWDM6Q3WWM3VAWM,TOKEN-XGYE6SNL52N7QR4ZLRO7TL5M4U,4508,settled_streaming,1,1785448750
TOKEN-S4FQIPHT74JVQ7WDI42C6VPJQ4,1785448747,1785448753,ACC-YRPLDQBRRHOQWDM6Q3WWM3VAWM,TOKEN-GDYADHC75RGCFERDSE4VUXRKKU,214638,settled_streaming,1,1785448753
TOKEN-3YW4RWU4NFOWCOO54DGMC3HTK4,1785448750,1785448757,ACC-YRPLDQBRRHOQWDM6Q3WWM3VAWM,TOKEN-OTDKXZCIMZD4WQRFBDVDFFDXJE,2302,settled_streaming,1,1785448757
TOKEN-DWGY6DDWFATBE3QFSTJFQUMJRM,1785448753,1785448759,ACC-YRPLDQBRRHOQWDM6Q3WWM3VAWM,TOKEN-WM3BPGW57BKPJN25J5W7TIRB2Q,3649,settled_streaming,1,1785448759
TOKEN-KXSMIGJXPP2GCP2W2AH77LF6MQ,1785448753,1785448767,ACC-YRPLDQBRRHOQWDM6Q3WWM3VAWM,TOKEN-ZOU7VSMCOQDPWMMJQ6ZS7I22XM,90549,settled_streaming,1,1785448767
TOKEN-HVY5ADBDXWWNONHNIENFJQ3XUA,1785448754,1785448760,ACC-YRPLDQBRRHOQWDM6Q3WWM3VAWM,TOKEN-QBWKIE2XA3FJKHU2JHSHU5UT6U,74247,settled_streaming,1,1785448760
TOKEN-3HPKAGPACHTQJ3VZ7MI3DPZ5GY,1785448757,1785448763,ACC-YRPLDQBRRHOQWDM6Q3WWM3VAWM,TOKEN-DOYU7I2BGA4K2PER6ULP4GI4O4,2705,settled_streaming,1,1785448763
TOKEN-VZYPLN7WSMOX33P6KPG2S6QZAQ,1785448759,1785448763,ACC-YRPLDQBRRHOQWDM6Q3WWM3VAWM,TOKEN-YVBKXBXPWWEI54LEKBRBFUVUIU,117966,settled_streaming,1,1785448763
TOKEN-BEQFCNHN2RL2BVQBB6ZCZKYNPE,1785448760,1785448765,ACC-YRPLDQBRRHOQWDM6Q3WWM3VAWM,TOKEN-A322XKRVB2Y4RJS6SHGO7SV4GQ,6587,settled_streaming,1,1785448765
TOKEN-CXWWJYJ56GT7F3JORHRLWD55EA,1785448763,1785448768,ACC-YRPLDQBRRHOQWDM6Q3WWM3VAWM,TOKEN-QBWKIE2XA3FJKHU2JHSHU5UT6U,75461,settled_streaming,1,1785448768
TOKEN-D5JLWEQHGR6JUALOL6SP2MMCYA,1785448763,1785448769,ACC-YRPLDQBRRHOQWDM6Q3WWM3VAWM,TOKEN-UXSHAFIEKAJ53RD5USGIE55RCE,1820,settled_streaming,1,1785448769
TOKEN-73MW2BLQUEUFNQ67KQ3X7PUX3Y,1785448764,1785448766,ACC-YRPLDQBRRHOQWDM6Q3WWM3VAWM,TOKEN-WHQX3SXWPTIVY3M5X76RPD2GN4,103976,settled_streaming,1,1785448766
TOKEN-F2XSTQG3R5OV2PWQUBTUQEBNQQ,1785448765,1785448772,ACC-YRPLDQBRRHOQWDM6Q3WWM3VAWM,TOKEN-SOSDFGAMZIBKROSBEWT2LICQUE,3128,settled_streaming,1,1785448772
TOKEN-MDKHJA2ZZOAP6KE7K6MH4ZR2RM,1785448766,1785448771,ACC-YRPLDQBRRHOQWDM6Q3WWM3VAWM,TOKEN-4N2MEUMM4KYKWCGMOH2ZVZ3RPE,524,settled_streaming,1,1785448771
TOKEN-UYGUCLVKXTULEF6TWPZEEXIHSM,1785448769,1785448778,ACC-YRPLDQBRRHOQWDM6Q3WWM3VAWM,TOKEN-QBWKIE2XA3FJKHU2JHSHU5UT6U,76256,settled_streaming,1,1785448778
TOKEN-5FKC7FGH4VHD7AHRIYXNMVV5IE,1785448770,1785448775,ACC-YRPLDQBRRHOQWDM6Q3WWM3VAWM,TOKEN-ZZ7RSGIMWU7MZMIPOXN5AXCOTE,1719,settled_streaming,1,1785448775
TOKEN-NX3QPBVAJXEJVKM35RBI624MOY,1785448772,1785448780,ACC-YRPLDQBRRHOQWDM6Q3WWM3VAWM,TOKEN-ZOU7VSMCOQDPWMMJQ6ZS7I22XM,91723,settled_streaming,1,1785448780
TOKEN-4K45SWR5GDHOVG74L4SICIUSPE,1785448772,1785448777,ACC-YRPLDQBRRHOQWDM6Q3WWM3VAWM,TOKEN-Q2P4WGF6BZ3JRYU5FQ4AGFIQHI,2685,settled_streaming,1,1785448777
TOKEN-DLIIQSNSKLWYF4Q7LAAA4O3PPI,1785448773,1785448777,ACC-YRPLDQBRRHOQWDM6Q3WWM3VAWM,TOKEN-VUUFWBVLSPAGGOORJUA4KQNZZM,411,settled_streaming,1,1785448777
TOKEN-WZBFODYUPWFGT2233P2C2IGPJE,1785448773,1785448779,ACC-YRPLDQBRRHOQWDM6Q3WWM3VAWM,TOKEN-FNBUT53BIAHZOD2VASIHRYMIYA,1394,settled_streaming,1,1785448779
TOKEN-CYL7MHHCLZDPGIUQUBNOWORF2Q,1785448774,1785448790,ACC-YRPLDQBRRHOQWDM6Q3WWM3VAWM,TOKEN-WHQX3SXWPTIVY3M5X76RPD2GN4,108252,settled_streaming,1,1785448790
TOKEN-7UCRVK6MYP6KYKRPLCHI6EAYNA,1785448775,1785448875,ACC-YRPLDQBRRHOQWDM6Q3WWM3VAWM,TOKEN-HFE2IZWKZZH3EBPPQK76KV3ZUM,4899,settled_streaming,1,1785448875
TOKEN-JLBJME2RKYMVRBXQFURH3AYAIA,1785448777,1785448780,ACC-YRPLDQBRRHOQWDM6Q3WWM3VAWM,TOKEN-2HACGJDTW5MWKYIDOAIGTMVJDM,2755,settled_streaming,1,1785448780
TOKEN-JWIZA334YZVA5RHIZO46EBEGNE,1785448778,1785448789,ACC-YRPLDQBRRHOQWDM6Q3WWM3VAWM,TOKEN-YVBKXBXPWWEI54LEKBRBFUVUIU,119001,settled_streaming,1,1785448789
TOKEN-CEKWMKGNDMDSYS3SIXBCYU5PLQ,1785448779,1785448787,ACC-YRPLDQBRRHOQWDM6Q3WWM3VAWM,TOKEN-5NQFC2577EGON5P7OVE7ZDNU3I,387,settled_streaming,1,1785448787
TOKEN-22J5FLPOHLNUGIDQ7NROUWH4K4,1785448780,1785448800,ACC-YRPLDQBRRHOQWDM6Q3WWM3VAWM,TOKEN-QBWKIE2XA3FJKHU2JHSHU5UT6U,77074,settled_streaming,1,1785448800
TOKEN-SRJU2HYRORP7LKAHI3EVPH4J7I,1785448780,1785448786,ACC-YRPLDQBRRHOQWDM6Q3WWM3VAWM,TOKEN-IXJESQ3NA4RNDWFJAH4Y33PJBY,2628,settled_streaming,1,1785448786
TOKEN-EFY3POMIHXJRW5K3GKVIRADDCA,1785448786,1785448790,ACC-YRPLDQBRRHOQWDM6Q3WWM3VAWM,TOKEN-JC6YRZ4EVAXCHMRG36P3LFDP6A,2405,settled_streaming,1,1785448790
TOKEN-C5JSVVIHJRZWM2EXDVY4HU32PM,1785448788,1785448795,ACC-YRPLDQBRRHOQWDM6Q3WWM3VAWM,TOKEN-XOGEVBVCYFCW33Q7CXEAYMEPI4,7558,settled_streaming,1,1785448795
TOKEN-WJPXP34YF4GDDRBDZLBLLPCYXM,1785448791,1785448848,ACC-YRPLDQBRRHOQWDM6Q3WWM3VAWM,TOKEN-4FTAPS46AHVPFQ3GU7KQGVVLZY,5507,settled_streaming,1,1785448848
TOKEN-6N3GBXR2JJ5C5IONAXLTNLQUBI,1785448792,1785448796,ACC-YRPLDQBRRHOQWDM6Q3WWM3VAWM,TOKEN-ZOU7VSMCOQDPWMMJQ6ZS7I22XM,94048,settled_streaming,1,1785448796
TOKEN-4KBUTJNAFMHTCPH4HMHO6TN6RU,1785448794,1785448799,ACC-YRPLDQBRRHOQWDM6Q3WWM3VAWM,TOKEN-WG3MCB6N4PEBK5W7652CVEZK6A,228716,settled_streaming,1,1785448799
TOKEN-54S5GDTYUSWR5RIDXCV56WZSUI,1785448795,1785448808,ACC-YRPLDQBRRHOQWDM6Q3WWM3VAWM,TOKEN-UYFPLUU3PD4WZZKQ7AJVMQRVNU,1293,settled_streaming,1,1785448808
TOKEN-A3VY27YBBAARISF2JI3ZLFKF5E,1785448796,1785448804,ACC-YRPLDQBRRHOQWDM6Q3WWM3VAWM,TOKEN-YVBKXBXPWWEI54LEKBRBFUVUIU,122077,settled_streaming,1,1785448804
TOKEN-FUQUUQMGHAPKPYZZPZLNSGK2EY,1785448801,1785448835,ACC-YRPLDQBRRHOQWDM6Q3WWM3VAWM,TOKEN-WG3MCB6N4PEBK5W7652CVEZK6A,229961,settled_streaming,1,1785448835
TOKEN-UGUZKG6RIAXZNPYAF7XRAPGSJE,1785448802,1785448807,ACC-YRPLDQBRRHOQWDM6Q3WWM3VAWM,TOKEN-WHQX3SXWPTIVY3M5X76RPD2GN4,109368,settled_streaming,1,1785448807
TOKEN-CGECTOIJSNNEJR5ZUFHANJK4QY,1785448808,1785448820,ACC-YRPLDQBRRHOQWDM6Q3WWM3VAWM,TOKEN-EFGIFWIA372DFCWD4S4JKGQPGE,390,settled_streaming,1,1785448820
TOKEN-UK22LNAZJQH35NSJN4XVDZK2FA,1785448808,1785448814,ACC-YRPLDQBRRHOQWDM6Q3WWM3VAWM,TOKEN-QBWKIE2XA3FJKHU2JHSHU5UT6U,78497,settled_streaming,1,1785448814
TOKEN-P2HUVALAAIWYSJPKVYZDQBNU6U,1785448808,1785448808,ACC-YRPLDQBRRHOQWDM6Q3WWM3VAWM,TOKEN-ZD6UR3CBUPVHH5VD5NR4PBI6HI,411,websocket_fallback_context_recovering,0,0
TOKEN-V3YT73UET6VLVVOL6OMFUK4XDQ,1785448810,1785448823,ACC-YRPLDQBRRHOQWDM6Q3WWM3VAWM,TOKEN-YVBKXBXPWWEI54LEKBRBFUVUIU,125416,settled_streaming,1,1785448823
TOKEN-XXMBWMR7ULACBHMWHYXRJ545JQ,1785448810,1785448825,ACC-YRPLDQBRRHOQWDM6Q3WWM3VAWM,TOKEN-WHQX3SXWPTIVY3M5X76RPD2GN4,113488,settled_streaming,1,1785448825
TOKEN-L33JBGP54TSGDF6EGLMXWBXCK4,1785448812,1785448828,ACC-YRPLDQBRRHOQWDM6Q3WWM3VAWM,TOKEN-7LYJZ3VHRJXHW7SLGQH7C32AFI,372000,settled_streaming,1,1785448828
TOKEN-TKDYSY45TLFYUKMXF4OCC26GIA,1785448819,1785448825,ACC-YRPLDQBRRHOQWDM6Q3WWM3VAWM,TOKEN-QBWKIE2XA3FJKHU2JHSHU5UT6U,79719,settled_streaming,1,1785448825
TOKEN-3RMRVDLN5GOGDREAOMQM5XLLOI,1785448819,1785448819,ACC-YRPLDQBRRHOQWDM6Q3WWM3VAWM,TOKEN-3XGA7IYKYMGPYPE74XH4O7CJXU,376,websocket_fallback_context_recovering,0,0
TOKEN-632265WNJX26V5VYUGQAH2PWQA,1785448820,1785448828,ACC-YRPLDQBRRHOQWDM6Q3WWM3VAWM,TOKEN-TZ4TT4UK3NCOI2PEEE3FDMIGPQ,372000,settled_streaming,1,1785448828
TOKEN-Y6LNB4ILLDYO65EO3GEGHPKN6M,1785448828,1785448836,ACC-YRPLDQBRRHOQWDM6Q3WWM3VAWM,TOKEN-QBWKIE2XA3FJKHU2JHSHU5UT6U,81592,settled_streaming,1,1785448836
TOKEN-SUMPN32D6L5YNK255RWWY2GSPY,1785448828,1785448841,ACC-YRPLDQBRRHOQWDM6Q3WWM3VAWM,TOKEN-WHQX3SXWPTIVY3M5X76RPD2GN4,115040,settled_streaming,1,1785448841
TOKEN-JJCWE5SSPKWMNF63SSGGLSEB5Q,1785448829,1785448832,ACC-YRPLDQBRRHOQWDM6Q3WWM3VAWM,TOKEN-ZOU7VSMCOQDPWMMJQ6ZS7I22XM,94486,settled_streaming,1,1785448832
TOKEN-IENO3UIGCYVZU2DXIAT2IBEKDA,1785448829,1785448858,ACC-YRPLDQBRRHOQWDM6Q3WWM3VAWM,TOKEN-Q2VOUVR4757ZKZW2ET3KYXA3C4,460,settled_streaming,1,1785448858
TOKEN-KQWDLAP5T2UPOWCUOC4XGFQMWQ,1785448834,1785448843,ACC-YRPLDQBRRHOQWDM6Q3WWM3VAWM,TOKEN-YVBKXBXPWWEI54LEKBRBFUVUIU,126558,settled_streaming,1,1785448843
TOKEN-37EJ5WGLJLNXDVBUR2B2CLUU4A,1785448834,1785448847,ACC-YRPLDQBRRHOQWDM6Q3WWM3VAWM,TOKEN-WCBLMGZEKUNCS3TBPUJZE6Z4TM,437,settled_streaming,1,1785448847
TOKEN-G2B6LK6RCCASHIRJ7VVBYWJVGU,1785448837,1785448843,ACC-YRPLDQBRRHOQWDM6Q3WWM3VAWM,TOKEN-QBWKIE2XA3FJKHU2JHSHU5UT6U,82997,settled_streaming,1,1785448843
TOKEN-COEN6BQHVY2XH2LY2DBTQZICWA,1785448838,1785448856,ACC-YRPLDQBRRHOQWDM6Q3WWM3VAWM,TOKEN-WG3MCB6N4PEBK5W7652CVEZK6A,233167,settled_streaming,1,1785448856
TOKEN-INNHPFZI3MODJOAAOFRSG7A4EY,1785448844,1785448851,ACC-YRPLDQBRRHOQWDM6Q3WWM3VAWM,TOKEN-QBWKIE2XA3FJKHU2JHSHU5UT6U,83814,settled_streaming,1,1785448851
TOKEN-XA244WC7S2HPNUGWNUCH7B2UWA,1785448845,1785448853,ACC-YRPLDQBRRHOQWDM6Q3WWM3VAWM,TOKEN-ZOU7VSMCOQDPWMMJQ6ZS7I22XM,94918,settled_streaming,1,1785448853
TOKEN-UEN4EKRGTML2ODD7U6YWVZHGQA,1785448846,1785448854,ACC-YRPLDQBRRHOQWDM6Q3WWM3VAWM,TOKEN-WHQX3SXWPTIVY3M5X76RPD2GN4,121292,settled_streaming,1,1785448854
TOKEN-Y35TOCAOCHM4EYM3YY2WA56XDU,1785448849,1785448922,ACC-YRPLDQBRRHOQWDM6Q3WWM3VAWM,TOKEN-4RYKGPZBBOEARFOJ4LJCNUX2VQ,1498,settled_streaming,1,1785448922
TOKEN-54TVLPWCWYUEJLONLRZ2IIFHSU,1785448851,1785448881,ACC-YRPLDQBRRHOQWDM6Q3WWM3VAWM,TOKEN-4BRWBPPEQKIUJTJQ7JXUGODPFE,389,settled_streaming,1,1785448881
TOKEN-KSJD6YWB2WWV6RS4FTYIT65A2U,1785448852,1785448894,ACC-YRPLDQBRRHOQWDM6Q3WWM3VAWM,TOKEN-QBWKIE2XA3FJKHU2JHSHU5UT6U,85020,settled_streaming,1,1785448894
TOKEN-UOAIBBCTWSZBHEZPXIOUQUFWMI,1785448855,1785448861,ACC-YRPLDQBRRHOQWDM6Q3WWM3VAWM,TOKEN-BZ76A6NJABKCGIDO4MDFAGV3LA,411,settled_streaming,1,1785448861
TOKEN-H5FRFTV76TZMBU4EQGVIPD5A7U,1785448856,1785448861,ACC-YRPLDQBRRHOQWDM6Q3WWM3VAWM,TOKEN-YVBKXBXPWWEI54LEKBRBFUVUIU,127220,settled_streaming,1,1785448861
TOKEN-ZAI7NNHSI46JDIYFSBDNUTF5MM,1785448857,1785448863,ACC-YRPLDQBRRHOQWDM6Q3WWM3VAWM,TOKEN-WG3MCB6N4PEBK5W7652CVEZK6A,234395,settled_streaming,1,1785448863
TOKEN-EZSCSCQMS6D3QGIXDA52OOO7XM,1785448858,1785448866,ACC-YRPLDQBRRHOQWDM6Q3WWM3VAWM,TOKEN-ZOU7VSMCOQDPWMMJQ6ZS7I22XM,96350,settled_streaming,1,1785448866
TOKEN-VM7BN6LLU4V5XOWS5NVR4P3CWE,1785448864,1785448874,ACC-YRPLDQBRRHOQWDM6Q3WWM3VAWM,TOKEN-WG3MCB6N4PEBK5W7652CVEZK6A,235111,settled_streaming,1,1785448874
TOKEN-VYD6DYIKABPWVOUSXYOTOEOWZU,1785448868,1785448870,ACC-YRPLDQBRRHOQWDM6Q3WWM3VAWM,TOKEN-WHQX3SXWPTIVY3M5X76RPD2GN4,122114,settled_streaming,1,1785448870
TOKEN-PTYNEZH6OA2SKEG3D6GXS5TRI4,1785448872,1785448894,ACC-YRPLDQBRRHOQWDM6Q3WWM3VAWM,TOKEN-ZOU7VSMCOQDPWMMJQ6ZS7I22XM,100055,settled_streaming,1,1785448894
TOKEN-7GZZAGMJBHK3MUPRTAAOUGQ4J4,1785448875,1785448882,ACC-YRPLDQBRRHOQWDM6Q3WWM3VAWM,TOKEN-WG3MCB6N4PEBK5W7652CVEZK6A,235978,settled_streaming,1,1785448882
TOKEN-QG5JZ6U3KYSS7YSKLD5HSL6IBI,1785448875,1785448881,ACC-YRPLDQBRRHOQWDM6Q3WWM3VAWM,TOKEN-YVBKXBXPWWEI54LEKBRBFUVUIU,127729,settled_streaming,1,1785448881
TOKEN-SIOHWPVGQEXAYZPV4XO6ICOFFU,1785448876,1785448889,ACC-YRPLDQBRRHOQWDM6Q3WWM3VAWM,TOKEN-6ATW2XD7ZRT7DXMLR5AGU7S3TU,96240,settled_streaming,1,1785448889
TOKEN-XCBIVLPKOPCUT3N2FDFJEP7NTA,1785448883,1785448890,ACC-YRPLDQBRRHOQWDM6Q3WWM3VAWM,TOKEN-WG3MCB6N4PEBK5W7652CVEZK6A,236580,settled_streaming,1,1785448890
TOKEN-S7IVVRTA6S555EHTISXF4C3ZIQ,1785448885,1785448905,ACC-YRPLDQBRRHOQWDM6Q3WWM3VAWM,TOKEN-XJHDY24CCKQP3EOMK4MJO7BFCQ,569,settled_streaming,1,1785448905
TOKEN-JYWU3HE7TOXJZSKVJPVP2HKGBQ,1785448886,1785448893,ACC-YRPLDQBRRHOQWDM6Q3WWM3VAWM,TOKEN-WHQX3SXWPTIVY3M5X76RPD2GN4,122589,settled_streaming,1,1785448893
TOKEN-ZI7BEORKHBTGCG5NKWPTHDB5RY,1785448889,1785448936,ACC-YRPLDQBRRHOQWDM6Q3WWM3VAWM,TOKEN-M55ANYO4XNZRBFVOETG2M5L7KE,1562,settled_streaming,1,1785448936
TOKEN-7AGMEKF2N4XBDVWRQCXTDFSZH4,1785448891,1785448895,ACC-YRPLDQBRRHOQWDM6Q3WWM3VAWM,TOKEN-6NOP7SDBGOP4WSCBFCUQWDRFRM,411,settled_streaming,1,1785448895
TOKEN-GRXVK6UY7JCWF7CCFMVI2IOQ24,1785448892,1785448899,ACC-YRPLDQBRRHOQWDM6Q3WWM3VAWM,TOKEN-WG3MCB6N4PEBK5W7652CVEZK6A,238503,settled_streaming,1,1785448899
TOKEN-T7CAQSBG25LTGIH2F2F6KILNYE,1785448893,1785448960,ACC-YRPLDQBRRHOQWDM6Q3WWM3VAWM,TOKEN-YVBKXBXPWWEI54LEKBRBFUVUIU,129694,settled_streaming,1,1785448960
TOKEN-GFH4WGYC5J2VNDVJXEGZ5F3T7I,1785448894,1785448898,ACC-YRPLDQBRRHOQWDM6Q3WWM3VAWM,TOKEN-QBWKIE2XA3FJKHU2JHSHU5UT6U,86551,settled_streaming,1,1785448898
TOKEN-34VMYVJJRJTKFLJDWTJCRZ6WOI,1785448896,1785448908,ACC-YRPLDQBRRHOQWDM6Q3WWM3VAWM,TOKEN-WHQX3SXWPTIVY3M5X76RPD2GN4,123441,settled_streaming,1,1785448908
TOKEN-5MHL5PBM43FH4RNMQTQBKFZRZI,1785448898,1785448914,ACC-YRPLDQBRRHOQWDM6Q3WWM3VAWM,TOKEN-QBWKIE2XA3FJKHU2JHSHU5UT6U,87565,settled_streaming,1,1785448914
TOKEN-ARLINCZUJO5RACTQ4STEM76BUQ,1785448902,1785448939,ACC-YRPLDQBRRHOQWDM6Q3WWM3VAWM,TOKEN-WG3MCB6N4PEBK5W7652CVEZK6A,239424,stream_interrupted_compensated,1,1785448939
TOKEN-WAAESR35HCYHBA23YRW5ASMOOQ,1785448905,1785448910,ACC-YRPLDQBRRHOQWDM6Q3WWM3VAWM,TOKEN-UT2OHBVGZGKQTQIE6RQW5VBO6A,1048,stream_interrupted_compensated,1,1785448910
TOKEN-S2KISY34CMYVSLY2NZ343VPYDA,1785448907,1785448910,ACC-YRPLDQBRRHOQWDM6Q3WWM3VAWM,TOKEN-ZOU7VSMCOQDPWMMJQ6ZS7I22XM,101436,settled_streaming,1,1785448910
TOKEN-6CBMBHSN2FOUDIW2HMNSTABMRE,1785448909,1785449025,ACC-YRPLDQBRRHOQWDM6Q3WWM3VAWM,TOKEN-PBU7HHFO3APFKRN24NMGXXXGME,29765,settled_streaming,1,1785449025
TOKEN-DQP2KRPJZMTXJRFEYI3D7MDAJY,1785448911,1785448928,ACC-YRPLDQBRRHOQWDM6Q3WWM3VAWM,TOKEN-QPTJ7G27TYV4FNB6KUOGNTIY2A,379,settled_streaming,1,1785448928
TOKEN-5Y2KCZRI6AXQ4QNWFJYUJ4CO34,1785448911,1785448921,ACC-YRPLDQBRRHOQWDM6Q3WWM3VAWM,TOKEN-7WG6CHUA6HJLLA4XNG4QBVZWTI,224932,settled_streaming,1,1785448921
TOKEN-BUI4IO3TSIGU63VEBEV2RHRGVE,1785448912,1785448922,ACC-YRPLDQBRRHOQWDM6Q3WWM3VAWM,TOKEN-WHQX3SXWPTIVY3M5X76RPD2GN4,125161,settled_streaming,1,1785448922
TOKEN-BXNFUCLDZFJAGO4WECBNZGBKAQ,1785448915,1785448930,ACC-YRPLDQBRRHOQWDM6Q3WWM3VAWM,TOKEN-QBWKIE2XA3FJKHU2JHSHU5UT6U,89071,settled_streaming,1,1785448930
TOKEN-BOHVUZVKLEH7TPMZZMYU4YHSAM,1785448923,1785448927,ACC-YRPLDQBRRHOQWDM6Q3WWM3VAWM,TOKEN-3PSE46SJGQDCXLIBRNJI2DE2JE,3683,settled_streaming,1,1785448927
TOKEN-RDECWPAEZYSW5SG2N6ZD3VK4B4,1785448926,1785448930,ACC-YRPLDQBRRHOQWDM6Q3WWM3VAWM,TOKEN-PFYRLL6BJWS7B6ZUHMNB52IC5A,411,settled_streaming,1,1785448930
TOKEN-XCDADULJ7MZGUPAPN7Y5V5HXRU,1785448927,1785448936,ACC-YRPLDQBRRHOQWDM6Q3WWM3VAWM,TOKEN-KTD2OFKCSTQ3NY2JMZJC4C5IR4,1568,settled_streaming,1,1785448936
TOKEN-JVY4Q6FBHHYKADQXJ2SWDUAVN4,1785448928,1785448954,ACC-YRPLDQBRRHOQWDM6Q3WWM3VAWM,TOKEN-FX6YLEQGCGYGFWJQUVS45OPOUU,381,settled_streaming,1,1785448954
TOKEN-KW537HJYYBKZ3YZWHOD4I4N3CI,1785448932,1785448935,ACC-YRPLDQBRRHOQWDM6Q3WWM3VAWM,TOKEN-I5IC3FCBZ76WKPSJGYQXVVNJYE,388,settled_streaming,1,1785448935
TOKEN-H2ETX237MBH4D53TTVW2TAXYUI,1785448935,1785448942,ACC-YRPLDQBRRHOQWDM6Q3WWM3VAWM,TOKEN-3I7VJ6PHKMV7A636UUOCWNCCFY,1015,settled_streaming,1,1785448942
TOKEN-B2DM4Y76OU4KVGCM7JIOH75V6E,1785448935,1785448937,ACC-YRPLDQBRRHOQWDM6Q3WWM3VAWM,TOKEN-WHQX3SXWPTIVY3M5X76RPD2GN4,125857,settled_streaming,1,1785448937
TOKEN-LE5DY5YSXRQB4WK4CBQGF4ACUE,1785448936,1785448956,ACC-YRPLDQBRRHOQWDM6Q3WWM3VAWM,TOKEN-V2B2W7QQPNXN5ONWTKBFPG37BY,45199,settled_streaming,1,1785448956
TOKEN-JTZTQGPVOYPDSYJTITQRV6GWAQ,1785448936,1785448948,ACC-YRPLDQBRRHOQWDM6Q3WWM3VAWM,TOKEN-FOLL35FQ3VQRHPHXCOJMDCKZ2U,1993,settled_streaming,1,1785448948
TOKEN-SFHEJUESLZKXW5DD6AX3A7UYTU,1785448941,1785448947,ACC-YRPLDQBRRHOQWDM6Q3WWM3VAWM,TOKEN-QBWKIE2XA3FJKHU2JHSHU5UT6U,90000,settled_streaming,1,1785448947
TOKEN-BWQK4EN7ZJ76QDWOCVFGDZDXAM,1785448941,1785448950,ACC-YRPLDQBRRHOQWDM6Q3WWM3VAWM,TOKEN-WHQX3SXWPTIVY3M5X76RPD2GN4,128907,settled_streaming,1,1785448950
TOKEN-MMEN5EUZHO4ALWG45BYZDSLVSM,1785448942,1785448948,ACC-YRPLDQBRRHOQWDM6Q3WWM3VAWM,TOKEN-WG3MCB6N4PEBK5W7652CVEZK6A,242491,settled_streaming,1,1785448948
TOKEN-L37DMO6PPSIVYGWAUFAMXSDZUQ,1785448942,1785448949,ACC-YRPLDQBRRHOQWDM6Q3WWM3VAWM,TOKEN-ZOU7VSMCOQDPWMMJQ6ZS7I22XM,101971,settled_streaming,1,1785448949
TOKEN-SXDQIDCEU7AIFYEOQFVSXMQHCU,1785448943,1785448949,ACC-YRPLDQBRRHOQWDM6Q3WWM3VAWM,TOKEN-HMPEX65F5LR2LHI3LJL55DBC5U,372000,settled_streaming,1,1785448949
TOKEN-UOAAZUB24JPKI3FY5DQD6GCIOU,1785448948,1785449143,ACC-YRPLDQBRRHOQWDM6Q3WWM3VAWM,TOKEN-RV5ZBYIUDKEUALCYG2PIX32AYU,3067,settled_streaming,1,1785449143
TOKEN-PPWOQMYIV2ACJJHOHBMJNCLEFQ,1785448950,1785448955,ACC-YRPLDQBRRHOQWDM6Q3WWM3VAWM,TOKEN-6WINIB5MLTRYI253ELNK7ZHND4,372000,settled_streaming,1,1785448955
TOKEN-THFFQLDFUJQPWDNFE6TUEXS2KE,1785448950,1785448999,ACC-YRPLDQBRRHOQWDM6Q3WWM3VAWM,TOKEN-WG3MCB6N4PEBK5W7652CVEZK6A,243579,settled_streaming,1,1785448999
TOKEN-GFYDZSDRRWWT4ELREK3QOL47VQ,1785448955,1785449007,ACC-YRPLDQBRRHOQWDM6Q3WWM3VAWM,TOKEN-WHQX3SXWPTIVY3M5X76RPD2GN4,130201,settled_streaming,1,1785449007
TOKEN-AIDRAN6AQ7TUI7HR3OM7RPJKIE,1785448956,1785448964,ACC-YRPLDQBRRHOQWDM6Q3WWM3VAWM,TOKEN-PI7J2AU6AOAONBZB7BSIA35EBM,366862,settled_streaming,1,1785448964
TOKEN-ID6TUAOZW3BZBDD7LQTXMYUFUE,1785448956,1785448972,ACC-YRPLDQBRRHOQWDM6Q3WWM3VAWM,TOKEN-HK3U5YSAH6X6GIH27G6TMUNBDU,111316,settled_streaming,1,1785448972
TOKEN-VPYBZSI3US4EOZEMVHZHYCGODM,1785448957,1785448963,ACC-YRPLDQBRRHOQWDM6Q3WWM3VAWM,TOKEN-LMMMVBKT4WAUCBRAY4SDQURL44,32616,settled_streaming,1,1785448963
TOKEN-BMMFVND5RYKUHHV3BVDEYIDEP4,1785448958,1785448976,ACC-YRPLDQBRRHOQWDM6Q3WWM3VAWM,TOKEN-CPGMG7TW7E3QWJMTEI37YHO2JI,393,settled_streaming,1,1785448976
TOKEN-4V3CMWFWDLHI37SBY34BYVFH7A,1785448960,1785448968,ACC-YRPLDQBRRHOQWDM6Q3WWM3VAWM,TOKEN-QBWKIE2XA3FJKHU2JHSHU5UT6U,90631,settled_streaming,1,1785448968
TOKEN-EDLLXGQBFKJQD3TXB7UPGY5BSE,1785448960,1785448964,ACC-YRPLDQBRRHOQWDM6Q3WWM3VAWM,TOKEN-XBFAYTB7BIDAFNHNZOPWHYPBUU,411,settled_streaming,1,1785448964
TOKEN-JK7Q25VBH7VTCHKURSMTYQTUVU,1785448962,1785448964,ACC-YRPLDQBRRHOQWDM6Q3WWM3VAWM,TOKEN-ZOU7VSMCOQDPWMMJQ6ZS7I22XM,102651,settled_streaming,1,1785448964
TOKEN-VPMJRESZFT2NCJPRSKD7A5SSZE,1785448964,1785449137,ACC-YRPLDQBRRHOQWDM6Q3WWM3VAWM,TOKEN-LMMMVBKT4WAUCBRAY4SDQURL44,33080,settled_streaming,1,1785449137
TOKEN-O7BLURFI66RY2MKBF6CAC53HAA,1785448965,1785448974,ACC-YRPLDQBRRHOQWDM6Q3WWM3VAWM,TOKEN-23MAD4TY5E6TAT26D27NCK55JU,372000,settled_streaming,1,1785448974
TOKEN-XYPAHKPPUPK2SRCFSGJ6PZW4TE,1785448968,1785448983,ACC-YRPLDQBRRHOQWDM6Q3WWM3VAWM,TOKEN-YVBKXBXPWWEI54LEKBRBFUVUIU,134268,settled_streaming,1,1785448983
TOKEN-XWW7JJ2LEPRCMIRUMNWOLHKSXE,1785448971,1785448986,ACC-YRPLDQBRRHOQWDM6Q3WWM3VAWM,TOKEN-QBWKIE2XA3FJKHU2JHSHU5UT6U,92803,settled_streaming,1,1785448986
TOKEN-57OLMTUWCKPP5NVHICOP6MSLNI,1785448973,1785448977,ACC-YRPLDQBRRHOQWDM6Q3WWM3VAWM,TOKEN-CZEB5AVSIQBSNT5477UJE5ARXA,135434,settled_streaming,1,1785448977
TOKEN-KZUP5QJGJWM5WC7DXCFCPHX5XM,1785448974,1785448978,ACC-YRPLDQBRRHOQWDM6Q3WWM3VAWM,TOKEN-2FK4X6YZAB7COP23CL6CLSUB54,390,settled_streaming,1,1785448978
TOKEN-WX3DC5FWZMIM45VSOHAONWGZWE,1785448977,1785449340,ACC-YRPLDQBRRHOQWDM6Q3WWM3VAWM,TOKEN-U65YAMMQYNW66NRGRUMFV7TPTQ,95669,settled_streaming,1,1785449340
TOKEN-HNOKUBM5QXX6JG23ZIMQZ4U4CU,1785448979,1785448986,ACC-YRPLDQBRRHOQWDM6Q3WWM3VAWM,TOKEN-N4KSYSPSWQMOUAEFJU6FVPWSAY,372000,settled_streaming,1,1785448986
TOKEN-KGV5A5AGHZM4QNCW6FCYGMCUBI,1785448980,1785448987,ACC-YRPLDQBRRHOQWDM6Q3WWM3VAWM,TOKEN-FVMZITS46QBMGO53MC6MC6KJKY,376,settled_streaming,1,1785448987
TOKEN-WTBCT6XTTD5E3MIIFLPH4PEAYM,1785448987,1785449002,ACC-YRPLDQBRRHOQWDM6Q3WWM3VAWM,TOKEN-JUKJGSHVPVQXOABMHQE3B4GWKA,372000,settled_streaming,1,1785449002
TOKEN-JIAWLH7E6T7D43XES7RXEQHLIY,1785448991,1785449014,ACC-YRPLDQBRRHOQWDM6Q3WWM3VAWM,TOKEN-Y6PQAY5F4JIFMYCLDXJJK73GOA,1971,settled_streaming,1,1785449014
TOKEN-6STI4AVHEWZZ6WKXLYCGQZRVYA,1785448993,1785449013,ACC-YRPLDQBRRHOQWDM6Q3WWM3VAWM,TOKEN-QBWKIE2XA3FJKHU2JHSHU5UT6U,95984,settled_streaming,1,1785449013
TOKEN-5WGUTTDMPKGGBMZXUZ5LYQOWXM,1785448994,1785448998,ACC-YRPLDQBRRHOQWDM6Q3WWM3VAWM,TOKEN-LPTZDDLCTQATGU7I2HLD72NHUI,411,settled_streaming,1,1785448998
TOKEN-ISFNHP7EXT6MG5GX52XLXRP4V4,1785448996,1785448999,ACC-YRPLDQBRRHOQWDM6Q3WWM3VAWM,TOKEN-YVBKXBXPWWEI54LEKBRBFUVUIU,134894,settled_streaming,1,1785448999
TOKEN-JHMGYK5FONOZH6MSXQBZXSMETQ,1785448997,1785449001,ACC-YRPLDQBRRHOQWDM6Q3WWM3VAWM,TOKEN-ZOU7VSMCOQDPWMMJQ6ZS7I22XM,104115,settled_streaming,1,1785449001
TOKEN-M2OWNLSZLFQLUIWWZATN62ZKM4,1785449002,1785449012,ACC-YRPLDQBRRHOQWDM6Q3WWM3VAWM,TOKEN-WG3MCB6N4PEBK5W7652CVEZK6A,247275,settled_streaming,1,1785449012
TOKEN-GLX7Z7QX3CDX6X6JLVUYARW5FI,1785449008,1785449018,ACC-YRPLDQBRRHOQWDM6Q3WWM3VAWM,TOKEN-YVBKXBXPWWEI54LEKBRBFUVUIU,136735,settled_streaming,1,1785449019
TOKEN-USQTR5ZOVHLQBMGBNV6CJKHLVQ,1785449009,1785449016,ACC-YRPLDQBRRHOQWDM6Q3WWM3VAWM,TOKEN-JKMCTWLQW3ELB23TIN2PRI5KFM,467,settled_streaming,1,1785449016
TOKEN-LAUFCHWFVGYGWCWGMS4D5LW5GQ,1785449012,1785449017,ACC-YRPLDQBRRHOQWDM6Q3WWM3VAWM,TOKEN-WHQX3SXWPTIVY3M5X76RPD2GN4,133766,settled_streaming,1,1785449017
TOKEN-JK7OLVHWX7IIYDMVHKMERUYTKM,1785449014,1785449022,ACC-YRPLDQBRRHOQWDM6Q3WWM3VAWM,TOKEN-WG3MCB6N4PEBK5W7652CVEZK6A,249410,settled_streaming,1,1785449022
TOKEN-YVWBXUKBZGAESZNIURY4JCBLJI,1785449014,1785449040,ACC-YRPLDQBRRHOQWDM6Q3WWM3VAWM,TOKEN-ZOU7VSMCOQDPWMMJQ6ZS7I22XM,105558,settled_streaming,1,1785449040
TOKEN-X6WP7UJHWG3TCWZ75JDR5ANHPQ,1785449014,1785449024,ACC-YRPLDQBRRHOQWDM6Q3WWM3VAWM,TOKEN-QBWKIE2XA3FJKHU2JHSHU5UT6U,97887,settled_streaming,1,1785449024
TOKEN-RHVFZNJ47DB4PR2OVKI3WDKAKU,1785449018,1785449052,ACC-YRPLDQBRRHOQWDM6Q3WWM3VAWM,TOKEN-WKBD7PCCS2HXBYXBAXFZYY64HY,376,settled_streaming,1,1785449052
TOKEN-NT2QT7UZ2HL4WRYDT7KL2FOHZI,1785449018,1785449028,ACC-YRPLDQBRRHOQWDM6Q3WWM3VAWM,TOKEN-O6IHHJ7S6R5HOL6BCFY6HYB3DY,941,settled_streaming,1,1785449028
TOKEN-LA3N6PBQUL5AZULX2XDOWF3RTE,1785449020,1785449029,ACC-YRPLDQBRRHOQWDM6Q3WWM3VAWM,TOKEN-WHQX3SXWPTIVY3M5X76RPD2GN4,134459,settled_streaming,1,1785449029
TOKEN-UDMWOFXER2BDAKSF2A4WCI23Q4,1785449023,1785449032,ACC-YRPLDQBRRHOQWDM6Q3WWM3VAWM,TOKEN-WG3MCB6N4PEBK5W7652CVEZK6A,250051,settled_streaming,1,1785449032
TOKEN-JJX763TRWLC23JOGBFGGJWZSRE,1785449027,1785449201,ACC-YRPLDQBRRHOQWDM6Q3WWM3VAWM,TOKEN-PBU7HHFO3APFKRN24NMGXXXGME,38846,settled_streaming,1,1785449201
TOKEN-QPE6YLIRDR6AGFIGLPB4HZDXR4,1785449028,1785449033,ACC-YRPLDQBRRHOQWDM6Q3WWM3VAWM,TOKEN-X36MOOX7BIEXBWGNEA6S6QNBD4,411,settled_streaming,1,1785449033
TOKEN-HHA5QOK6UYTNCJPIIO3DXQLLMQ,1785449029,1785449043,ACC-YRPLDQBRRHOQWDM6Q3WWM3VAWM,TOKEN-3PSTJGXWVBIRURMLQYEXGMWR74,1407,settled_streaming,1,1785449043
TOKEN-J4BHERT7HQPGOBAXOVW7ILYNQU,1785449032,1785449035,ACC-YRPLDQBRRHOQWDM6Q3WWM3VAWM,TOKEN-YVBKXBXPWWEI54LEKBRBFUVUIU,137532,settled_streaming,1,1785449035
TOKEN-JCU4IU67YWVI7KSRJGU4W5ZJJ4,1785449033,1785449041,ACC-YRPLDQBRRHOQWDM6Q3WWM3VAWM,TOKEN-QBWKIE2XA3FJKHU2JHSHU5UT6U,99497,settled_streaming,1,1785449041
TOKEN-XMVE5CTQ2LBSPQY2XHAD5F3LME,1785449035,1785449057,ACC-YRPLDQBRRHOQWDM6Q3WWM3VAWM,TOKEN-WG3MCB6N4PEBK5W7652CVEZK6A,250956,settled_streaming,1,1785449057
TOKEN-YDKR7VM7G2TL3MXTDO3FNVYPXY,1785449042,1785449045,ACC-YRPLDQBRRHOQWDM6Q3WWM3VAWM,TOKEN-WHQX3SXWPTIVY3M5X76RPD2GN4,135281,settled_streaming,1,1785449045
TOKEN-Y3UYUAOOVNIUSUUXLPHH4C5Z4E,1785449044,1785449054,ACC-YRPLDQBRRHOQWDM6Q3WWM3VAWM,TOKEN-6GVFTEY3TPZCGJ54JLBSQHEY5E,407,settled_streaming,1,1785449054
TOKEN-L2PJ2ONHM3UB5Y3H3WBFEPH35M,1785449045,1785449055,ACC-YRPLDQBRRHOQWDM6Q3WWM3VAWM,TOKEN-QBWKIE2XA3FJKHU2JHSHU5UT6U,102718,settled_streaming,1,1785449055
TOKEN-ZDE7GTILTB2W2Y3PXACGGL5YEM,1785449047,1785449055,ACC-YRPLDQBRRHOQWDM6Q3WWM3VAWM,TOKEN-ZOU7VSMCOQDPWMMJQ6ZS7I22XM,107646,settled_streaming,1,1785449055
TOKEN-GRFZFCCXRZMMGH4MTNG5KXPMBE,1785449048,1785449057,ACC-YRPLDQBRRHOQWDM6Q3WWM3VAWM,TOKEN-YVBKXBXPWWEI54LEKBRBFUVUIU,137840,settled_streaming,1,1785449057
TOKEN-ZBQSUMURNZSMMW4YEXZE5O3OWE,1785449055,1785449068,ACC-YRPLDQBRRHOQWDM6Q3WWM3VAWM,TOKEN-WHQX3SXWPTIVY3M5X76RPD2GN4,135901,settled_streaming,1,1785449068
TOKEN-ITORKY3HPLKSORUXCPUZFJ6JDY,1785449056,1785449064,ACC-YRPLDQBRRHOQWDM6Q3WWM3VAWM,TOKEN-QBWKIE2XA3FJKHU2JHSHU5UT6U,103732,settled_streaming,1,1785449064
TOKEN-75Q4DZNAO2WESTZ2H54X3KSKTU,1785449056,1785449074,ACC-YRPLDQBRRHOQWDM6Q3WWM3VAWM,TOKEN-AR7WSDQXUKFCW5N6WRSCTQXCUM,393,settled_streaming,1,1785449074
TOKEN-CEWHK4BY6YXTKTK45L4MLIL4TE,1785449060,1785449078,ACC-YRPLDQBRRHOQWDM6Q3WWM3VAWM,TOKEN-WG3MCB6N4PEBK5W7652CVEZK6A,253245,settled_streaming,1,1785449078
TOKEN-TV4Z7WZW7N7BA4G4GD6T6KNLJA,1785449061,1785449066,ACC-YRPLDQBRRHOQWDM6Q3WWM3VAWM,TOKEN-ZOU7VSMCOQDPWMMJQ6ZS7I22XM,112154,settled_streaming,1,1785449066
TOKEN-466DAZOT6UKIM3336ZQG4FSW4M,1785449063,1785449074,ACC-YRPLDQBRRHOQWDM6Q3WWM3VAWM,TOKEN-YOKWF4LHH7LMQMPJ77ZNK7F424,553,settled_streaming,1,1785449074
TOKEN-I2TB2QL2KEOAFL3UIAO225LHAY,1785449064,1785449068,ACC-YRPLDQBRRHOQWDM6Q3WWM3VAWM,TOKEN-GDSN6J2M6HTCLE2RDLGR6GDSRQ,411,settled_streaming,1,1785449068
TOKEN-RPNDNSMMOGWPBNCQSJNUHPOMRI,1785449064,1785449074,ACC-YRPLDQBRRHOQWDM6Q3WWM3VAWM,TOKEN-QBWKIE2XA3FJKHU2JHSHU5UT6U,104669,settled_streaming,1,1785449074
TOKEN-IDNC7B3BPYUGSABZSRLWBKHG7I,1785449070,1785449075,ACC-YRPLDQBRRHOQWDM6Q3WWM3VAWM,TOKEN-ZOU7VSMCOQDPWMMJQ6ZS7I22XM,112752,settled_streaming,1,1785449075
TOKEN-BSGZ5YRIW5TDFADNECFFAJS7XU,1785449070,1785449072,ACC-YRPLDQBRRHOQWDM6Q3WWM3VAWM,TOKEN-YVBKXBXPWWEI54LEKBRBFUVUIU,138536,settled_streaming,1,1785449072
TOKEN-IPRJT2AWZXLRRUW7S5FAEWLIUQ,1785449072,1785449079,ACC-YRPLDQBRRHOQWDM6Q3WWM3VAWM,TOKEN-WHQX3SXWPTIVY3M5X76RPD2GN4,136902,settled_streaming,1,1785449079
TOKEN-3NG6X5KDY2IDIEOJRKWZTYAOEA,1785449074,1785449081,ACC-YRPLDQBRRHOQWDM6Q3WWM3VAWM,TOKEN-YVBKXBXPWWEI54LEKBRBFUVUIU,139093,settled_streaming,1,1785449081
TOKEN-GZEFLUXLDOBGVTICKUTFV2LXZY,1785449075,1785449079,ACC-YRPLDQBRRHOQWDM6Q3WWM3VAWM,TOKEN-QBWKIE2XA3FJKHU2JHSHU5UT6U,105575,settled_streaming,1,1785449079
TOKEN-5BFMZXBM67JJ3GDZ6FS2BQP7N4,1785449075,1785449097,ACC-YRPLDQBRRHOQWDM6Q3WWM3VAWM,TOKEN-OOWR7JPJULRCKBFGHW7MMXUHAI,1269,settled_streaming,1,1785449097
TOKEN-PGAFD36A6ITHUPXRCIZKH2MRMM,1785449080,1785449101,ACC-YRPLDQBRRHOQWDM6Q3WWM3VAWM,TOKEN-ZOU7VSMCOQDPWMMJQ6ZS7I22XM,113676,settled_streaming,1,1785449101
TOKEN-L54KYXQBQU5QG3M24G4JH2JSGY,1785449080,1785449089,ACC-YRPLDQBRRHOQWDM6Q3WWM3VAWM,TOKEN-QBWKIE2XA3FJKHU2JHSHU5UT6U,106434,settled_streaming,1,1785449089
TOKEN-PJXI2UWZIWVVV6HCEVAV3Z67JE,1785449081,1785449132,ACC-YRPLDQBRRHOQWDM6Q3WWM3VAWM,TOKEN-WG3MCB6N4PEBK5W7652CVEZK6A,254662,settled_streaming,1,1785449132
TOKEN-P2YZHKXJLT4ZXBJG47PAELON4U,1785449087,1785449103,ACC-YRPLDQBRRHOQWDM6Q3WWM3VAWM,TOKEN-YVBKXBXPWWEI54LEKBRBFUVUIU,141937,settled_streaming,1,1785449103
TOKEN-6L5A7TJNKQZLILF2HTB6FPTNPQ,1785449090,1785449114,ACC-YRPLDQBRRHOQWDM6Q3WWM3VAWM,TOKEN-557A57IMI6K34T57TXDBWC3HUE,924,settled_streaming,1,1785449114
TOKEN-OHB7OCLMIDSZVJSBRKGGJGCEKM,1785449091,1785449096,ACC-YRPLDQBRRHOQWDM6Q3WWM3VAWM,TOKEN-QBWKIE2XA3FJKHU2JHSHU5UT6U,107292,settled_streaming,1,1785449096
TOKEN-3UMUM2IMCUSSVYJ2XHSAYE7AUU,1785449097,1785449103,ACC-YRPLDQBRRHOQWDM6Q3WWM3VAWM,TOKEN-NL3HSRU6OOFXENZBYQ2KTRR5WA,391,settled_streaming,1,1785449103
TOKEN-HRROGRM3CWQ7N3G7AQKYNST2JA,1785449098,1785449102,ACC-YRPLDQBRRHOQWDM6Q3WWM3VAWM,TOKEN-QBWKIE2XA3FJKHU2JHSHU5UT6U,108125,settled_streaming,1,1785449102
TOKEN-HUKU7BU62ARBF5DDIJR7IEY6BI,1785449099,1785449103,ACC-YRPLDQBRRHOQWDM6Q3WWM3VAWM,TOKEN-EOK2F6G7D5B7T2ZP3IM6YSGUJY,411,settled_streaming,1,1785449103
TOKEN-FFOLCPTTWT5SZC5LXGMAEBSL3U,1785449104,1785449115,ACC-YRPLDQBRRHOQWDM6Q3WWM3VAWM,TOKEN-QBWKIE2XA3FJKHU2JHSHU5UT6U,108925,settled_streaming,1,1785449115
TOKEN-BCG72K5QIF65TWWJOOOOTTJAVE,1785449104,1785449113,ACC-YRPLDQBRRHOQWDM6Q3WWM3VAWM,TOKEN-H7RBZU2VBIVPPGJI6YAUZKBMO4,539,settled_streaming,1,1785449113
TOKEN-PACCMFHDJPATJZRVN7D3SO6S74,1785449106,1785449113,ACC-YRPLDQBRRHOQWDM6Q3WWM3VAWM,TOKEN-ZOU7VSMCOQDPWMMJQ6ZS7I22XM,115358,settled_streaming,1,1785449113
TOKEN-7NA2KXVHQB65ZJVORVNHGWW2E4,1785449107,1785449125,ACC-YRPLDQBRRHOQWDM6Q3WWM3VAWM,TOKEN-YVBKXBXPWWEI54LEKBRBFUVUIU,143402,settled_streaming,1,1785449125
TOKEN-6BXKLQPHOVQUKBI4GM3V2LXYOY,1785449109,1785449114,ACC-YRPLDQBRRHOQWDM6Q3WWM3VAWM,TOKEN-WHQX3SXWPTIVY3M5X76RPD2GN4,137211,settled_streaming,1,1785449114
TOKEN-GWZCGFTC7ACTV6IEIM5RHJTLQU,1785449113,1785449135,ACC-YRPLDQBRRHOQWDM6Q3WWM3VAWM,TOKEN-UC4ZRQEBPJ24L4XKJFQDQLALWQ,390,settled_streaming,1,1785449135
TOKEN-QYTH5VUNXQXPWQQ5AYUE3MNZSY,1785449117,1785449123,ACC-YRPLDQBRRHOQWDM6Q3WWM3VAWM,TOKEN-WHQX3SXWPTIVY3M5X76RPD2GN4,137763,settled_streaming,1,1785449123
TOKEN-H3DNMBCZJSU7A2OTOOL34Y4ATY,1785449119,1785449126,ACC-YRPLDQBRRHOQWDM6Q3WWM3VAWM,TOKEN-QBWKIE2XA3FJKHU2JHSHU5UT6U,112256,settled_streaming,1,1785449126
TOKEN-JKDJAOYWWI5QKMDUOB7UI7LBNA,1785449122,1785449140,ACC-YRPLDQBRRHOQWDM6Q3WWM3VAWM,TOKEN-KCAVY26K45LMBKOJXV344PQ2HM,545,settled_streaming,1,1785449140
TOKEN-X4B3POIWQVPX6TQZTN2YUDPG2M,1785449126,1785449132,ACC-YRPLDQBRRHOQWDM6Q3WWM3VAWM,TOKEN-ZOU7VSMCOQDPWMMJQ6ZS7I22XM,116001,settled_streaming,1,1785449132
TOKEN-S6M325VHMK7W5GYMW4TLWJ3DAM,1785449126,1785449138,ACC-YRPLDQBRRHOQWDM6Q3WWM3VAWM,TOKEN-WHQX3SXWPTIVY3M5X76RPD2GN4,138883,settled_streaming,1,1785449138
TOKEN-OWTRKOD6KZZ6IWGE7SDZCEUTOY,1785449127,1785449188,ACC-YRPLDQBRRHOQWDM6Q3WWM3VAWM,TOKEN-QBWKIE2XA3FJKHU2JHSHU5UT6U,113025,settled_streaming,1,1785449188
TOKEN-L7ASVD3YR7L4GXKIRKATGWSCEY,1785449132,1785449142,ACC-YRPLDQBRRHOQWDM6Q3WWM3VAWM,TOKEN-YVBKXBXPWWEI54LEKBRBFUVUIU,146244,settled_streaming,1,1785449142
TOKEN-B7XBCCN73ELGRFEFK57QBPGDIE,1785449133,1785449137,ACC-YRPLDQBRRHOQWDM6Q3WWM3VAWM,TOKEN-XTMBG37W2VNXL4WX7ZMVJ6DNRY,411,settled_streaming,1,1785449137
TOKEN-CVWWJKIHBADQSK5436JLEOCPDM,1785449135,1785449142,ACC-YRPLDQBRRHOQWDM6Q3WWM3VAWM,TOKEN-WG3MCB6N4PEBK5W7652CVEZK6A,258687,settled_streaming,1,1785449142
TOKEN-KQ325Z435CPH7VPZ2L6ZXVRB2Y,1785449139,1785449196,ACC-YRPLDQBRRHOQWDM6Q3WWM3VAWM,TOKEN-LMMMVBKT4WAUCBRAY4SDQURL44,47186,settled_streaming,1,1785449196
TOKEN-22GFOV4V24MBA3RIMZJUIKLAZA,1785449142,1785449149,ACC-YRPLDQBRRHOQWDM6Q3WWM3VAWM,TOKEN-WHQX3SXWPTIVY3M5X76RPD2GN4,144526,settled_streaming,1,1785449149
TOKEN-HVSKPLNCERZTOM52FWIVFKGEGI,1785449144,1785449154,ACC-YRPLDQBRRHOQWDM6Q3WWM3VAWM,TOKEN-KHTOJB3HY5VZZBVO5K7UBVCGRI,441,settled_streaming,1,1785449154
TOKEN-35XIY3UAK7N3C5BO3L46SOUJZA,1785449144,1785449164,ACC-YRPLDQBRRHOQWDM6Q3WWM3VAWM,TOKEN-WG3MCB6N4PEBK5W7652CVEZK6A,259881,settled_streaming,1,1785449164
TOKEN-3UTZ7IOWNNIQ26LBBDP6V5VPTA,1785449145,1785449154,ACC-YRPLDQBRRHOQWDM6Q3WWM3VAWM,TOKEN-HYP4B2KHF5ECX77ZPOTQKAYRXM,378,settled_streaming,1,1785449154
TOKEN-FTHXJLNEMCSNNOM6SVJLZZO3UE,1785449153,1785449159,ACC-YRPLDQBRRHOQWDM6Q3WWM3VAWM,TOKEN-WHQX3SXWPTIVY3M5X76RPD2GN4,145712,settled_streaming,1,1785449159
TOKEN-ZNAZSDBPYWDXVM6KWGLUZMBBZM,1785449156,1785449160,ACC-YRPLDQBRRHOQWDM6Q3WWM3VAWM,TOKEN-YVBKXBXPWWEI54LEKBRBFUVUIU,146919,settled_streaming,1,1785449160
TOKEN-6QDGBXOG5YNAEPNF4LX6OXCLDI,1785449157,1785449164,ACC-YRPLDQBRRHOQWDM6Q3WWM3VAWM,TOKEN-HOOWSXVVBP47GYSTCSH44DLXGY,1025,settled_streaming,1,1785449164
TOKEN-IFYCCJEKV6ZDIDWVSJIYHDAXLM,1785449158,1785449166,ACC-YRPLDQBRRHOQWDM6Q3WWM3VAWM,TOKEN-QLJZQJR4BQKF3BOBVBZHGPEDI4,393,settled_streaming,1,1785449166
TOKEN-OKDAALFZPC7EMOF3HVJEMBDK2M,1785449162,1785449168,ACC-YRPLDQBRRHOQWDM6Q3WWM3VAWM,TOKEN-YVBKXBXPWWEI54LEKBRBFUVUIU,147458,settled_streaming,1,1785449168
TOKEN-GL5R73PRKXP2MKTBGPPMLJWELY,1785449162,1785449171,ACC-YRPLDQBRRHOQWDM6Q3WWM3VAWM,TOKEN-WHQX3SXWPTIVY3M5X76RPD2GN4,146568,settled_streaming,1,1785449171
TOKEN-ETGOQIHCP3KWET7BBL2HLNVN7U,1785449165,1785449183,ACC-YRPLDQBRRHOQWDM6Q3WWM3VAWM,TOKEN-P4DGAH6KGTGVFJRCXPPXYAF5XA,388,settled_streaming,1,1785449183
TOKEN-VQTAI36PSPJW7CVOGHOKEUFOCY,1785449166,1785449169,ACC-YRPLDQBRRHOQWDM6Q3WWM3VAWM,TOKEN-ZOU7VSMCOQDPWMMJQ6ZS7I22XM,118494,settled_streaming,1,1785449169
TOKEN-ZFKALQGVYBEH5QNZ6MS5I3NBKQ,1785449168,1785449172,ACC-YRPLDQBRRHOQWDM6Q3WWM3VAWM,TOKEN-PQKALGQDZRLIPXZAPVX6O7F5DE,411,settled_streaming,1,1785449172
TOKEN-IYWD4CM5B5Q7DOEYCPF6LPLYDM,1785449170,1785449180,ACC-YRPLDQBRRHOQWDM6Q3WWM3VAWM,TOKEN-WG3MCB6N4PEBK5W7652CVEZK6A,262659,settled_streaming,1,1785449180
TOKEN-DDKBSMJQJLQT7DFIFOCC7YZSLU,1785449174,1785449180,ACC-YRPLDQBRRHOQWDM6Q3WWM3VAWM,TOKEN-WHQX3SXWPTIVY3M5X76RPD2GN4,147316,settled_streaming,1,1785449180
TOKEN-WZK7YEF3A5GHPF353X2WRGW2BM,1785449178,1785449187,ACC-YRPLDQBRRHOQWDM6Q3WWM3VAWM,TOKEN-ZOU7VSMCOQDPWMMJQ6ZS7I22XM,118924,settled_streaming,1,1785449187
TOKEN-ADLOC37M7EY3IX7HVUMFAN2VYY,1785449181,1785449184,ACC-YRPLDQBRRHOQWDM6Q3WWM3VAWM,TOKEN-YVBKXBXPWWEI54LEKBRBFUVUIU,148043,settled_streaming,1,1785449184
TOKEN-OKN5GVENA6BYXUK3SEXU3WDVXY,1785449183,1785449191,ACC-YRPLDQBRRHOQWDM6Q3WWM3VAWM,TOKEN-WHQX3SXWPTIVY3M5X76RPD2GN4,147890,settled_streaming,1,1785449191
TOKEN-CBEAAHBICKE7U6RUD6W77HCUGE,1785449184,1785449186,ACC-YRPLDQBRRHOQWDM6Q3WWM3VAWM,TOKEN-7WG6CHUA6HJLLA4XNG4QBVZWTI,14156,settled_streaming,1,1785449186
TOKEN-6DFQ3D2RYOOUXWVZOYACUO6YYE,1785449184,1785449191,ACC-YRPLDQBRRHOQWDM6Q3WWM3VAWM,TOKEN-JVNYQY73NHOQPYZ4OIA5BS22YE,360,settled_streaming,1,1785449191
TOKEN-C4SENB657K5V4NBYKOAI64AKXA,1785449187,1785449201,ACC-YRPLDQBRRHOQWDM6Q3WWM3VAWM,TOKEN-7WG6CHUA6HJLLA4XNG4QBVZWTI,24983,settled_streaming,1,1785449201
TOKEN-ZAQXJ4BOTIZ6V43MVTGA2YME3U,1785449187,1785449204,ACC-YRPLDQBRRHOQWDM6Q3WWM3VAWM,TOKEN-WG3MCB6N4PEBK5W7652CVEZK6A,263533,settled_streaming,1,1785449204
TOKEN-WCPY2GMOQ6TXZIFC7VWW2FB4GY,1785449190,1785449203,ACC-YRPLDQBRRHOQWDM6Q3WWM3VAWM,TOKEN-QBWKIE2XA3FJKHU2JHSHU5UT6U,117015,settled_streaming,1,1785449203
TOKEN-XPXA5GZY3LAURDRUCRUYAUW4UM,1785449192,1785449202,ACC-YRPLDQBRRHOQWDM6Q3WWM3VAWM,TOKEN-2FEBZVSMSDWXFYESMKBMXGOK5I,360,settled_streaming,1,1785449202
TOKEN-7XBYIGO3K7MQX3NKEODA6MROKM,1785449192,1785449194,ACC-YRPLDQBRRHOQWDM6Q3WWM3VAWM,TOKEN-7WG6CHUA6HJLLA4XNG4QBVZWTI,14156,settled_streaming,1,1785449194
TOKEN-57TY46ZFIX5OOL3I6NCTDIKTKE,1785449193,1785449201,ACC-YRPLDQBRRHOQWDM6Q3WWM3VAWM,TOKEN-ZOU7VSMCOQDPWMMJQ6ZS7I22XM,120780,settled_streaming,1,1785449201
TOKEN-GOPULY3CUFWKVEEHO56PQCLIGU,1785449194,1785449201,ACC-YRPLDQBRRHOQWDM6Q3WWM3VAWM,TOKEN-WHQX3SXWPTIVY3M5X76RPD2GN4,148443,settled_streaming,1,1785449201
TOKEN-LZCEDKAYCPOYGFBWEYDCZRNGHQ,1785449195,1785449207,ACC-YRPLDQBRRHOQWDM6Q3WWM3VAWM,TOKEN-7WG6CHUA6HJLLA4XNG4QBVZWTI,24940,settled_streaming,1,1785449207
TOKEN-IJVUNB7ZPTGAXPDLGX4QRURKCM,1785449196,1785449199,ACC-YRPLDQBRRHOQWDM6Q3WWM3VAWM,TOKEN-E5U25G7U3N32NVJV7A4TBVXYHU,379,settled_streaming,1,1785449199
TOKEN-QRZ4LRYFY3HBIUMIXX6S2NZSI4,1785449197,1785449335,ACC-YRPLDQBRRHOQWDM6Q3WWM3VAWM,TOKEN-LMMMVBKT4WAUCBRAY4SDQURL44,51251,settled_streaming,1,1785449335
TOKEN-SVU3QFDMTPGCASH5X6YFJHELGA,1785449200,1785449232,ACC-YRPLDQBRRHOQWDM6Q3WWM3VAWM,TOKEN-YVBKXBXPWWEI54LEKBRBFUVUIU,149005,settled_streaming,1,1785449232
TOKEN-NSKCVOAME57CK4UG2KQWD4WTHE,1785449202,1785449209,ACC-YRPLDQBRRHOQWDM6Q3WWM3VAWM,TOKEN-7WG6CHUA6HJLLA4XNG4QBVZWTI,26472,settled_streaming,1,1785449209
TOKEN-J3BHCNLYZXUK6V2WXI4VPLA42M,1785449202,1785449208,ACC-YRPLDQBRRHOQWDM6Q3WWM3VAWM,TOKEN-M44MQ6SBWJ3KMBQDYRIBFRMIOY,411,settled_streaming,1,1785449208
TOKEN-4CN7KUH32PXMBYXEGF4ZP7YWUA,1785449203,1785449212,ACC-YRPLDQBRRHOQWDM6Q3WWM3VAWM,TOKEN-OS3BLPC3Z2AVIK27AKHP4NHBTU,361,settled_streaming,1,1785449212
TOKEN-BNXCD2N2JAPWWRSY4MUPC4SA7Y,1785449203,1785449205,ACC-YRPLDQBRRHOQWDM6Q3WWM3VAWM,TOKEN-7WG6CHUA6HJLLA4XNG4QBVZWTI,14156,settled_streaming,1,1785449205
TOKEN-HULDZX6ZZGEDF4MVSH4BYI6ILA,1785449205,1785449241,ACC-YRPLDQBRRHOQWDM6Q3WWM3VAWM,TOKEN-QBWKIE2XA3FJKHU2JHSHU5UT6U,118238,settled_streaming,1,1785449241
TOKEN-6KA5L6XHM45DF22Y7TBJQJSNJA,1785449206,1785449218,ACC-YRPLDQBRRHOQWDM6Q3WWM3VAWM,TOKEN-7WG6CHUA6HJLLA4XNG4QBVZWTI,24965,settled_streaming,1,1785449218
TOKEN-HRUGWFXSRQLEJW2ST3SJVQO5SA,1785449207,1785449213,ACC-YRPLDQBRRHOQWDM6Q3WWM3VAWM,TOKEN-WG3MCB6N4PEBK5W7652CVEZK6A,264845,settled_streaming,1,1785449213
TOKEN-3DXMU5GBS4DOGBH6GUY6O3WKT4,1785449208,1785449215,ACC-YRPLDQBRRHOQWDM6Q3WWM3VAWM,TOKEN-7WG6CHUA6HJLLA4XNG4QBVZWTI,25919,settled_streaming,1,1785449215
TOKEN-CIYAFY6DQWG4JNUP5WUHFQRAE4,1785449210,1785449230,ACC-YRPLDQBRRHOQWDM6Q3WWM3VAWM,TOKEN-7WG6CHUA6HJLLA4XNG4QBVZWTI,27420,settled_streaming,1,1785449230
TOKEN-ZY4HDPWOAGRNJMUGNVGN43GCXU,1785449212,1785449303,ACC-YRPLDQBRRHOQWDM6Q3WWM3VAWM,TOKEN-ZOU7VSMCOQDPWMMJQ6ZS7I22XM,123625,settled_streaming,1,1785449303
TOKEN-IEKJUANYOBLXOPEUZH6RMLKDBE,1785449214,1785449217,ACC-YRPLDQBRRHOQWDM6Q3WWM3VAWM,TOKEN-WHQX3SXWPTIVY3M5X76RPD2GN4,149005,settled_streaming,1,1785449217
TOKEN-QV5GRQ33HZQBPVHHAVPN2URS5U,1785449217,1785449224,ACC-YRPLDQBRRHOQWDM6Q3WWM3VAWM,TOKEN-WG3MCB6N4PEBK5W7652CVEZK6A,268803,settled_streaming,1,1785449224
TOKEN-XCUAXKFW4I55YEWSJ2OMNE4YTI,1785449218,1785449225,ACC-YRPLDQBRRHOQWDM6Q3WWM3VAWM,TOKEN-7WG6CHUA6HJLLA4XNG4QBVZWTI,26820,settled_streaming,1,1785449225
TOKEN-EBY4MRI3SYAQAFNCPEJXPNI2MU,1785449219,1785449227,ACC-YRPLDQBRRHOQWDM6Q3WWM3VAWM,TOKEN-7WG6CHUA6HJLLA4XNG4QBVZWTI,25796,settled_streaming,1,1785449227
TOKEN-YNJWG6ANE6IYURXWRZNZOPHEK4,1785449226,1785449233,ACC-YRPLDQBRRHOQWDM6Q3WWM3VAWM,TOKEN-64BXXZDTVZ7LKRJCWBSSHQ3IRY,483,settled_streaming,1,1785449233
TOKEN-PBIL63HMHRLW5Z3CGPX5UUX3SI,1785449227,1785449239,ACC-YRPLDQBRRHOQWDM6Q3WWM3VAWM,TOKEN-7WG6CHUA6HJLLA4XNG4QBVZWTI,27469,settled_streaming,1,1785449239
TOKEN-X2VJDF4J4WJYYY5M7L34HJKQXQ,1785449227,1785449243,ACC-YRPLDQBRRHOQWDM6Q3WWM3VAWM,TOKEN-WG3MCB6N4PEBK5W7652CVEZK6A,269687,settled_streaming,1,1785449243
TOKEN-5ODFKORNILJS6HIQGBRYG2CQ7Q,1785449229,1785449237,ACC-YRPLDQBRRHOQWDM6Q3WWM3VAWM,TOKEN-7WG6CHUA6HJLLA4XNG4QBVZWTI,26882,settled_streaming,1,1785449237
TOKEN-RTUXLT6NDQNLWW3Z5XX2XSOIDU,1785449231,1785449245,ACC-YRPLDQBRRHOQWDM6Q3WWM3VAWM,TOKEN-7WG6CHUA6HJLLA4XNG4QBVZWTI,29296,settled_streaming,1,1785449245
TOKEN-MRH5DNSWITCJ24FXTVUIDWN5AM,1785449233,1785449266,ACC-YRPLDQBRRHOQWDM6Q3WWM3VAWM,TOKEN-KEP2BBQEE7F3VDKAVAHCBDM6KY,372000,settled_streaming,1,1785449266
TOKEN-AABY5IRYR55X5RSDQK3NQVBHTE,1785449233,1785449241,ACC-YRPLDQBRRHOQWDM6Q3WWM3VAWM,TOKEN-WHQX3SXWPTIVY3M5X76RPD2GN4,149425,settled_streaming,1,1785449241
TOKEN-UFSISBROYTNF4ACDZEWJSC6W6U,1785449238,1785449247,ACC-YRPLDQBRRHOQWDM6Q3WWM3VAWM,TOKEN-YVBKXBXPWWEI54LEKBRBFUVUIU,151379,settled_streaming,1,1785449247
TOKEN-64VLTAA2AHKZM27JM2K2LC2CTU,1785449238,1785449244,ACC-YRPLDQBRRHOQWDM6Q3WWM3VAWM,TOKEN-DS35KVKNTGVCHSGHGORIJU74FU,411,settled_streaming,1,1785449244
TOKEN-X6OVMROYC2Q4VVDZ6TP4TP4AQA,1785449239,1785449255,ACC-YRPLDQBRRHOQWDM6Q3WWM3VAWM,TOKEN-7WG6CHUA6HJLLA4XNG4QBVZWTI,28173,settled_streaming,1,1785449255
TOKEN-QRTF6NGQVDDGZHW4IKDZJOFB2E,1785449241,1785449251,ACC-YRPLDQBRRHOQWDM6Q3WWM3VAWM,TOKEN-QBWKIE2XA3FJKHU2JHSHU5UT6U,120213,settled_streaming,1,1785449251
TOKEN-BMCQ7QHSMWB46RQKBGQFIQZUSE,1785449241,1785449248,ACC-YRPLDQBRRHOQWDM6Q3WWM3VAWM,TOKEN-7WG6CHUA6HJLLA4XNG4QBVZWTI,30449,settled_streaming,1,1785449248
TOKEN-ZRE2WUJ75NRVCYQAXQX72P4DKU,1785449245,1785449255,ACC-YRPLDQBRRHOQWDM6Q3WWM3VAWM,TOKEN-WHQX3SXWPTIVY3M5X76RPD2GN4,152038,settled_streaming,1,1785449255
TOKEN-IRYM7QGA6MQBI6RKDYTWMJ3TXA,1785449246,1785449253,ACC-YRPLDQBRRHOQWDM6Q3WWM3VAWM,TOKEN-7WG6CHUA6HJLLA4XNG4QBVZWTI,30135,settled_streaming,1,1785449253
TOKEN-25ANM3VDY637FO3P6CQXFIJPXQ,1785449250,1785449257,ACC-YRPLDQBRRHOQWDM6Q3WWM3VAWM,TOKEN-7WG6CHUA6HJLLA4XNG4QBVZWTI,38317,settled_streaming,1,1785449257
TOKEN-CE54A4OYAAKKDIUML2XJ4ED7ZE,1785449252,1785449258,ACC-YRPLDQBRRHOQWDM6Q3WWM3VAWM,TOKEN-QBWKIE2XA3FJKHU2JHSHU5UT6U,120884,settled_streaming,1,1785449258
TOKEN-GMPSYFAGXRAMNJJXBQNANK7TP4,1785449253,1785449292,ACC-YRPLDQBRRHOQWDM6Q3WWM3VAWM,TOKEN-YVBKXBXPWWEI54LEKBRBFUVUIU,153956,settled_streaming,1,1785449292
TOKEN-NX4LWFYYK554JPTHZ4LEC6GMR4,1785449254,1785449257,ACC-YRPLDQBRRHOQWDM6Q3WWM3VAWM,TOKEN-WG3MCB6N4PEBK5W7652CVEZK6A,270481,settled_streaming,1,1785449257
TOKEN-7RMFEBYOCBHZC5JFSOB3NHQQYY,1785449254,1785449269,ACC-YRPLDQBRRHOQWDM6Q3WWM3VAWM,TOKEN-7WG6CHUA6HJLLA4XNG4QBVZWTI,30652,settled_streaming,1,1785449269
TOKEN-UQT3T3KNGD4KGCOX75QOOZ6AMY,1785449257,1785449268,ACC-YRPLDQBRRHOQWDM6Q3WWM3VAWM,TOKEN-7WG6CHUA6HJLLA4XNG4QBVZWTI,29877,settled_streaming,1,1785449268
TOKEN-GZ2UJKN7SLTO7UKQF3FITJ6ZNA,1785449258,1785449282,ACC-YRPLDQBRRHOQWDM6Q3WWM3VAWM,TOKEN-WG3MCB6N4PEBK5W7652CVEZK6A,271512,settled_streaming,1,1785449282
TOKEN-UCZVJXPG6MFCAWJYDI6BM2U3OU,1785449259,1785449265,ACC-YRPLDQBRRHOQWDM6Q3WWM3VAWM,TOKEN-7WG6CHUA6HJLLA4XNG4QBVZWTI,40908,settled_streaming,1,1785449265
TOKEN-ZNEUOE5DO2GHODSKTR6K37ZGRA,1785449260,1785449283,ACC-YRPLDQBRRHOQWDM6Q3WWM3VAWM,TOKEN-WHQX3SXWPTIVY3M5X76RPD2GN4,153615,settled_streaming,1,1785449283
TOKEN-W2N3WE33HI2IYPZJ274FDXRABE,1785449260,1785449267,ACC-YRPLDQBRRHOQWDM6Q3WWM3VAWM,TOKEN-QBWKIE2XA3FJKHU2JHSHU5UT6U,121685,settled_streaming,1,1785449267
TOKEN-G6VKPLFTSJ5G4NKIBGUBQTI5AQ,1785449266,1785449276,ACC-YRPLDQBRRHOQWDM6Q3WWM3VAWM,TOKEN-HEDADZKW3WF2C72HXCZNMQSQPU,419,settled_streaming,1,1785449276
TOKEN-YESNMPYVO4EBJYV74N3JAQDGDM,1785449267,1785449273,ACC-YRPLDQBRRHOQWDM6Q3WWM3VAWM,TOKEN-7WG6CHUA6HJLLA4XNG4QBVZWTI,46842,settled_streaming,1,1785449273
TOKEN-LOWQPO7I4D7T5NSZPECQXLKNQI,1785449269,1785449282,ACC-YRPLDQBRRHOQWDM6Q3WWM3VAWM,TOKEN-QBWKIE2XA3FJKHU2JHSHU5UT6U,122624,settled_streaming,1,1785449282
TOKEN-E2ZG2LZQLUEGCETZ63BFII5DQY,1785449270,1785449284,ACC-YRPLDQBRRHOQWDM6Q3WWM3VAWM,TOKEN-7WG6CHUA6HJLLA4XNG4QBVZWTI,35189,settled_streaming,1,1785449284
TOKEN-SR3AOEEHXMJOK2ZQDVE2JO3PRQ,1785449274,1785449277,ACC-YRPLDQBRRHOQWDM6Q3WWM3VAWM,TOKEN-DPXXPQR67FUK3LGUONPHYOUNVM,411,settled_streaming,1,1785449277
TOKEN-YF5W6CW5HBA3BV2J5TCJ3POJHQ,1785449275,1785449284,ACC-YRPLDQBRRHOQWDM6Q3WWM3VAWM,TOKEN-7WG6CHUA6HJLLA4XNG4QBVZWTI,47938,settled_streaming,1,1785449284
TOKEN-ULLHMVZY36RO3HKZVRO3WCZEMY,1785449277,1785449299,ACC-YRPLDQBRRHOQWDM6Q3WWM3VAWM,TOKEN-IMGFN67OPSOEP3QRHKRDFQJWQU,521,settled_streaming,1,1785449299
TOKEN-TH7Z6UU2QGJEAYY2KIWCGZGCT4,1785449280,1785449284,ACC-YRPLDQBRRHOQWDM6Q3WWM3VAWM,TOKEN-7WG6CHUA6HJLLA4XNG4QBVZWTI,31460,settled_streaming,1,1785449284
TOKEN-Z4AAYRBSBSYNLLGPY2SMI4OVYI,1785449284,1785449290,ACC-YRPLDQBRRHOQWDM6Q3WWM3VAWM,TOKEN-QBWKIE2XA3FJKHU2JHSHU5UT6U,124645,settled_streaming,1,1785449290
TOKEN-R6SAL5L2U7R23ONURILEDAASWE,1785449286,1785449293,ACC-YRPLDQBRRHOQWDM6Q3WWM3VAWM,TOKEN-WG3MCB6N4PEBK5W7652CVEZK6A,273826,settled_streaming,1,1785449293
TOKEN-LKOWOQNZAFDFUDRF6IZO5PE5R4,1785449286,1785449298,ACC-YRPLDQBRRHOQWDM6Q3WWM3VAWM,TOKEN-WHQX3SXWPTIVY3M5X76RPD2GN4,155811,settled_streaming,1,1785449298
TOKEN-XOGMIKCEGH6EGLHD6B4QJRFIG4,1785449287,1785449296,ACC-YRPLDQBRRHOQWDM6Q3WWM3VAWM,TOKEN-7WG6CHUA6HJLLA4XNG4QBVZWTI,49680,settled_streaming,1,1785449296
TOKEN-6UK3253PMZ6VMBNCV52ASP6PIA,1785449288,1785449298,ACC-YRPLDQBRRHOQWDM6Q3WWM3VAWM,TOKEN-7WG6CHUA6HJLLA4XNG4QBVZWTI,37118,settled_streaming,1,1785449298
TOKEN-C7S27BS3ARN74HSY67N2LPO26U,1785449288,1785449295,ACC-YRPLDQBRRHOQWDM6Q3WWM3VAWM,TOKEN-7WG6CHUA6HJLLA4XNG4QBVZWTI,31972,settled_streaming,1,1785449295
TOKEN-HDDITWKWACZO73HK6TPGMFMSHY,1785449292,1785449307,ACC-YRPLDQBRRHOQWDM6Q3WWM3VAWM,TOKEN-QBWKIE2XA3FJKHU2JHSHU5UT6U,125520,settled_streaming,1,1785449307
TOKEN-BOZU4WHPXURXAHR4M32TLQJYI4,1785449296,1785449304,ACC-YRPLDQBRRHOQWDM6Q3WWM3VAWM,TOKEN-WG3MCB6N4PEBK5W7652CVEZK6A,277397,settled_streaming,1,1785449304
TOKEN-HIUOGQUFTJDLJ6TNUZOY5FYDQE,1785449297,1785449306,ACC-YRPLDQBRRHOQWDM6Q3WWM3VAWM,TOKEN-7WG6CHUA6HJLLA4XNG4QBVZWTI,36272,settled_streaming,1,1785449306
TOKEN-S5DRVK7CNRG3CBBJCYHVOVQBEM,1785449298,1785449305,ACC-YRPLDQBRRHOQWDM6Q3WWM3VAWM,TOKEN-YVBKXBXPWWEI54LEKBRBFUVUIU,156648,settled_streaming,1,1785449305
TOKEN-LXELGP3GTVN62UPAFW66UDUGJI,1785449298,1785449308,ACC-YRPLDQBRRHOQWDM6Q3WWM3VAWM,TOKEN-7WG6CHUA6HJLLA4XNG4QBVZWTI,50320,settled_streaming,1,1785449308
TOKEN-FR5VLTKXKRQOLAJ4GNRZU6ERJQ,1785449299,1785449303,ACC-YRPLDQBRRHOQWDM6Q3WWM3VAWM,TOKEN-2AG7AXZGOWQ3MQ5BEYVSCDW4FY,414,settled_streaming,1,1785449303
TOKEN-FHRTXTP73KOCIOLTKZGFNTKZZE,1785449300,1785449312,ACC-YRPLDQBRRHOQWDM6Q3WWM3VAWM,TOKEN-7WG6CHUA6HJLLA4XNG4QBVZWTI,38107,settled_streaming,1,1785449312
TOKEN-FMCYU5SE7NKU5T4J7GTZ2YMCVM,1785449303,1785449313,ACC-YRPLDQBRRHOQWDM6Q3WWM3VAWM,TOKEN-S63XMLZW52EDGBU7AOFJQIPUQU,454,settled_streaming,1,1785449313
TOKEN-LNRTM4JQYOLP7JVS7PAYAH57NQ,1785449303,1785449308,ACC-YRPLDQBRRHOQWDM6Q3WWM3VAWM,TOKEN-WHQX3SXWPTIVY3M5X76RPD2GN4,157535,settled_streaming,1,1785449308
TOKEN-UZW2K2W4AR7TG5J4IFCYKLMGME,1785449308,1785449316,ACC-YRPLDQBRRHOQWDM6Q3WWM3VAWM,TOKEN-TGYWFPM3UZKRL4Z5EG2PEHNAHQ,411,settled_streaming,1,1785449316
TOKEN-FZ5BTEGU2IPXBSOAMRLVZPUGXY,1785449308,1785449315,ACC-YRPLDQBRRHOQWDM6Q3WWM3VAWM,TOKEN-7WG6CHUA6HJLLA4XNG4QBVZWTI,46463,settled_streaming,1,1785449315
TOKEN-I3W2BV3CAIOPQHFNPMH2FUCJRA,1785449308,1785449406,ACC-YRPLDQBRRHOQWDM6Q3WWM3VAWM,TOKEN-YVBKXBXPWWEI54LEKBRBFUVUIU,157577,settled_streaming,1,1785449407
TOKEN-2Z7DLI7OOTW6W65SFGFDXBVE4E,1785449308,1785449319,ACC-YRPLDQBRRHOQWDM6Q3WWM3VAWM,TOKEN-ZOU7VSMCOQDPWMMJQ6ZS7I22XM,129973,settled_streaming,1,1785449319
TOKEN-XW2ZYL7MZQXBL465ZWEYCKUCSM,1785449308,1785449317,ACC-YRPLDQBRRHOQWDM6Q3WWM3VAWM,TOKEN-QBWKIE2XA3FJKHU2JHSHU5UT6U,126734,settled_streaming,1,1785449317
TOKEN-FOKHFUDS72F3FFEFHNOU2KVSVU,1785449308,1785449321,ACC-YRPLDQBRRHOQWDM6Q3WWM3VAWM,TOKEN-WG3MCB6N4PEBK5W7652CVEZK6A,278246,settled_streaming,1,1785449321
TOKEN-TA5QWUBWPQABW6MRHAEQZQ2WEE,1785449309,1785449318,ACC-YRPLDQBRRHOQWDM6Q3WWM3VAWM,TOKEN-7WG6CHUA6HJLLA4XNG4QBVZWTI,51757,settled_streaming,1,1785449318
TOKEN-XKVRSRCTS2R6BVWBYIHNPWQ654,1785449313,1785449343,ACC-YRPLDQBRRHOQWDM6Q3WWM3VAWM,TOKEN-7WG6CHUA6HJLLA4XNG4QBVZWTI,44971,settled_streaming,1,1785449343
TOKEN-UBL5SW47VVMWYILLN5G5P3K55I,1785449313,1785449320,ACC-YRPLDQBRRHOQWDM6Q3WWM3VAWM,TOKEN-WHQX3SXWPTIVY3M5X76RPD2GN4,158411,settled_streaming,1,1785449320
TOKEN-ARXEAJVA7VFKBENZICH2CEGH44,1785449313,1785449318,ACC-YRPLDQBRRHOQWDM6Q3WWM3VAWM,TOKEN-XLUFP5Q4MS6VVSBDIJZYCCDRCY,352,settled_streaming,1,1785449318
TOKEN-UHXW5GX2T4HG2JWTGSGDA4R3DQ,1785449316,1785449326,ACC-YRPLDQBRRHOQWDM6Q3WWM3VAWM,TOKEN-7WG6CHUA6HJLLA4XNG4QBVZWTI,50047,settled_streaming,1,1785449326
TOKEN-73GNME25BFA46LQO6OD5FFTDCA,1785449318,1785449339,ACC-YRPLDQBRRHOQWDM6Q3WWM3VAWM,TOKEN-QBWKIE2XA3FJKHU2JHSHU5UT6U,127833,settled_streaming,1,1785449339
TOKEN-725TSLEHKSBDV372BBBCMURHIY,1785449320,1785449333,ACC-YRPLDQBRRHOQWDM6Q3WWM3VAWM,TOKEN-7WG6CHUA6HJLLA4XNG4QBVZWTI,53561,settled_streaming,1,1785449333
TOKEN-ETVWT6DUVIGXDWWJV3ZEMFOCRU,1785449324,1785449346,ACC-YRPLDQBRRHOQWDM6Q3WWM3VAWM,TOKEN-WHQX3SXWPTIVY3M5X76RPD2GN4,160033,settled_streaming,1,1785449346
TOKEN-5TSIEYHS3JH3Y44R7WI5J22PDQ,1785449325,1785449333,ACC-YRPLDQBRRHOQWDM6Q3WWM3VAWM,TOKEN-ZOU7VSMCOQDPWMMJQ6ZS7I22XM,133493,settled_streaming,1,1785449333
TOKEN-UIVE4RRNSIFD4RWLB5FOJA6BXU,1785449325,1785449334,ACC-YRPLDQBRRHOQWDM6Q3WWM3VAWM,TOKEN-WG3MCB6N4PEBK5W7652CVEZK6A,280064,settled_streaming,1,1785449334
TOKEN-Q3YSWMU27ADALBVITJCAWNZMSE,1785449328,1785449334,ACC-YRPLDQBRRHOQWDM6Q3WWM3VAWM,TOKEN-7WG6CHUA6HJLLA4XNG4QBVZWTI,54560,settled_streaming,1,1785449334
TOKEN-BYOSW7UNW6AGZRR3YT67652YOM,1785449335,1785449356,ACC-YRPLDQBRRHOQWDM6Q3WWM3VAWM,TOKEN-7WG6CHUA6HJLLA4XNG4QBVZWTI,57547,settled_streaming,1,1785449356
TOKEN-DY72CS6DJ4L7NYXW2RTDA2OCII,1785449335,1785449347,ACC-YRPLDQBRRHOQWDM6Q3WWM3VAWM,TOKEN-WG3MCB6N4PEBK5W7652CVEZK6A,281031,settled_streaming,1,1785449347
TOKEN-PDGEBNXVZ5HQAOHAKOPE5WS4HU,1785449336,1785449346,ACC-YRPLDQBRRHOQWDM6Q3WWM3VAWM,TOKEN-7WG6CHUA6HJLLA4XNG4QBVZWTI,58334,settled_streaming,1,1785449346
TOKEN-M2WIRG2KMGNBW37PF6543KDIGA,1785449338,1785449349,ACC-YRPLDQBRRHOQWDM6Q3WWM3VAWM,TOKEN-ZOU7VSMCOQDPWMMJQ6ZS7I22XM,135399,settled_streaming,1,1785449349
TOKEN-7NHBPIPIEES6HKO7N3PFVHHHGM,1785449340,1785449352,ACC-YRPLDQBRRHOQWDM6Q3WWM3VAWM,TOKEN-QBWKIE2XA3FJKHU2JHSHU5UT6U,129842,settled_streaming,1,1785449352
TOKEN-J4Y6ITFDJC4RPI7VA4Q2HY7DPE,1785449341,1785449354,ACC-YRPLDQBRRHOQWDM6Q3WWM3VAWM,TOKEN-EASTA6564FHQLGTDA2GIX3CFYI,712,settled_streaming,1,1785449354
TOKEN-RH6ITCHY3AG54CXXOKS55WK6UI,1785449345,1785449362,ACC-YRPLDQBRRHOQWDM6Q3WWM3VAWM,TOKEN-7WG6CHUA6HJLLA4XNG4QBVZWTI,52681,settled_streaming,1,1785449362
TOKEN-5TTGEWQAAXZEHARULKVQ4IMHBI,1785449348,1785449357,ACC-YRPLDQBRRHOQWDM6Q3WWM3VAWM,TOKEN-AMM62KRW5TNSWKJVA5GA3ZO5ZU,362,settled_streaming,1,1785449357
TOKEN-YLIMNF37WWS7OFAWTI2V56XLIU,1785449350,1785449358,ACC-YRPLDQBRRHOQWDM6Q3WWM3VAWM,TOKEN-WG3MCB6N4PEBK5W7652CVEZK6A,281968,settled_streaming,1,1785449358
TOKEN-KOJFLY5DTNEVITZFFQABGH6PQU,1785449350,1785449357,ACC-YRPLDQBRRHOQWDM6Q3WWM3VAWM,TOKEN-WHQX3SXWPTIVY3M5X76RPD2GN4,161834,settled_streaming,1,1785449357
TOKEN-LNHMBRALGV7O56YYVCR3GS5ILM,1785449353,1785449362,ACC-YRPLDQBRRHOQWDM6Q3WWM3VAWM,TOKEN-QBWKIE2XA3FJKHU2JHSHU5UT6U,130804,settled_streaming,1,1785449362
TOKEN-RDHKMJAD7A7VOBCSAK25RGBU6U,1785449354,1785449361,ACC-YRPLDQBRRHOQWDM6Q3WWM3VAWM,TOKEN-ZOU7VSMCOQDPWMMJQ6ZS7I22XM,136360,settled_streaming,1,1785449361
TOKEN-DJN5HN7UWCZNHSEIZUAYE6I6RY,1785449355,1785449451,ACC-YRPLDQBRRHOQWDM6Q3WWM3VAWM,TOKEN-ID7BHIBIPKIMTXXLJ765AWUUAI,10861,settled_streaming,1,1785449451
TOKEN-F2S2JP6MSTREXCYMPYSUSTBA7M,1785449357,1785449362,ACC-YRPLDQBRRHOQWDM6Q3WWM3VAWM,TOKEN-7WG6CHUA6HJLLA4XNG4QBVZWTI,59151,settled_streaming,1,1785449362
TOKEN-G63ZLQGS5Z77FATO5CMLTGZZOY,1785449358,1785449370,ACC-YRPLDQBRRHOQWDM6Q3WWM3VAWM,TOKEN-7WG6CHUA6HJLLA4XNG4QBVZWTI,69274,settled_streaming,1,1785449370
TOKEN-IPIGEF7RQVIF7LNIW3WQEAFBHM,1785449358,1785449362,ACC-YRPLDQBRRHOQWDM6Q3WWM3VAWM,TOKEN-3ISU7J342Q323ILIT7EDH7AGWY,443,settled_streaming,1,1785449362
TOKEN-GV2KGPJJ6E4UXHY6YL5HLESW7U,1785449360,1785449371,ACC-YRPLDQBRRHOQWDM6Q3WWM3VAWM,TOKEN-WG3MCB6N4PEBK5W7652CVEZK6A,282958,settled_streaming,1,1785449371
TOKEN-VTWABEC374GZT2M3K4QL7S6GTU,1785449360,1785449369,ACC-YRPLDQBRRHOQWDM6Q3WWM3VAWM,TOKEN-WHQX3SXWPTIVY3M5X76RPD2GN4,162347,settled_streaming,1,1785449369
TOKEN-LYNZQYZNL3EQ3ZIC2YL4ZBT2BE,1785449363,1785449374,ACC-YRPLDQBRRHOQWDM6Q3WWM3VAWM,TOKEN-7WG6CHUA6HJLLA4XNG4QBVZWTI,59697,settled_streaming,1,1785449374
TOKEN-JESNPHGOLSZOQIJGWHDKBZVHZA,1785449364,1785449374,ACC-YRPLDQBRRHOQWDM6Q3WWM3VAWM,TOKEN-ZOU7VSMCOQDPWMMJQ6ZS7I22XM,136981,settled_streaming,1,1785449374
TOKEN-CU6BDKYSNGP6Q3RXT2LELDN3MY,1785449364,1785449376,ACC-YRPLDQBRRHOQWDM6Q3WWM3VAWM,TOKEN-QBWKIE2XA3FJKHU2JHSHU5UT6U,131974,settled_streaming,1,1785449376
TOKEN-BQ7ZKTNJJIVM7XHFRZUFAKX5NI,1785449364,1785449372,ACC-YRPLDQBRRHOQWDM6Q3WWM3VAWM,TOKEN-7WG6CHUA6HJLLA4XNG4QBVZWTI,55290,settled_streaming,1,1785449372
TOKEN-AJMS34ECOB6YTADUWMHX37ZJNM,1785449372,1785449385,ACC-YRPLDQBRRHOQWDM6Q3WWM3VAWM,TOKEN-7WG6CHUA6HJLLA4XNG4QBVZWTI,76380,settled_streaming,1,1785449385
TOKEN-OUVZWRUVPRQTRBTQXOLS5WZDOM,1785449374,1785449383,ACC-YRPLDQBRRHOQWDM6Q3WWM3VAWM,TOKEN-7WG6CHUA6HJLLA4XNG4QBVZWTI,56019,settled_streaming,1,1785449383
TOKEN-UM5PBUG7Y6R4Y56BSE3OVQXABE,1785449376,1785449382,ACC-YRPLDQBRRHOQWDM6Q3WWM3VAWM,TOKEN-7WG6CHUA6HJLLA4XNG4QBVZWTI,372000,settled_streaming,1,1785449382
TOKEN-4VSCJE6IBYKJQBRDPWZWJ3VXCA,1785449376,1785449388,ACC-YRPLDQBRRHOQWDM6Q3WWM3VAWM,TOKEN-WG3MCB6N4PEBK5W7652CVEZK6A,284968,settled_streaming,1,1785449388
TOKEN-RUCFLNFU3SDFV3NTAC3R3OSHLI,1785449378,1785449389,ACC-YRPLDQBRRHOQWDM6Q3WWM3VAWM,TOKEN-QBWKIE2XA3FJKHU2JHSHU5UT6U,143039,settled_streaming,1,1785449389
TOKEN-MIMB5Q3SGIY3P3FSR72ABWHWKI,1785449382,1785449385,ACC-YRPLDQBRRHOQWDM6Q3WWM3VAWM,TOKEN-WHQX3SXWPTIVY3M5X76RPD2GN4,163072,settled_streaming,1,1785449385
TOKEN-CU67SOTQD3Z264QUG4ZJOTWJZU,1785449384,1785449393,ACC-YRPLDQBRRHOQWDM6Q3WWM3VAWM,TOKEN-7WG6CHUA6HJLLA4XNG4QBVZWTI,372000,settled_streaming,1,1785449393
TOKEN-5EGHY2ZD4RQI7FDBDMI3OMJCAU,1785449385,1785449394,ACC-YRPLDQBRRHOQWDM6Q3WWM3VAWM,TOKEN-7WG6CHUA6HJLLA4XNG4QBVZWTI,63819,settled_streaming,1,1785449394
TOKEN-4EKHAZFFPH7B6GAZ5FOXWDSP7I,1785449386,1785449392,ACC-YRPLDQBRRHOQWDM6Q3WWM3VAWM,TOKEN-ZOU7VSMCOQDPWMMJQ6ZS7I22XM,141325,settled_streaming,1,1785449392
TOKEN-PXZLMGLD754CMVD4SQWNTOWB6M,1785449387,1785449396,ACC-YRPLDQBRRHOQWDM6Q3WWM3VAWM,TOKEN-7WG6CHUA6HJLLA4XNG4QBVZWTI,77505,settled_streaming,1,1785449396
TOKEN-RBONHFNGXTXJZIDODBM63Y3X2U,1785449388,1785449395,ACC-YRPLDQBRRHOQWDM6Q3WWM3VAWM,TOKEN-WHQX3SXWPTIVY3M5X76RPD2GN4,165094,settled_streaming,1,1785449395
TOKEN-IBOAZMKOIABAAKVI5TKAWGBUKE,1785449392,1785449398,ACC-YRPLDQBRRHOQWDM6Q3WWM3VAWM,TOKEN-WG3MCB6N4PEBK5W7652CVEZK6A,286100,settled_streaming,1,1785449398
TOKEN-CCHXU2NG7L2Y6HI3RHYFDVQQMA,1785449393,1785449402,ACC-YRPLDQBRRHOQWDM6Q3WWM3VAWM,TOKEN-QBWKIE2XA3FJKHU2JHSHU5UT6U,146724,settled_streaming,1,1785449402
TOKEN-KHLMDMIZNY4IQE74HX77TBAZ34,1785449393,1785449402,ACC-YRPLDQBRRHOQWDM6Q3WWM3VAWM,TOKEN-WGPJ7WQKULNN3VKPOIO4PVAYDU,362,settled_streaming,1,1785449402
TOKEN-E2AMAPTY3SHSNYHDSQEKULZ7F4,1785449395,1785449435,ACC-YRPLDQBRRHOQWDM6Q3WWM3VAWM,TOKEN-7WG6CHUA6HJLLA4XNG4QBVZWTI,67753,settled_streaming,1,1785449435
TOKEN-FMMJ25YK6UV7BSOCKTZC4IHZKM,1785449395,1785449413,ACC-YRPLDQBRRHOQWDM6Q3WWM3VAWM,TOKEN-7WG6CHUA6HJLLA4XNG4QBVZWTI,372000,settled_streaming,1,1785449413
TOKEN-V3QWQAVSN4OL7MDKIAQYCK4EFY,1785449397,1785449414,ACC-YRPLDQBRRHOQWDM6Q3WWM3VAWM,TOKEN-ZOU7VSMCOQDPWMMJQ6ZS7I22XM,142006,settled_streaming,1,1785449414
TOKEN-5E6AMBLM72LAIVVYVMMVYRUBU4,1785449398,1785449421,ACC-YRPLDQBRRHOQWDM6Q3WWM3VAWM,TOKEN-7WG6CHUA6HJLLA4XNG4QBVZWTI,81877,settled_streaming,1,1785449421
TOKEN-2LLG6RCYLKLL5GNXUZXA4YJQDA,1785449398,1785449408,ACC-YRPLDQBRRHOQWDM6Q3WWM3VAWM,TOKEN-WHQX3SXWPTIVY3M5X76RPD2GN4,166193,settled_streaming,1,1785449408
TOKEN-66V4WQXN32MX7VNVYLOUOF5GTQ,1785449402,1785449434,ACC-YRPLDQBRRHOQWDM6Q3WWM3VAWM,TOKEN-WG3MCB6N4PEBK5W7652CVEZK6A,289548,settled_streaming,1,1785449434
TOKEN-RGO5SUC2M6XNWJXJ7IVSCL3QQI,1785449403,1785449408,ACC-YRPLDQBRRHOQWDM6Q3WWM3VAWM,TOKEN-QBWKIE2XA3FJKHU2JHSHU5UT6U,148531,settled_streaming,1,1785449408
TOKEN-NL7BHVX25I3GH7YKE76GRXH7NA,1785449403,1785449406,ACC-YRPLDQBRRHOQWDM6Q3WWM3VAWM,TOKEN-QKWPHZYC7BVDN52ENPED5HN2ZM,781,settled_streaming,1,1785449406
TOKEN-QFL2CHAXBPWMM6TUFQEYNELBLE,1785449409,1785449420,ACC-YRPLDQBRRHOQWDM6Q3WWM3VAWM,TOKEN-QBWKIE2XA3FJKHU2JHSHU5UT6U,151844,settled_streaming,1,1785449420
TOKEN-IZBKOQM6R4TVIY25VLGVUDJ4PM,1785449413,1785449425,ACC-YRPLDQBRRHOQWDM6Q3WWM3VAWM,TOKEN-YVBKXBXPWWEI54LEKBRBFUVUIU,164025,settled_streaming,1,1785449425
TOKEN-YDN6E325KV2UJUIGGGEDT7SSQA,1785449416,1785449428,ACC-YRPLDQBRRHOQWDM6Q3WWM3VAWM,TOKEN-7WG6CHUA6HJLLA4XNG4QBVZWTI,372000,settled_streaming,1,1785449428
TOKEN-BM6ODODDYOQ2NV2QQPUXAMRLGI,1785449421,1785449435,ACC-YRPLDQBRRHOQWDM6Q3WWM3VAWM,TOKEN-ZOU7VSMCOQDPWMMJQ6ZS7I22XM,144917,settled_streaming,1,1785449435
TOKEN-OFP2PTBIK6ZGOVRQWCG7MTVBAY,1785449422,1785449426,ACC-YRPLDQBRRHOQWDM6Q3WWM3VAWM,TOKEN-WHQX3SXWPTIVY3M5X76RPD2GN4,167016,settled_streaming,1,1785449426
TOKEN-QWQJLWVKPXKBWLB3AAC4P6FLXQ,1785449422,1785449430,ACC-YRPLDQBRRHOQWDM6Q3WWM3VAWM,TOKEN-QBWKIE2XA3FJKHU2JHSHU5UT6U,152843,settled_streaming,1,1785449430
TOKEN-F6O7ANADNLC4QAHI22ZZLYEBZU,1785449423,1785449436,ACC-YRPLDQBRRHOQWDM6Q3WWM3VAWM,TOKEN-7WG6CHUA6HJLLA4XNG4QBVZWTI,90480,settled_streaming,1,1785449436
TOKEN-U3EHIEE7664RJZHCHXHOIQ53RE,1785449429,1785449466,ACC-YRPLDQBRRHOQWDM6Q3WWM3VAWM,TOKEN-WHQX3SXWPTIVY3M5X76RPD2GN4,167541,settled_streaming,1,1785449466
TOKEN-ZSHMJVFH4MFXEZWBYDFCDNIUHQ,1785449430,1785449443,ACC-YRPLDQBRRHOQWDM6Q3WWM3VAWM,TOKEN-7WG6CHUA6HJLLA4XNG4QBVZWTI,372000,settled_streaming,1,1785449443
TOKEN-HYVKPVTPYN2EU2EFPBPFMZZMCM,1785449432,1785449440,ACC-YRPLDQBRRHOQWDM6Q3WWM3VAWM,TOKEN-QBWKIE2XA3FJKHU2JHSHU5UT6U,157377,settled_streaming,1,1785449440
TOKEN-ITTHROSEM2G7V3QXKMYLLGY6QU,1785449434,1785449648,ACC-YRPLDQBRRHOQWDM6Q3WWM3VAWM,TOKEN-WG3MCB6N4PEBK5W7652CVEZK6A,291650,settled_streaming,1,1785449648
TOKEN-O5JGHYO5BQURZCDLPUF4MCU35I,1785449435,1785449446,ACC-YRPLDQBRRHOQWDM6Q3WWM3VAWM,TOKEN-YVBKXBXPWWEI54LEKBRBFUVUIU,165248,settled_streaming,1,1785449446
TOKEN-JH3GWE2RM4HLJYEBBKL5JGW3OY,1785449436,1785449439,ACC-YRPLDQBRRHOQWDM6Q3WWM3VAWM,TOKEN-LB2DFHWTB4ZBOC2ZLPXDO3UGWY,362,settled_streaming,1,1785449439
TOKEN-TPGD5R52YCYY3UP3C6A5KI5RD4,1785449437,1785449455,ACC-YRPLDQBRRHOQWDM6Q3WWM3VAWM,TOKEN-7WG6CHUA6HJLLA4XNG4QBVZWTI,73359,settled_streaming,1,1785449456
TOKEN-TRMGB3MCKZXYJJOCFQVCK7H7BQ,1785449438,1785449453,ACC-YRPLDQBRRHOQWDM6Q3WWM3VAWM,TOKEN-7WG6CHUA6HJLLA4XNG4QBVZWTI,93452,settled_streaming,1,1785449453
TOKEN-PSRNBGLUFWI4KDLOPML7KLZDCE,1785449439,1785449492,ACC-YRPLDQBRRHOQWDM6Q3WWM3VAWM,TOKEN-BK7YTYQQAM4TP4COJCXD5GZKQQ,454,settled_streaming,1,1785449492
TOKEN-ZGKZVX2DYX56REPA3T4ENXXW3Q,1785449440,1785449452,ACC-YRPLDQBRRHOQWDM6Q3WWM3VAWM,TOKEN-ZOU7VSMCOQDPWMMJQ6ZS7I22XM,147696,settled_streaming,1,1785449452
TOKEN-3LROZ4L6I5B2T4JSQL3HSBHLPQ,1785449442,1785449454,ACC-YRPLDQBRRHOQWDM6Q3WWM3VAWM,TOKEN-QBWKIE2XA3FJKHU2JHSHU5UT6U,158156,settled_streaming,1,1785449454
TOKEN-TL7DYV3EGOSXDHXZ2GYDDHPVV4,1785449445,1785449456,ACC-YRPLDQBRRHOQWDM6Q3WWM3VAWM,TOKEN-7WG6CHUA6HJLLA4XNG4QBVZWTI,372000,settled_streaming,1,1785449456
TOKEN-NMGUUJ4NBPG7AOSR6YDCEYBGFI,1785449451,1785449457,ACC-YRPLDQBRRHOQWDM6Q3WWM3VAWM,TOKEN-7LYJZ3VHRJXHW7SLGQH7C32AFI,18591,settled_streaming,1,1785449457
TOKEN-4NDZPYK76IGOAXIV62LWMOKZSY,1785449454,1785449466,ACC-YRPLDQBRRHOQWDM6Q3WWM3VAWM,TOKEN-7WG6CHUA6HJLLA4XNG4QBVZWTI,96731,settled_streaming,1,1785449466
TOKEN-GWSK37ZTGNJK6J6XQ4LIGZSDJQ,1785449457,1785449464,ACC-YRPLDQBRRHOQWDM6Q3WWM3VAWM,TOKEN-54OISNWT4MT6JQ6MLB3BB5U3MY,646,settled_streaming,1,1785449464
TOKEN-VOJCCLYMIJOFCGOFONWFCELEJ4,1785449457,1785449466,ACC-YRPLDQBRRHOQWDM6Q3WWM3VAWM,TOKEN-QBWKIE2XA3FJKHU2JHSHU5UT6U,159509,settled_streaming,1,1785449466
TOKEN-CQU7GXUANQTPFVUE5H5GTHPUGU,1785449458,1785449467,ACC-YRPLDQBRRHOQWDM6Q3WWM3VAWM,TOKEN-ZOU7VSMCOQDPWMMJQ6ZS7I22XM,151345,settled_streaming,1,1785449467
TOKEN-BOGDXYAK6ZA4TNMMOXAUGCM73E,1785449458,1785449478,ACC-YRPLDQBRRHOQWDM6Q3WWM3VAWM,TOKEN-7WG6CHUA6HJLLA4XNG4QBVZWTI,372000,settled_streaming,1,1785449478
TOKEN-FM7M42QPDF4GOZPVUGWOHIDUII,1785449458,1785449476,ACC-YRPLDQBRRHOQWDM6Q3WWM3VAWM,TOKEN-7WG6CHUA6HJLLA4XNG4QBVZWTI,84622,settled_streaming,1,1785449476
TOKEN-G5SBXDPYWXSP77PZQ7RWVJJTHQ,1785449459,1785449463,ACC-YRPLDQBRRHOQWDM6Q3WWM3VAWM,TOKEN-YVBKXBXPWWEI54LEKBRBFUVUIU,167991,settled_streaming,1,1785449463
TOKEN-UQDS2RM74BWYIWX7CUBACERPKU,1785449464,1785449470,ACC-YRPLDQBRRHOQWDM6Q3WWM3VAWM,TOKEN-YO6R6JJ5JF4HIWTWO3BHX4YKV4,2120,settled_streaming,1,1785449470
TOKEN-4UFR7QWARJFRBVKSZPZZFA24SM,1785449467,1785449483,ACC-YRPLDQBRRHOQWDM6Q3WWM3VAWM,TOKEN-QBWKIE2XA3FJKHU2JHSHU5UT6U,160273,settled_streaming,1,1785449483
TOKEN-WC3ZPYBULDLARQEUX23IDIHWIY,1785449468,1785449528,ACC-YRPLDQBRRHOQWDM6Q3WWM3VAWM,TOKEN-7WG6CHUA6HJLLA4XNG4QBVZWTI,101687,settled_streaming,1,1785449528
TOKEN-NGS7DRBNNGRVIDVDCA4J42NK6Q,1785449468,1785449478,ACC-YRPLDQBRRHOQWDM6Q3WWM3VAWM,TOKEN-YVBKXBXPWWEI54LEKBRBFUVUIU,168534,settled_streaming,1,1785449478
TOKEN-OFEKUY34ER5WNEHVXIP2LTGCL4,1785449469,1785449476,ACC-YRPLDQBRRHOQWDM6Q3WWM3VAWM,TOKEN-WHQX3SXWPTIVY3M5X76RPD2GN4,170933,settled_streaming,1,1785449476
TOKEN-AMKQ2FVT7C2TN4BAWWWU3X7EHQ,1785449470,1785449477,ACC-YRPLDQBRRHOQWDM6Q3WWM3VAWM,TOKEN-FTBH7XZEMLIYDKPWQRX6MA6SMY,384,settled_streaming,1,1785449477
TOKEN-HXD5Z7PHDJ3UY2ZYULH7X5XZDA,1785449473,1785449481,ACC-YRPLDQBRRHOQWDM6Q3WWM3VAWM,TOKEN-ZOU7VSMCOQDPWMMJQ6ZS7I22XM,153832,settled_streaming,1,1785449481
TOKEN-KZTYGZPVERRIIS25OFQ5MJQKRY,1785449477,1785449482,ACC-YRPLDQBRRHOQWDM6Q3WWM3VAWM,TOKEN-UFLH7QTRKZVR7SBAAISAEUHLYE,983,settled_streaming,1,1785449482
TOKEN-Y7FSKAFXGXDV5MKDVQ64TYWJ6Y,1785449478,1785449489,ACC-YRPLDQBRRHOQWDM6Q3WWM3VAWM,TOKEN-7WG6CHUA6HJLLA4XNG4QBVZWTI,96576,settled_streaming,1,1785449489
TOKEN-4YQOGGLIXMZDVEYSPF5XKBRJ5M,1785449479,1785449499,ACC-YRPLDQBRRHOQWDM6Q3WWM3VAWM,TOKEN-WHQX3SXWPTIVY3M5X76RPD2GN4,172871,settled_streaming,1,1785449499
TOKEN-UDIYF3RTN3SRGL6IW4ESJ5UOKU,1785449480,1785449495,ACC-YRPLDQBRRHOQWDM6Q3WWM3VAWM,TOKEN-7WG6CHUA6HJLLA4XNG4QBVZWTI,372000,settled_streaming,1,1785449495
TOKEN-QPKWCB3AMPA3LVHFJND75T5OIQ,1785449482,1785449493,ACC-YRPLDQBRRHOQWDM6Q3WWM3VAWM,TOKEN-6BYOPQJBNHKLQAV5HWVPWO73ZU,10877,settled_streaming,1,1785449493
TOKEN-WPGCJTU2Z3HPMJD3ADZSS4GEJM,1785449484,1785449496,ACC-YRPLDQBRRHOQWDM6Q3WWM3VAWM,TOKEN-QBWKIE2XA3FJKHU2JHSHU5UT6U,161400,settled_streaming,1,1785449496
TOKEN-SVTIKI62CS3RG7EEGLKOSSRPPM,1785449485,1785449496,ACC-YRPLDQBRRHOQWDM6Q3WWM3VAWM,TOKEN-YVBKXBXPWWEI54LEKBRBFUVUIU,169235,settled_streaming,1,1785449496
TOKEN-SGQHGZKQGQNIPN3FS4DAJJIBEM,1785449491,1785449505,ACC-YRPLDQBRRHOQWDM6Q3WWM3VAWM,TOKEN-7WG6CHUA6HJLLA4XNG4QBVZWTI,102770,settled_streaming,1,1785449505
TOKEN-TTVG26WTCCRPNLOZKHSH26JI64,1785449493,1785449497,ACC-YRPLDQBRRHOQWDM6Q3WWM3VAWM,TOKEN-D53FZ7WEZWUEZ7L5YFAMLJ5RMM,3853,settled_streaming,1,1785449497
TOKEN-ASBE2XUOOHR64X6OBUTWUOYNYE,1785449493,1785449497,ACC-YRPLDQBRRHOQWDM6Q3WWM3VAWM,TOKEN-HTACKO7WN4XN7YN2GLUVGKV56U,401,settled_streaming,1,1785449497
TOKEN-QWTWAAQNDTPQ2M56JFAQMZLLBQ,1785449494,1785449498,ACC-YRPLDQBRRHOQWDM6Q3WWM3VAWM,TOKEN-ZOU7VSMCOQDPWMMJQ6ZS7I22XM,154446,settled_streaming,1,1785449498
TOKEN-ICCEBYBSUPD3D4VH2OJQJIOOUU,1785449497,1785449510,ACC-YRPLDQBRRHOQWDM6Q3WWM3VAWM,TOKEN-VN3NWFVKJAAQVX5QNVO466MJBA,3907,settled_streaming,1,1785449510
TOKEN-QDSNXLY6FQBLOH7EUY5GX554JE,1785449499,1785449513,ACC-YRPLDQBRRHOQWDM6Q3WWM3VAWM,TOKEN-7WG6CHUA6HJLLA4XNG4QBVZWTI,372000,settled_streaming,1,1785449513
TOKEN-YP6KO3S4VK4OQTJNQBKSPAF6RE,1785449499,1785449506,ACC-YRPLDQBRRHOQWDM6Q3WWM3VAWM,TOKEN-QBWKIE2XA3FJKHU2JHSHU5UT6U,162385,settled_streaming,1,1785449506
TOKEN-SZZ4QDPXA75D5SFKQHG3PITJGU,1785449500,1785449508,ACC-YRPLDQBRRHOQWDM6Q3WWM3VAWM,TOKEN-TZ4TT4UK3NCOI2PEEE3FDMIGPQ,372000,settled_streaming,1,1785449508
TOKEN-5BDLHAWBGOGGHOJRRXPNOG63Y4,1785449500,1785449500,ACC-YRPLDQBRRHOQWDM6Q3WWM3VAWM,TOKEN-XXI7KNRGMAMWCV2JPEIZL2GFEY,379,websocket_fallback_context_recovering,0,0
TOKEN-K7QB3ZAHCRGH3X7RHXRULYMCUE,1785449502,1785449525,ACC-YRPLDQBRRHOQWDM6Q3WWM3VAWM,TOKEN-WHQX3SXWPTIVY3M5X76RPD2GN4,175677,settled_streaming,1,1785449525
TOKEN-RY2JZNDCIN6AU2N4WQR7WE7RDE,1785449502,1785449626,ACC-YRPLDQBRRHOQWDM6Q3WWM3VAWM,TOKEN-YVBKXBXPWWEI54LEKBRBFUVUIU,175982,settled_streaming,1,1785449626
TOKEN-IQLL4NWRZ4EURFKY66UYJ5GDSA,1785449507,1785449544,ACC-YRPLDQBRRHOQWDM6Q3WWM3VAWM,TOKEN-7WG6CHUA6HJLLA4XNG4QBVZWTI,105702,settled_streaming,1,1785449544
TOKEN-M36JSAMBQOS5FRLL5DXOGHW5EQ,1785449507,1785449510,ACC-YRPLDQBRRHOQWDM6Q3WWM3VAWM,TOKEN-QBWKIE2XA3FJKHU2JHSHU5UT6U,162965,settled_streaming,1,1785449510
TOKEN-HSTYKBAFIZUAUHEFACTWZIOMX4,1785449511,1785449517,ACC-YRPLDQBRRHOQWDM6Q3WWM3VAWM,TOKEN-QBWKIE2XA3FJKHU2JHSHU5UT6U,163463,settled_streaming,1,1785449517
TOKEN-OLYH6WKWJWOIDKQCZ7RFXNZUQI,1785449511,1785449518,ACC-YRPLDQBRRHOQWDM6Q3WWM3VAWM,TOKEN-NPVYZRHR7V6ENWOPFU2CKWTHPQ,2686,settled_streaming,1,1785449518
TOKEN-IGA3N2BAPGNEGMGYKPAZVI36ZQ,1785449515,1785449528,ACC-YRPLDQBRRHOQWDM6Q3WWM3VAWM,TOKEN-7WG6CHUA6HJLLA4XNG4QBVZWTI,372000,settled_streaming,1,1785449528
TOKEN-KXVMU2DZU3M5HF4UW3DMX6IZHA,1785449518,1785449582,ACC-YRPLDQBRRHOQWDM6Q3WWM3VAWM,TOKEN-GS7YZMMX4X4ZAGPVU3VVUY7D5E,1758,settled_streaming,1,1785449582
TOKEN-RFXIDEDJLIYE7LXXKXBNYRZMLM,1785449518,1785449529,ACC-YRPLDQBRRHOQWDM6Q3WWM3VAWM,TOKEN-QBWKIE2XA3FJKHU2JHSHU5UT6U,164264,settled_streaming,1,1785449529
TOKEN-3LLP6JJMC7SOHOEXJ2EUF3CA4M,1785449528,1785449544,ACC-YRPLDQBRRHOQWDM6Q3WWM3VAWM,TOKEN-WHQX3SXWPTIVY3M5X76RPD2GN4,177939,settled_streaming,1,1785449544
TOKEN-YKGHECNREVFIH5UJTYUCX5CETQ,1785449528,1785449536,ACC-YRPLDQBRRHOQWDM6Q3WWM3VAWM,TOKEN-2QGWVWMYOWWM7BA23BB4NID2GY,362,settled_streaming,1,1785449536
TOKEN-NNY6ACBP3KU3ZCTTURL25TJLUY,1785449529,1785449558,ACC-YRPLDQBRRHOQWDM6Q3WWM3VAWM,TOKEN-7WG6CHUA6HJLLA4XNG4QBVZWTI,107349,settled_streaming,1,1785449558
TOKEN-HSHIICPXBRNVQJPVPGLA4N36XY,1785449531,1785449536,ACC-YRPLDQBRRHOQWDM6Q3WWM3VAWM,TOKEN-ZOU7VSMCOQDPWMMJQ6ZS7I22XM,154885,settled_streaming,1,1785449536
TOKEN-HGKFLCAUNQPN5OUGCQJVADWO4Q,1785449531,1785449536,ACC-YRPLDQBRRHOQWDM6Q3WWM3VAWM,TOKEN-QBWKIE2XA3FJKHU2JHSHU5UT6U,165247,settled_streaming,1,1785449536
TOKEN-KCGLIH4EB7MEAL5KMONCKRR724,1785449531,1785449545,ACC-YRPLDQBRRHOQWDM6Q3WWM3VAWM,TOKEN-7WG6CHUA6HJLLA4XNG4QBVZWTI,372000,settled_streaming,1,1785449545
TOKEN-7D7VIMCIEVAIZNZWNBENNWHHOE,1785449537,1785449559,ACC-YRPLDQBRRHOQWDM6Q3WWM3VAWM,TOKEN-QBWKIE2XA3FJKHU2JHSHU5UT6U,165994,settled_streaming,1,1785449559
TOKEN-F56DGTY6A6L5W3MLL3XQPR6LF4,1785449545,1785449556,ACC-YRPLDQBRRHOQWDM6Q3WWM3VAWM,TOKEN-7WG6CHUA6HJLLA4XNG4QBVZWTI,108649,settled_streaming,1,1785449556
TOKEN-G67WK2H6T5CM4U4WZ6P35FBBDM,1785449547,1785449555,ACC-YRPLDQBRRHOQWDM6Q3WWM3VAWM,TOKEN-WHQX3SXWPTIVY3M5X76RPD2GN4,179314,settled_streaming,1,1785449555
TOKEN-ZYPTSGXQRGSSCR3L7IZU7CYH7Q,1785449547,1785449556,ACC-YRPLDQBRRHOQWDM6Q3WWM3VAWM,TOKEN-ZOU7VSMCOQDPWMMJQ6ZS7I22XM,155873,settled_streaming,1,1785449556
TOKEN-RGE547ENOEFW3NC2ZBTZ5ZYVU4,1785449548,1785449559,ACC-YRPLDQBRRHOQWDM6Q3WWM3VAWM,TOKEN-7WG6CHUA6HJLLA4XNG4QBVZWTI,372000,settled_streaming,1,1785449559
TOKEN-GM5CQ7NJAKEPEFV3KLR4P3KXPY,1785449556,1785449636,ACC-YRPLDQBRRHOQWDM6Q3WWM3VAWM,TOKEN-NQ5KBJMXMTY6ETEOU6LMWPV5K4,708,settled_streaming,1,1785449636
TOKEN-JLE4TL2GM5O7F7PBX34YZ6DDUQ,1785449557,1785449573,ACC-YRPLDQBRRHOQWDM6Q3WWM3VAWM,TOKEN-7WG6CHUA6HJLLA4XNG4QBVZWTI,109388,settled_streaming,1,1785449573
TOKEN-NKGQ2PLYBICPSI3CIFFCY5XNMU,1785449558,1785449592,ACC-YRPLDQBRRHOQWDM6Q3WWM3VAWM,TOKEN-WHQX3SXWPTIVY3M5X76RPD2GN4,180664,settled_streaming,1,1785449592
TOKEN-TXS4VLTLK5UZXTAKVGCP3SSFNE,1785449560,1785449598,ACC-YRPLDQBRRHOQWDM6Q3WWM3VAWM,TOKEN-7WG6CHUA6HJLLA4XNG4QBVZWTI,109742,settled_streaming,1,1785449598
TOKEN-GBODS3HFKJ3K22OJYQLHTUF4IY,1785449561,1785449604,ACC-YRPLDQBRRHOQWDM6Q3WWM3VAWM,TOKEN-QBWKIE2XA3FJKHU2JHSHU5UT6U,167844,settled_streaming,1,1785449604
TOKEN-XLMSYDYAHRIPK7PAKOCAYG4NLU,1785449561,1785449578,ACC-YRPLDQBRRHOQWDM6Q3WWM3VAWM,TOKEN-7WG6CHUA6HJLLA4XNG4QBVZWTI,372000,settled_streaming,1,1785449578
TOKEN-S6XXPMJOF52ZKL5AFFA2XJPEIA,1785449569,1785449574,ACC-YRPLDQBRRHOQWDM6Q3WWM3VAWM,TOKEN-ZOU7VSMCOQDPWMMJQ6ZS7I22XM,157026,settled_streaming,1,1785449574
TOKEN-RZQDJQ6JTB3QDXVGYNM77N5UHM,1785449575,1785449590,ACC-YRPLDQBRRHOQWDM6Q3WWM3VAWM,TOKEN-7WG6CHUA6HJLLA4XNG4QBVZWTI,114001,settled_streaming,1,1785449590
TOKEN-OGCGKCGYV7EHVNLC226XN5PSBA,1785449580,1785449613,ACC-YRPLDQBRRHOQWDM6Q3WWM3VAWM,TOKEN-7WG6CHUA6HJLLA4XNG4QBVZWTI,372000,settled_streaming,1,1785449613
TOKEN-QDRMWE4IOWBOJKN5YJYKZDINFY,1785449582,1785449590,ACC-YRPLDQBRRHOQWDM6Q3WWM3VAWM,TOKEN-3MVKJK6X7TJ7J5RU2MNEBN5NMI,523,settled_streaming,1,1785449590
TOKEN-5GUQPOT6QHA2G6KEKR2AE6HDLA,1785449590,1785449593,ACC-YRPLDQBRRHOQWDM6Q3WWM3VAWM,TOKEN-XXCQVXWDH5YQ5F7AEDAARJ75ZI,2044,settled_streaming,1,1785449593
TOKEN-CUKLDHMDA3XNMNG2OCQWNFQVPU,1785449591,1785449600,ACC-YRPLDQBRRHOQWDM6Q3WWM3VAWM,TOKEN-ZOU7VSMCOQDPWMMJQ6ZS7I22XM,157958,settled_streaming,1,1785449600
TOKEN-FHHR2X4GAUHQEGKCDU5LBAA3LE,1785449593,1785449598,ACC-YRPLDQBRRHOQWDM6Q3WWM3VAWM,TOKEN-Q26WIXIS3XEBD5T7ELWQ4LZKPQ,10783,settled_streaming,1,1785449598
TOKEN-P4XN2WL2PN2VDTNKUDVGKREC6U,1785449593,1785449620,ACC-YRPLDQBRRHOQWDM6Q3WWM3VAWM,TOKEN-7WG6CHUA6HJLLA4XNG4QBVZWTI,125616,settled_streaming,1,1785449620
TOKEN-55ZRYVML3PBEBJJ2YXQRSEXBA4,1785449596,1785449604,ACC-YRPLDQBRRHOQWDM6Q3WWM3VAWM,TOKEN-WHQX3SXWPTIVY3M5X76RPD2GN4,183373,settled_streaming,1,1785449604
TOKEN-JYQA7CXPXR7INONDPKIUTH4Q6M,1785449598,1785449603,ACC-YRPLDQBRRHOQWDM6Q3WWM3VAWM,TOKEN-CS6BWHWDRNNBKJ5ZPQYD4UVUDY,10787,settled_streaming,1,1785449603
TOKEN-3ADSIUJZBLM47L32YY5JLIXG5U,1785449599,1785449648,ACC-YRPLDQBRRHOQWDM6Q3WWM3VAWM,TOKEN-7WG6CHUA6HJLLA4XNG4QBVZWTI,112247,settled_streaming,1,1785449648
TOKEN-2G7MVK46KCWRSUQN7J5XB6BUJ4,1785449603,1785449607,ACC-YRPLDQBRRHOQWDM6Q3WWM3VAWM,TOKEN-AO4MK67SRIDADGM3MQQO67MH7M,8898,settled_streaming,1,1785449607
TOKEN-IHX6MBMKXPLXKIXVDIJH4VVTUE,1785449605,1785449619,ACC-YRPLDQBRRHOQWDM6Q3WWM3VAWM,TOKEN-QBWKIE2XA3FJKHU2JHSHU5UT6U,170961,settled_streaming,1,1785449619
TOKEN-37YMC7F2R63UJXRBWEOQZDNAJ4,1785449605,1785449617,ACC-YRPLDQBRRHOQWDM6Q3WWM3VAWM,TOKEN-ZOU7VSMCOQDPWMMJQ6ZS7I22XM,159090,settled_streaming,1,1785449617
TOKEN-HUGIMP5QSPYIGTU5FVZ4IU6M2Y,1785449608,1785449621,ACC-YRPLDQBRRHOQWDM6Q3WWM3VAWM,TOKEN-VTEJ4VAQJTDQH4ML7X5M3UQLTY,6701,settled_streaming,1,1785449621
TOKEN-ZJNRU5HDTLKBKB2EWECA4GX5GQ,1785449616,1785449631,ACC-YRPLDQBRRHOQWDM6Q3WWM3VAWM,TOKEN-7WG6CHUA6HJLLA4XNG4QBVZWTI,372000,settled_streaming,1,1785449631
TOKEN-H4T67TQTO6OWUDWA3IUNBLVSZQ,1785449618,1785449621,ACC-YRPLDQBRRHOQWDM6Q3WWM3VAWM,TOKEN-WHQX3SXWPTIVY3M5X76RPD2GN4,184034,settled_streaming,1,1785449621
TOKEN-GZGYE5TCKURKDOYJ4RTUAU7IM4,1785449620,1785449632,ACC-YRPLDQBRRHOQWDM6Q3WWM3VAWM,TOKEN-QBWKIE2XA3FJKHU2JHSHU5UT6U,172098,settled_streaming,1,1785449632
TOKEN-FXHAC5IKKQWLRXBD3IOYM5WB2A,1785449621,1785449634,ACC-YRPLDQBRRHOQWDM6Q3WWM3VAWM,TOKEN-7WG6CHUA6HJLLA4XNG4QBVZWTI,126945,settled_streaming,1,1785449634
TOKEN-7PAJPMJ6F6XCOWS4LWFCL63WAE,1785449622,1785449712,ACC-YRPLDQBRRHOQWDM6Q3WWM3VAWM,TOKEN-MLXVF5USQHWJONVQ443JUOJXSY,10828,settled_streaming,1,1785449712
TOKEN-EQ6KVZRFVJYCNXHATQF5XI35GM,1785449623,1785449631,ACC-YRPLDQBRRHOQWDM6Q3WWM3VAWM,TOKEN-ZOU7VSMCOQDPWMMJQ6ZS7I22XM,160063,settled_streaming,1,1785449631
TOKEN-DVSQRDWIGKL47LFCKX5LGTFFU4,1785449625,1785449643,ACC-YRPLDQBRRHOQWDM6Q3WWM3VAWM,TOKEN-WHQX3SXWPTIVY3M5X76RPD2GN4,187223,settled_streaming,1,1785449643
TOKEN-4UNB536NJAVDBHR6A264GGGHYE,1785449634,1785449647,ACC-YRPLDQBRRHOQWDM6Q3WWM3VAWM,TOKEN-QBWKIE2XA3FJKHU2JHSHU5UT6U,173037,settled_streaming,1,1785449647
TOKEN-5A5VSGA5YBE3NBV6HTXWRHK4TU,1785449634,1785449642,ACC-YRPLDQBRRHOQWDM6Q3WWM3VAWM,TOKEN-ZOU7VSMCOQDPWMMJQ6ZS7I22XM,160654,settled_streaming,1,1785449642
TOKEN-XMWO23BQHHTE6CRUCMNBRGLKRI,1785449634,1785449736,ACC-YRPLDQBRRHOQWDM6Q3WWM3VAWM,TOKEN-7WG6CHUA6HJLLA4XNG4QBVZWTI,372000,settled_streaming,1,1785449736
TOKEN-JTMOUAQJPZDTRGDEF3MFSPZT6U,1785449635,1785449652,ACC-YRPLDQBRRHOQWDM6Q3WWM3VAWM,TOKEN-7WG6CHUA6HJLLA4XNG4QBVZWTI,129927,settled_streaming,1,1785449652
TOKEN-2GZCP42V7SE2KM5UW2UNDLXMLA,1785449637,1785449642,ACC-YRPLDQBRRHOQWDM6Q3WWM3VAWM,TOKEN-VF3IC7X2G4ZTHRNDEY4YYOQRM4,349,settled_streaming,1,1785449642
TOKEN-OGWE6DS7DKGWO7GOX44NOTNXRI,1785449639,1785449643,ACC-YRPLDQBRRHOQWDM6Q3WWM3VAWM,TOKEN-YVBKXBXPWWEI54LEKBRBFUVUIU,183168,settled_streaming,1,1785449643
TOKEN-YABZWPWWRVK2KUJJY762D3N2EI,1785449646,1785449658,ACC-YRPLDQBRRHOQWDM6Q3WWM3VAWM,TOKEN-YVBKXBXPWWEI54LEKBRBFUVUIU,185877,settled_streaming,1,1785449658
TOKEN-ZHU5MJSN5C26AROUPZLIRQ7LHU,1785449648,1785449725,ACC-YRPLDQBRRHOQWDM6Q3WWM3VAWM,TOKEN-WG3MCB6N4PEBK5W7652CVEZK6A,299491,settled_streaming,1,1785449725
TOKEN-34JC6LS52U6APOZIYTSKCU2CBA,1785449649,1785449665,ACC-YRPLDQBRRHOQWDM6Q3WWM3VAWM,TOKEN-QBWKIE2XA3FJKHU2JHSHU5UT6U,174158,settled_streaming,1,1785449665
TOKEN-D7XYA2UZTS2AEE532MUQZ7R44I,1785449649,1785449675,ACC-YRPLDQBRRHOQWDM6Q3WWM3VAWM,TOKEN-7WG6CHUA6HJLLA4XNG4QBVZWTI,115914,settled_streaming,1,1785449675
TOKEN-NSOL72KU4AH7RIGBMSVP2TUAC4,1785449653,1785449718,ACC-YRPLDQBRRHOQWDM6Q3WWM3VAWM,TOKEN-7WG6CHUA6HJLLA4XNG4QBVZWTI,131180,settled_streaming,1,1785449718
TOKEN-53LJB4VBBWQ3BSAQA6CUCYS7DI,1785449655,1785449658,ACC-YRPLDQBRRHOQWDM6Q3WWM3VAWM,TOKEN-ZOU7VSMCOQDPWMMJQ6ZS7I22XM,161211,settled_streaming,1,1785449658
TOKEN-TC4HTO6NF4JRARTRW7BBYSMFTA,1785449656,1785449659,ACC-YRPLDQBRRHOQWDM6Q3WWM3VAWM,TOKEN-WHQX3SXWPTIVY3M5X76RPD2GN4,189006,settled_streaming,1,1785449659
TOKEN-MPOPRH36VT4OMY4JKGYNGV7RW4,1785449662,1785449671,ACC-YRPLDQBRRHOQWDM6Q3WWM3VAWM,TOKEN-WHQX3SXWPTIVY3M5X76RPD2GN4,190700,settled_streaming,1,1785449671
TOKEN-T47GF6Z54CCEQ2BWCO26Y4BS4Q,1785449663,1785449670,ACC-YRPLDQBRRHOQWDM6Q3WWM3VAWM,TOKEN-YVBKXBXPWWEI54LEKBRBFUVUIU,186936,settled_streaming,1,1785449670
TOKEN-ZBTJ3XOSAL2SIEDIAWR7EG42LI,1785449666,1785449672,ACC-YRPLDQBRRHOQWDM6Q3WWM3VAWM,TOKEN-QBWKIE2XA3FJKHU2JHSHU5UT6U,175546,settled_streaming,1,1785449672
TOKEN-ID4TRJGRDYGVYD5ZJPAQ5RXBKE,1785449672,1785449675,ACC-YRPLDQBRRHOQWDM6Q3WWM3VAWM,TOKEN-GJRRJDM47FN4ORGHD2IOHNTDYA,362,settled_streaming,1,1785449675
TOKEN-7TJJKH3ER42FQQEYUNGFIVMFEM,1785449674,1785449682,ACC-YRPLDQBRRHOQWDM6Q3WWM3VAWM,TOKEN-QBWKIE2XA3FJKHU2JHSHU5UT6U,181136,settled_streaming,1,1785449682
TOKEN-ANMDWXBTPHTYHCQRNGNYGBDODA,1785449677,1785449685,ACC-YRPLDQBRRHOQWDM6Q3WWM3VAWM,TOKEN-YVBKXBXPWWEI54LEKBRBFUVUIU,188934,settled_streaming,1,1785449685
TOKEN-CEIKDTDH6R337EV4XAEUYNVN4Q,1785449677,1785449709,ACC-YRPLDQBRRHOQWDM6Q3WWM3VAWM,TOKEN-7WG6CHUA6HJLLA4XNG4QBVZWTI,117449,settled_streaming,1,1785449709
TOKEN-IQF7TLYRJ7NFAKGBEPEWPVWQBM,1785449683,1785449719,ACC-YRPLDQBRRHOQWDM6Q3WWM3VAWM,TOKEN-QBWKIE2XA3FJKHU2JHSHU5UT6U,181938,settled_streaming,1,1785449719
TOKEN-FSHHUWQ5LEO6XT7YZR7Q2YQ6U4,1785449684,1785449689,ACC-YRPLDQBRRHOQWDM6Q3WWM3VAWM,TOKEN-WHQX3SXWPTIVY3M5X76RPD2GN4,191434,settled_streaming,1,1785449689
TOKEN-N62R4VCL4RRBRPUFORKUNPUSPA,1785449689,1785449698,ACC-YRPLDQBRRHOQWDM6Q3WWM3VAWM,TOKEN-YVBKXBXPWWEI54LEKBRBFUVUIU,189582,settled_streaming,1,1785449698
TOKEN-JXUHTJJF5QERHKVQJTF7F6F6ME,1785449692,1785449695,ACC-YRPLDQBRRHOQWDM6Q3WWM3VAWM,TOKEN-ZOU7VSMCOQDPWMMJQ6ZS7I22XM,161646,settled_streaming,1,1785449695
TOKEN-FIVP33J7ZWCTI6EIZDLJQ6WMLU,1785449692,1785449727,ACC-YRPLDQBRRHOQWDM6Q3WWM3VAWM,TOKEN-WHQX3SXWPTIVY3M5X76RPD2GN4,193772,settled_streaming,1,1785449727
TOKEN-AZXH4HAXRL2FMOMKI4477KSXDY,1785449705,1785449769,ACC-YRPLDQBRRHOQWDM6Q3WWM3VAWM,TOKEN-4DHBJ4XXB3S7RFBTOVW3EYGZC4,362,settled_streaming,1,1785449769
TOKEN-6SBFSI3GEUPWN4UA3LYWO3ZGGM,1785449710,1785449720,ACC-YRPLDQBRRHOQWDM6Q3WWM3VAWM,TOKEN-7WG6CHUA6HJLLA4XNG4QBVZWTI,119169,settled_streaming,1,1785449720
TOKEN-W7XWH3Z4JNIGQIVNKYFFOWPZRQ,1785449711,1785449713,ACC-YRPLDQBRRHOQWDM6Q3WWM3VAWM,TOKEN-YVBKXBXPWWEI54LEKBRBFUVUIU,190089,settled_streaming,1,1785449713
TOKEN-YKT6JM4CWKK7P5Z6O3DDWBON6E,1785449713,1785449755,ACC-YRPLDQBRRHOQWDM6Q3WWM3VAWM,TOKEN-QI6ARCTT273KCUI427PXUXEFQY,463,settled_streaming,1,1785449755
TOKEN-FN4MH2UN4O63PGLEP2JETQDBLY,1785449718,1785449859,ACC-YRPLDQBRRHOQWDM6Q3WWM3VAWM,TOKEN-YVBKXBXPWWEI54LEKBRBFUVUIU,190250,settled_streaming,1,1785449859
TOKEN-PDKP4CWUOEUPNLUHBCXJCNK5IM,1785449720,1785449732,ACC-YRPLDQBRRHOQWDM6Q3WWM3VAWM,TOKEN-QBWKIE2XA3FJKHU2JHSHU5UT6U,184954,settled_streaming,1,1785449732
TOKEN-ZSSQTRWNZLXJPUV3JZPIUKDJMA,1785449720,1785449746,ACC-YRPLDQBRRHOQWDM6Q3WWM3VAWM,TOKEN-7WG6CHUA6HJLLA4XNG4QBVZWTI,136104,settled_streaming,1,1785449746
TOKEN-IN2S3OZ6KDKUGHWH2KRS6O7ONE,1785449725,1785449735,ACC-YRPLDQBRRHOQWDM6Q3WWM3VAWM,TOKEN-WG3MCB6N4PEBK5W7652CVEZK6A,20170,settled_streaming,1,1785449735
TOKEN-6VNKIRJLX2SFMDMAVHWKSTL4OY,1785449726,1785449737,ACC-YRPLDQBRRHOQWDM6Q3WWM3VAWM,TOKEN-7WG6CHUA6HJLLA4XNG4QBVZWTI,120752,settled_streaming,1,1785449737
TOKEN-MC77JSGNORW4AVFWESQ2KBBRJY,1785449729,1785449732,ACC-YRPLDQBRRHOQWDM6Q3WWM3VAWM,TOKEN-ZOU7VSMCOQDPWMMJQ6ZS7I22XM,162127,settled_streaming,1,1785449732
TOKEN-52VDINNM4Y44WREC5V3FVB2GDU,1785449730,1785449753,ACC-YRPLDQBRRHOQWDM6Q3WWM3VAWM,TOKEN-WHQX3SXWPTIVY3M5X76RPD2GN4,196273,settled_streaming,1,1785449753
TOKEN-L4WLWHK6Y6K5SUCPVBYHLWNFGU,1785449733,1785449750,ACC-YRPLDQBRRHOQWDM6Q3WWM3VAWM,TOKEN-QBWKIE2XA3FJKHU2JHSHU5UT6U,186021,settled_streaming,1,1785449750
TOKEN-BDLTVBMSJKSQOGH4AQMEVK7RJE,1785449735,1785449742,ACC-YRPLDQBRRHOQWDM6Q3WWM3VAWM,TOKEN-WG3MCB6N4PEBK5W7652CVEZK6A,23911,settled_streaming,1,1785449742
TOKEN-2KBKQPWAH4E6ZGH3RAVE37MLKU,1785449736,1785449743,ACC-YRPLDQBRRHOQWDM6Q3WWM3VAWM,TOKEN-ZOU7VSMCOQDPWMMJQ6ZS7I22XM,162577,settled_streaming,1,1785449743
TOKEN-KNJFEMEPODA5XIHQSP555A4E5I,1785449738,1785449748,ACC-YRPLDQBRRHOQWDM6Q3WWM3VAWM,TOKEN-7WG6CHUA6HJLLA4XNG4QBVZWTI,121458,settled_streaming,1,1785449748
TOKEN-MYGZUCCSZBSVAWELHB6D6YMLSQ,1785449740,1785449752,ACC-YRPLDQBRRHOQWDM6Q3WWM3VAWM,TOKEN-7WG6CHUA6HJLLA4XNG4QBVZWTI,372000,settled_streaming,1,1785449752
TOKEN-C4UXXC44SMLQAPRZ2I6RD42C5I,1785449743,1785449746,ACC-YRPLDQBRRHOQWDM6Q3WWM3VAWM,TOKEN-WG3MCB6N4PEBK5W7652CVEZK6A,26206,settled_streaming,1,1785449746
TOKEN-BDA5DHVM3N6JFALRQEDTSQZSX4,1785449746,1785449752,ACC-YRPLDQBRRHOQWDM6Q3WWM3VAWM,TOKEN-ZOU7VSMCOQDPWMMJQ6ZS7I22XM,164604,settled_streaming,1,1785449752
TOKEN-BMH5OYVL5VC67QWY5IFN7J4U6Y,1785449747,1785449758,ACC-YRPLDQBRRHOQWDM6Q3WWM3VAWM,TOKEN-WG3MCB6N4PEBK5W7652CVEZK6A,26828,settled_streaming,1,1785449758
TOKEN-YT6WG5G2D3LVBH3L3ND3BXWSJE,1785449748,1785449782,ACC-YRPLDQBRRHOQWDM6Q3WWM3VAWM,TOKEN-7WG6CHUA6HJLLA4XNG4QBVZWTI,140283,settled_streaming,1,1785449782
TOKEN-UUANYLPQZ4UG46SFKXG4FBQ6AM,1785449749,1785449757,ACC-YRPLDQBRRHOQWDM6Q3WWM3VAWM,TOKEN-7WG6CHUA6HJLLA4XNG4QBVZWTI,122340,settled_streaming,1,1785449757
TOKEN-AMK6AB7KNXLENICOWZZVOVP4C4,1785449752,1785449778,ACC-YRPLDQBRRHOQWDM6Q3WWM3VAWM,TOKEN-QBWKIE2XA3FJKHU2JHSHU5UT6U,187313,settled_streaming,1,1785449778
TOKEN-TRIZTIBLHKHZRMWIRIKIVJGMNQ,1785449755,1785449760,ACC-YRPLDQBRRHOQWDM6Q3WWM3VAWM,TOKEN-CVU37A4MJNNWA7KP2YYUVVQZ5U,714,settled_streaming,1,1785449760
TOKEN-JO2SUPG3Z3SVY75FF3QW5J6NVQ,1785449756,1785449772,ACC-YRPLDQBRRHOQWDM6Q3WWM3VAWM,TOKEN-7WG6CHUA6HJLLA4XNG4QBVZWTI,372000,settled_streaming,1,1785449772
TOKEN-K24P64H3Z6A2GZUMGVQRBLF3DI,1785449756,1785449829,ACC-YRPLDQBRRHOQWDM6Q3WWM3VAWM,TOKEN-WHQX3SXWPTIVY3M5X76RPD2GN4,198157,settled_streaming,1,1785449829
TOKEN-L52LVAWOVUZPWMDTLASWW7QO7Y,1785449759,1785449768,ACC-YRPLDQBRRHOQWDM6Q3WWM3VAWM,TOKEN-7WG6CHUA6HJLLA4XNG4QBVZWTI,122707,settled_streaming,1,1785449768
TOKEN-WQD4ETTEGWOXIKXEB2WI2BQ7TY,1785449759,1785449762,ACC-YRPLDQBRRHOQWDM6Q3WWM3VAWM,TOKEN-WG3MCB6N4PEBK5W7652CVEZK6A,28885,settled_streaming,1,1785449762
TOKEN-SIYQCKHQJYV4HDWHFE6XFVLRZM,1785449761,1785449780,ACC-YRPLDQBRRHOQWDM6Q3WWM3VAWM,TOKEN-UBAJTIFOWMDK4ONAKUIEIVCTSU,598,settled_streaming,1,1785449780
TOKEN-WSHQAISYUN3NMAYQD5NX3YHGPU,1785449763,1785449768,ACC-YRPLDQBRRHOQWDM6Q3WWM3VAWM,TOKEN-WG3MCB6N4PEBK5W7652CVEZK6A,30635,settled_streaming,1,1785449768
TOKEN-XIB3XDSMBQZMFN52OSWT4F5QVE,1785449766,1785449771,ACC-YRPLDQBRRHOQWDM6Q3WWM3VAWM,TOKEN-ZOU7VSMCOQDPWMMJQ6ZS7I22XM,165136,settled_streaming,1,1785449771
TOKEN-SB6DTXHOUAYPPDF5YKRHCXUPPA,1785449769,1785449780,ACC-YRPLDQBRRHOQWDM6Q3WWM3VAWM,TOKEN-WG3MCB6N4PEBK5W7652CVEZK6A,31400,settled_streaming,1,1785449780
TOKEN-CE6BRBCSKK7SRQCVNZLSXLSERQ,1785449773,1785449860,ACC-YRPLDQBRRHOQWDM6Q3WWM3VAWM,TOKEN-7WG6CHUA6HJLLA4XNG4QBVZWTI,372000,settled_streaming,1,1785449860
TOKEN-NJNNLUCULEO3HGQQIUNGBAYFXE,1785449775,1785449795,ACC-YRPLDQBRRHOQWDM6Q3WWM3VAWM,TOKEN-7WG6CHUA6HJLLA4XNG4QBVZWTI,372000,settled_streaming,1,1785449795
TOKEN-7BNBYNFWD2TMABS5VN7PCGGV6A,1785449780,1785449788,ACC-YRPLDQBRRHOQWDM6Q3WWM3VAWM,TOKEN-MIFV5NS3M2V7NTS45OZNMOEACI,464,settled_streaming,1,1785449788
TOKEN-6IRPEJIP7HLGMVKEC4IHQG7MP4,1785449780,1785449794,ACC-YRPLDQBRRHOQWDM6Q3WWM3VAWM,TOKEN-QBWKIE2XA3FJKHU2JHSHU5UT6U,188617,settled_streaming,1,1785449794
TOKEN-RWOMBWSVKBPTCSEEFGBQWCTGYE,1785449781,1785449784,ACC-YRPLDQBRRHOQWDM6Q3WWM3VAWM,TOKEN-WG3MCB6N4PEBK5W7652CVEZK6A,32333,settled_streaming,1,1785449784
TOKEN-ZBH5DKKVPTZHPRZEZALTCFHF2U,1785449784,1785449795,ACC-YRPLDQBRRHOQWDM6Q3WWM3VAWM,TOKEN-7WG6CHUA6HJLLA4XNG4QBVZWTI,144223,settled_streaming,1,1785449795
TOKEN-CB4BSI6QSUKMHUJGH6NNWMQUZI,1785449785,1785449792,ACC-YRPLDQBRRHOQWDM6Q3WWM3VAWM,TOKEN-ZOU7VSMCOQDPWMMJQ6ZS7I22XM,165551,settled_streaming,1,1785449792
TOKEN-3R5GNKLGTK77KYGXDLVEP3WADY,1785449785,1785449789,ACC-YRPLDQBRRHOQWDM6Q3WWM3VAWM,TOKEN-WG3MCB6N4PEBK5W7652CVEZK6A,32872,settled_streaming,1,1785449789
TOKEN-QFGJPS735NFC2CD6N24WGQOMIA,1785449790,1785449791,ACC-YRPLDQBRRHOQWDM6Q3WWM3VAWM,TOKEN-XVSSJILNSUZKDNOFP2VHSUOHQA,13695,settled_streaming,1,1785449791
TOKEN-UUHADWUI3VUXJ42OZVDQNXXFSI,1785449790,1785449792,ACC-YRPLDQBRRHOQWDM6Q3WWM3VAWM,TOKEN-KOFCUE6NZIXVQPQ6O3YPTWQLII,410,settled_streaming,1,1785449792
TOKEN-7TZ37UCZUSJXDBT4VCDUDTD2QA,1785449791,1785449809,ACC-YRPLDQBRRHOQWDM6Q3WWM3VAWM,TOKEN-XVSSJILNSUZKDNOFP2VHSUOHQA,16743,settled_streaming,1,1785449809
TOKEN-NSJZD2DQIMDOMPHM5LM6KSBXGU,1785449794,1785449796,ACC-YRPLDQBRRHOQWDM6Q3WWM3VAWM,TOKEN-WG3MCB6N4PEBK5W7652CVEZK6A,33520,settled_streaming,1,1785449796
TOKEN-JKSVZOOJZXNB3MAGELD5JIYF74,1785449795,1785449802,ACC-YRPLDQBRRHOQWDM6Q3WWM3VAWM,TOKEN-ZOU7VSMCOQDPWMMJQ6ZS7I22XM,168286,settled_streaming,1,1785449802
TOKEN-TXCQ62TYN6TQVWP53CJRYYLWWA,1785449795,1785449804,ACC-YRPLDQBRRHOQWDM6Q3WWM3VAWM,TOKEN-QBWKIE2XA3FJKHU2JHSHU5UT6U,189674,settled_streaming,1,1785449804
TOKEN-3RYCHG3T6MY4K3545UP5OYTQW4,1785449798,1785449812,ACC-YRPLDQBRRHOQWDM6Q3WWM3VAWM,TOKEN-7WG6CHUA6HJLLA4XNG4QBVZWTI,155355,settled_streaming,1,1785449812
TOKEN-BUOYCZHNBNBIRFR6QN43YJPXHM,1785449799,1785449816,ACC-YRPLDQBRRHOQWDM6Q3WWM3VAWM,TOKEN-7WG6CHUA6HJLLA4XNG4QBVZWTI,372000,settled_streaming,1,1785449816
TOKEN-F5O727IC4OGLXRHV6JOKGM6QKY,1785449800,1785449809,ACC-YRPLDQBRRHOQWDM6Q3WWM3VAWM,TOKEN-WG3MCB6N4PEBK5W7652CVEZK6A,34165,settled_streaming,1,1785449809
TOKEN-GSI5CMRANH6ABJZEQRFGHTJZQA,1785449806,1785449814,ACC-YRPLDQBRRHOQWDM6Q3WWM3VAWM,TOKEN-ZOU7VSMCOQDPWMMJQ6ZS7I22XM,168818,settled_streaming,1,1785449814
TOKEN-G6QG6PWPNX57I2PO5ME2JROICA,1785449808,1785449808,ACC-YRPLDQBRRHOQWDM6Q3WWM3VAWM,TOKEN-PGS7OCNXZWT5OOQGIHVHNP4AO4,379,websocket_fallback_context_recovering,0,0
TOKEN-BPP4M3URNVTXHOJIDEOERBVXNQ,1785449808,1785449823,ACC-YRPLDQBRRHOQWDM6Q3WWM3VAWM,TOKEN-QBWKIE2XA3FJKHU2JHSHU5UT6U,190525,settled_streaming,1,1785449823
TOKEN-GHZJT3K5J2NO56FWLBC7ORII6U,1785449809,1785449822,ACC-YRPLDQBRRHOQWDM6Q3WWM3VAWM,TOKEN-SDDLK6PEZUSCIOBKPPLOTMWSIU,2845,settled_streaming,1,1785449822
TOKEN-Y4DGE4QKP22U4ELPXY3EJCU3BY,1785449809,1785449827,ACC-YRPLDQBRRHOQWDM6Q3WWM3VAWM,TOKEN-TZ4TT4UK3NCOI2PEEE3FDMIGPQ,372000,settled_streaming,1,1785449827
TOKEN-EPHV5EESOXAZR32AIXKGQPWK4A,1785449809,1785449827,ACC-YRPLDQBRRHOQWDM6Q3WWM3VAWM,TOKEN-WG3MCB6N4PEBK5W7652CVEZK6A,35195,settled_streaming,1,1785449827
TOKEN-V3H5YYIXOM2JTS7BFMLRJOIOBQ,1785449813,1785449831,ACC-YRPLDQBRRHOQWDM6Q3WWM3VAWM,TOKEN-7WG6CHUA6HJLLA4XNG4QBVZWTI,156673,settled_streaming,1,1785449831
TOKEN-AZN6CWN7KLMT2MAJP7PV7IJOJM,1785449817,1785449828,ACC-YRPLDQBRRHOQWDM6Q3WWM3VAWM,TOKEN-ZOU7VSMCOQDPWMMJQ6ZS7I22XM,169644,settled_streaming,1,1785449828
TOKEN-FZX7J6UL7FCTJ6B7RDWX7TLDJ4,1785449819,1785449838,ACC-YRPLDQBRRHOQWDM6Q3WWM3VAWM,TOKEN-7WG6CHUA6HJLLA4XNG4QBVZWTI,372000,settled_streaming,1,1785449838
TOKEN-DN64BNBLSGKF6IKUS5TNQKDVVA,1785449822,1785449824,ACC-YRPLDQBRRHOQWDM6Q3WWM3VAWM,TOKEN-YBDCFO4UEIRSMWUHTS4PSWZWVY,6563,settled_streaming,1,1785449824
TOKEN-A76CYSIJ6GHWX67JYWD7RQPDKQ,1785449822,1785449826,ACC-YRPLDQBRRHOQWDM6Q3WWM3VAWM,TOKEN-MN5NMZWFOMIGMKFYQHKDVARIEU,410,settled_streaming,1,1785449826
TOKEN-QG3A7DHF5BS5VHQ3GV4JKWL62U,1785449824,1785449829,ACC-YRPLDQBRRHOQWDM6Q3WWM3VAWM,TOKEN-5CGV5XR7TO4IL7ALZ4NEGVJEHI,7142,settled_streaming,1,1785449829
TOKEN-KNKGYIZKNWIB7ZQFB4KJZ3WGU4,1785449824,1785449844,ACC-YRPLDQBRRHOQWDM6Q3WWM3VAWM,TOKEN-QBWKIE2XA3FJKHU2JHSHU5UT6U,191294,settled_streaming,1,1785449844
TOKEN-UPHWQ2SEVJOJEYMNOICI4YWTMU,1785449828,1785449842,ACC-YRPLDQBRRHOQWDM6Q3WWM3VAWM,TOKEN-WG3MCB6N4PEBK5W7652CVEZK6A,36723,settled_streaming,1,1785449842
TOKEN-ZI4Y2WKRXOBQ2VAD4GC5R5DOLY,1785449829,1785449832,ACC-YRPLDQBRRHOQWDM6Q3WWM3VAWM,TOKEN-A73VAKK647RDCEVOAT44J7HQPQ,6478,settled_streaming,1,1785449832
TOKEN-4MQC2EEEI34GY5QILDKPB5Z7YQ,1785449832,1785449867,ACC-YRPLDQBRRHOQWDM6Q3WWM3VAWM,TOKEN-SX5FFK4DJECFHTKT7GYURERWNE,4395,settled_streaming,1,1785449867
TOKEN-Z7IBNABYYVYEQR6SKV62KH2ZEI,1785449832,1785449850,ACC-YRPLDQBRRHOQWDM6Q3WWM3VAWM,TOKEN-7WG6CHUA6HJLLA4XNG4QBVZWTI,157934,settled_streaming,1,1785449850
TOKEN-AIGM44JPH4J76WKTXDH56SLVYY,1785449834,1785449842,ACC-YRPLDQBRRHOQWDM6Q3WWM3VAWM,TOKEN-WHQX3SXWPTIVY3M5X76RPD2GN4,203976,settled_streaming,1,1785449842
TOKEN-J74J2YUUR5MTFJRYHT3FQWZSCI,1785449835,1785449844,ACC-YRPLDQBRRHOQWDM6Q3WWM3VAWM,TOKEN-ZOU7VSMCOQDPWMMJQ6ZS7I22XM,173526,settled_streaming,1,1785449844
TOKEN-F45LJT2EI3IHNKOHNTHGI3MVZI,1785449841,1785449866,ACC-YRPLDQBRRHOQWDM6Q3WWM3VAWM,TOKEN-7WG6CHUA6HJLLA4XNG4QBVZWTI,372000,settled_streaming,1,1785449866
TOKEN-JS77EQADY7TWOYDY7225Q3DJAY,1785449843,1785449846,ACC-YRPLDQBRRHOQWDM6Q3WWM3VAWM,TOKEN-WG3MCB6N4PEBK5W7652CVEZK6A,38253,settled_streaming,1,1785449846
TOKEN-QXGXWLFZYP5UXTAUEFOXYOPCAI,1785449845,1785449932,ACC-YRPLDQBRRHOQWDM6Q3WWM3VAWM,TOKEN-WHQX3SXWPTIVY3M5X76RPD2GN4,204822,settled_streaming,1,1785449932
TOKEN-YISQKTSMKOUW6PCINICTXXBCH4,1785449845,1785449860,ACC-YRPLDQBRRHOQWDM6Q3WWM3VAWM,TOKEN-QBWKIE2XA3FJKHU2JHSHU5UT6U,193129,settled_streaming,1,1785449860
TOKEN-5G2LOOLQUXEPKV57LAOWM5SCYM,1785449847,1785449884,ACC-YRPLDQBRRHOQWDM6Q3WWM3VAWM,TOKEN-WG3MCB6N4PEBK5W7652CVEZK6A,38859,settled_streaming,1,1785449884
TOKEN-YMX7YFR2IM45CIQCJJG2UH2TYQ,1785449849,1785449859,ACC-YRPLDQBRRHOQWDM6Q3WWM3VAWM,TOKEN-ZOU7VSMCOQDPWMMJQ6ZS7I22XM,174891,settled_streaming,1,1785449859
TOKEN-JTNTKIABSBTSUIAHG5LM36CFPU,1785449852,1785449884,ACC-YRPLDQBRRHOQWDM6Q3WWM3VAWM,TOKEN-7WG6CHUA6HJLLA4XNG4QBVZWTI,160638,settled_streaming,1,1785449884
TOKEN-WKVEETIERDI3Q3LWAT2JGCZJYU,1785449857,1785449861,ACC-YRPLDQBRRHOQWDM6Q3WWM3VAWM,TOKEN-A4OCATYKLLJPTQLO236CWA5CZQ,410,settled_streaming,1,1785449861
TOKEN-6QSFUBQ6V47I5DF3BIXYY6PUEU,1785449861,1785449886,ACC-YRPLDQBRRHOQWDM6Q3WWM3VAWM,TOKEN-QBWKIE2XA3FJKHU2JHSHU5UT6U,194292,settled_streaming,1,1785449886
TOKEN-H7O45ZL3FKJV5ZTZ2HSZO5JFSQ,1785449864,1785449880,ACC-YRPLDQBRRHOQWDM6Q3WWM3VAWM,TOKEN-7WG6CHUA6HJLLA4XNG4QBVZWTI,372000,settled_streaming,1,1785449880
TOKEN-RFMP22VWK5PF3J5CAUVSJJKFLI,1785449865,1785449873,ACC-YRPLDQBRRHOQWDM6Q3WWM3VAWM,TOKEN-YVBKXBXPWWEI54LEKBRBFUVUIU,200481,settled_streaming,1,1785449873
TOKEN-W4ZUUDXBBCC5QF6TOUDQXBZXA4,1785449865,1785449878,ACC-YRPLDQBRRHOQWDM6Q3WWM3VAWM,TOKEN-ZOU7VSMCOQDPWMMJQ6ZS7I22XM,175717,settled_streaming,1,1785449878
TOKEN-QUYQHVEYGY4NS7GQJNHJJ2L3XE,1785449867,1785449919,ACC-YRPLDQBRRHOQWDM6Q3WWM3VAWM,TOKEN-7C6KNQT35D3DVYA7F4Q5OLTKKY,3149,settled_streaming,1,1785449919
TOKEN-C2FH5CTPRDCDMWRD7PZF2RSU2U,1785449869,1785449919,ACC-YRPLDQBRRHOQWDM6Q3WWM3VAWM,TOKEN-7WG6CHUA6HJLLA4XNG4QBVZWTI,372000,settled_streaming,1,1785449919
TOKEN-4IIUG37RFRIZEDVFUTZHCWFGYM,1785449878,1785450160,ACC-YRPLDQBRRHOQWDM6Q3WWM3VAWM,TOKEN-YVBKXBXPWWEI54LEKBRBFUVUIU,203161,settled_streaming,1,1785450160
TOKEN-JWTE6L2ZHP7SIFG6LWM2HYMISM,1785449884,1785449907,ACC-YRPLDQBRRHOQWDM6Q3WWM3VAWM,TOKEN-7WG6CHUA6HJLLA4XNG4QBVZWTI,372000,settled_streaming,1,1785449907
TOKEN-2KUD4IFEKYIHRMPEQQ53D5MSRQ,1785449884,1785449903,ACC-YRPLDQBRRHOQWDM6Q3WWM3VAWM,TOKEN-WG3MCB6N4PEBK5W7652CVEZK6A,41919,settled_streaming,1,1785449903
TOKEN-MPZ6QAYATUX2GOGIXIYTDUMVC4,1785449887,1785449967,ACC-YRPLDQBRRHOQWDM6Q3WWM3VAWM,TOKEN-7WG6CHUA6HJLLA4XNG4QBVZWTI,163580,settled_streaming,1,1785449967
TOKEN-OJFNVUJKHXSISAYN6OFSJSLCDA,1785449888,1785449893,ACC-YRPLDQBRRHOQWDM6Q3WWM3VAWM,TOKEN-QBWKIE2XA3FJKHU2JHSHU5UT6U,196503,settled_streaming,1,1785449893
TOKEN-Q7W5DOYNKQHZ5G7V57FLD2LBOQ,1785449891,1785449899,ACC-YRPLDQBRRHOQWDM6Q3WWM3VAWM,TOKEN-ZOU7VSMCOQDPWMMJQ6ZS7I22XM,176284,settled_streaming,1,1785449899
TOKEN-6T733C2JZ7PZUVWVRAP5QWFRYE,1785449892,1785449894,ACC-YRPLDQBRRHOQWDM6Q3WWM3VAWM,TOKEN-GR4SPHXLAWBW6G3NV4AJZVDF3E,410,settled_streaming,1,1785449894
TOKEN-P25DXU6ZUUJK7VOZ7RUFQBSTWM,1785449895,1785449907,ACC-YRPLDQBRRHOQWDM6Q3WWM3VAWM,TOKEN-QBWKIE2XA3FJKHU2JHSHU5UT6U,197690,settled_streaming,1,1785449907
TOKEN-5LTTNLXUD6KFYAQ6VBG4TOLKTI,1785449903,1785449912,ACC-YRPLDQBRRHOQWDM6Q3WWM3VAWM,TOKEN-WG3MCB6N4PEBK5W7652CVEZK6A,44308,settled_streaming,1,1785449912
TOKEN-SZKAO5PW6SKF52E6W32BJFRPXM,1785449908,1785449922,ACC-YRPLDQBRRHOQWDM6Q3WWM3VAWM,TOKEN-QBWKIE2XA3FJKHU2JHSHU5UT6U,198810,settled_streaming,1,1785449922
TOKEN-O2VB4O2GPCO7LKRY7UC6Z6K47U,1785449912,1785449939,ACC-YRPLDQBRRHOQWDM6Q3WWM3VAWM,TOKEN-WG3MCB6N4PEBK5W7652CVEZK6A,44943,settled_streaming,1,1785449939
TOKEN-V7WKDYMLTW4NDUVOZDLGW2ZN54,1785449920,1785450028,ACC-YRPLDQBRRHOQWDM6Q3WWM3VAWM,TOKEN-V7SDP7FIRSQZ62GVLAGNWYW7TU,1543,settled_streaming,1,1785450028
TOKEN-6RHBARK7NT76FS7RSCAGTEFCHM,1785449923,1785449928,ACC-YRPLDQBRRHOQWDM6Q3WWM3VAWM,TOKEN-QBWKIE2XA3FJKHU2JHSHU5UT6U,199797,settled_streaming,1,1785449928
TOKEN-5SF7IQ2QC2DQJKORILSOTAL75M,1785449923,1785449957,ACC-YRPLDQBRRHOQWDM6Q3WWM3VAWM,TOKEN-7WG6CHUA6HJLLA4XNG4QBVZWTI,372000,settled_streaming,1,1785449957
TOKEN-57HUJHSJCNTCRXMOPBJZ3VM4CY,1785449924,1785449926,ACC-YRPLDQBRRHOQWDM6Q3WWM3VAWM,TOKEN-G35WJJ6PQPBJGEEQTMOONLQ4LI,410,settled_streaming,1,1785449926
TOKEN-OCYYS3TLCAP2J35V5LITYOOAP4,1785449928,1785449933,ACC-YRPLDQBRRHOQWDM6Q3WWM3VAWM,TOKEN-QBWKIE2XA3FJKHU2JHSHU5UT6U,201108,settled_streaming,1,1785449933
TOKEN-Q4F24ZFXZ3VMTPCITMMGBRGXGY,1785449932,1785449938,ACC-YRPLDQBRRHOQWDM6Q3WWM3VAWM,TOKEN-ZOU7VSMCOQDPWMMJQ6ZS7I22XM,176714,settled_streaming,1,1785449938
TOKEN-HNMM7VZYEMJ7BV5P2LVOVERI5E,1785449934,1785449941,ACC-YRPLDQBRRHOQWDM6Q3WWM3VAWM,TOKEN-QBWKIE2XA3FJKHU2JHSHU5UT6U,201824,settled_streaming,1,1785449941
TOKEN-NSIQCEGBHYIODHDHQ2IZQW52LU,1785449934,1785449956,ACC-YRPLDQBRRHOQWDM6Q3WWM3VAWM,TOKEN-WHQX3SXWPTIVY3M5X76RPD2GN4,213561,settled_streaming,1,1785449956
TOKEN-ONXOGAEEUGBE5TDE45Z2W7CUVU,1785449935,1785449937,ACC-YRPLDQBRRHOQWDM6Q3WWM3VAWM,TOKEN-DLC6FEIR333IGYJRGRCESOXU4Q,362,settled_streaming,1,1785449937
TOKEN-27D5MIU3XQNN4RMH74I77XP3BQ,1785449942,1785449946,ACC-YRPLDQBRRHOQWDM6Q3WWM3VAWM,TOKEN-ZOU7VSMCOQDPWMMJQ6ZS7I22XM,177204,settled_streaming,1,1785449946
TOKEN-THUOOLZZJR3Q76MWUIYM74626Y,1785449950,1785449957,ACC-YRPLDQBRRHOQWDM6Q3WWM3VAWM,TOKEN-ZOU7VSMCOQDPWMMJQ6ZS7I22XM,177722,settled_streaming,1,1785449957
TOKEN-OVJ2JHDRG6TGWYOENDK7SMINLI,1785449953,1785449957,ACC-YRPLDQBRRHOQWDM6Q3WWM3VAWM,TOKEN-QBWKIE2XA3FJKHU2JHSHU5UT6U,202523,settled_streaming,1,1785449957
TOKEN-RSYTVKCUDHTFO3ZSX6V2HVLMME,1785449956,1785449959,ACC-YRPLDQBRRHOQWDM6Q3WWM3VAWM,TOKEN-6DRN4GMTG6J3I4ZCMJLGKXQEDM,410,settled_streaming,1,1785449959
TOKEN-U2U5PPCLYNR2WOF45OLIV65GZA,1785449958,1785450150,ACC-YRPLDQBRRHOQWDM6Q3WWM3VAWM,TOKEN-WHQX3SXWPTIVY3M5X76RPD2GN4,214911,settled_streaming,1,1785450150
TOKEN-YFSW5NQ3FMHJLTTAUFMPOIBBPU,1785449961,1785450010,ACC-YRPLDQBRRHOQWDM6Q3WWM3VAWM,TOKEN-7WG6CHUA6HJLLA4XNG4QBVZWTI,372000,settled_streaming,1,1785450010
TOKEN-X5HS6SCY4DHYKQ7XX3R2QH3TP4,1785449962,1785449968,ACC-YRPLDQBRRHOQWDM6Q3WWM3VAWM,TOKEN-ZOU7VSMCOQDPWMMJQ6ZS7I22XM,178630,settled_streaming,1,1785449968
TOKEN-GSHGV3444B6ZRET4WEJ2KKL74U,1785449967,1785449973,ACC-YRPLDQBRRHOQWDM6Q3WWM3VAWM,TOKEN-HLL6LVBM2OBTH3MHK4VTVRKKEY,362,settled_streaming,1,1785449973
TOKEN-KOTBOZXSQI6LEHFNAMMTNCKBYU,1785449968,1785449978,ACC-YRPLDQBRRHOQWDM6Q3WWM3VAWM,TOKEN-7WG6CHUA6HJLLA4XNG4QBVZWTI,168472,settled_streaming,1,1785449978
TOKEN-7CXNIXJF6TPRK4Q5GIIHVKGRMY,1785449972,1785449978,ACC-YRPLDQBRRHOQWDM6Q3WWM3VAWM,TOKEN-QBWKIE2XA3FJKHU2JHSHU5UT6U,203153,settled_streaming,1,1785449978
TOKEN-6EL4KPUG3QUCFY5QOD4IYMX3BE,1785449974,1785449978,ACC-YRPLDQBRRHOQWDM6Q3WWM3VAWM,TOKEN-LV4WUMEFBMCNYXKLDIUZSX7DNU,1274,settled_streaming,1,1785449978
TOKEN-4LPO4I4L4T4FZKSRUZIHUDLEHU,1785449979,1785450030,ACC-YRPLDQBRRHOQWDM6Q3WWM3VAWM,TOKEN-UJCMUXAOIBRVZE72ONUXVZCNH4,599,stream_interrupted_compensated,1,1785450030
TOKEN-FUH6A4H2C7EXFJPNTDYMRQ3S2E,1785449981,1785449990,ACC-YRPLDQBRRHOQWDM6Q3WWM3VAWM,TOKEN-ZOU7VSMCOQDPWMMJQ6ZS7I22XM,179254,settled_streaming,1,1785449990
TOKEN-VPKIZD4XBJHY2TQVZPVOYXQDOU,1785449983,1785450003,ACC-YRPLDQBRRHOQWDM6Q3WWM3VAWM,TOKEN-QBWKIE2XA3FJKHU2JHSHU5UT6U,203830,settled_streaming,1,1785450003
TOKEN-IXRO5PZTC2SDHUULZ6BKTWHCCM,1785449984,1785449991,ACC-YRPLDQBRRHOQWDM6Q3WWM3VAWM,TOKEN-7WG6CHUA6HJLLA4XNG4QBVZWTI,169723,settled_streaming,1,1785449991
TOKEN-O2W2X67SKJ3HZL4QVXOAXMZDG4,1785449992,1785450004,ACC-YRPLDQBRRHOQWDM6Q3WWM3VAWM,TOKEN-7WG6CHUA6HJLLA4XNG4QBVZWTI,170280,settled_streaming,1,1785450004
TOKEN-QNJTMQNXF2FQC6N72MXQSN5QNA,1785450003,1785450009,ACC-YRPLDQBRRHOQWDM6Q3WWM3VAWM,TOKEN-QBWKIE2XA3FJKHU2JHSHU5UT6U,204615,settled_streaming,1,1785450009
TOKEN-FCQ5FRHWHSFYCLFNOIETG4667E,1785450010,1785450026,ACC-YRPLDQBRRHOQWDM6Q3WWM3VAWM,TOKEN-QBWKIE2XA3FJKHU2JHSHU5UT6U,205310,settled_streaming,1,1785450026
TOKEN-GBVKAIQWXUETHFVYQQOLGZYXGY,1785450013,1785450031,ACC-YRPLDQBRRHOQWDM6Q3WWM3VAWM,TOKEN-7WG6CHUA6HJLLA4XNG4QBVZWTI,372000,settled_streaming,1,1785450031
TOKEN-OEZWLB6DVZBKDI6K7SPKLOKNBU,1785450023,1785450026,ACC-YRPLDQBRRHOQWDM6Q3WWM3VAWM,TOKEN-ZOU7VSMCOQDPWMMJQ6ZS7I22XM,179677,settled_streaming,1,1785450026
TOKEN-TNBRAU5GLDKNZLZYXK5HVIRJDM,1785450027,1785450033,ACC-YRPLDQBRRHOQWDM6Q3WWM3VAWM,TOKEN-QBWKIE2XA3FJKHU2JHSHU5UT6U,206538,settled_streaming,1,1785450033
TOKEN-MQAGQJA5LU7NDLBZ55HKPKREVI,1785450028,1785450045,ACC-YRPLDQBRRHOQWDM6Q3WWM3VAWM,TOKEN-X6MOEVGYG3M2IK2RG7C2HGD5T4,986,settled_streaming,1,1785450045
TOKEN-SGXIM6X4YPKXRUOOSVYWZMDZAQ,1785450031,1785450038,ACC-YRPLDQBRRHOQWDM6Q3WWM3VAWM,TOKEN-ZOU7VSMCOQDPWMMJQ6ZS7I22XM,180091,settled_streaming,1,1785450038
TOKEN-TDERHUA2S5NDDGMKPIAJK3FNVI,1785450034,1785450044,ACC-YRPLDQBRRHOQWDM6Q3WWM3VAWM,TOKEN-QBWKIE2XA3FJKHU2JHSHU5UT6U,207257,settled_streaming,1,1785450044
TOKEN-3T2TQ44VW4UAXNRFMBQ5MHORPM,1785450034,1785450096,ACC-YRPLDQBRRHOQWDM6Q3WWM3VAWM,TOKEN-7WG6CHUA6HJLLA4XNG4QBVZWTI,372000,settled_streaming,1,1785450096
TOKEN-N7YPRBNXHMQ4FE2I3RSAND76KE,1785450038,1785450055,ACC-YRPLDQBRRHOQWDM6Q3WWM3VAWM,TOKEN-7WG6CHUA6HJLLA4XNG4QBVZWTI,372000,settled_streaming,1,1785450055
TOKEN-5NYRKF67S6M77NYF2PRN4KQDR4,1785450041,1785450048,ACC-YRPLDQBRRHOQWDM6Q3WWM3VAWM,TOKEN-ZOU7VSMCOQDPWMMJQ6ZS7I22XM,180929,settled_streaming,1,1785450048
TOKEN-BLVSHAQBYDQARDV3AD4JH3IKGE,1785450045,1785450073,ACC-YRPLDQBRRHOQWDM6Q3WWM3VAWM,TOKEN-NRPQWY5LIYZZKWSXUOLDG6453Y,986,settled_streaming,1,1785450073
TOKEN-FHER4BIFBKP6GDWCP55L2CPUEE,1785450052,1785450065,ACC-YRPLDQBRRHOQWDM6Q3WWM3VAWM,TOKEN-ZOU7VSMCOQDPWMMJQ6ZS7I22XM,181443,settled_streaming,1,1785450065
TOKEN-Q7KUWY6TXGNP3O2J7K6GNAEDRE,1785450056,1785450059,ACC-YRPLDQBRRHOQWDM6Q3WWM3VAWM,TOKEN-QBWKIE2XA3FJKHU2JHSHU5UT6U,208268,settled_streaming,1,1785450059
TOKEN-43IJYVTCEYX3ZX4PLQ3OGX4XZA,1785450073,1785450157,ACC-YRPLDQBRRHOQWDM6Q3WWM3VAWM,TOKEN-OPHHS22HZNSWL6CDAVC73D27AA,986,settled_streaming,1,1785450157
TOKEN-URNZ6ULZ3ZZT5LNWUJNKMRIGRY,1785450075,1785450079,ACC-YRPLDQBRRHOQWDM6Q3WWM3VAWM,TOKEN-QBWKIE2XA3FJKHU2JHSHU5UT6U,208839,settled_streaming,1,1785450079
TOKEN-KLA564CRKJXBALF6JDUGGZZC5Q,1785450078,1785450085,ACC-YRPLDQBRRHOQWDM6Q3WWM3VAWM,TOKEN-ZOU7VSMCOQDPWMMJQ6ZS7I22XM,182553,settled_streaming,1,1785450085
TOKEN-H3KZRM7KN5KP64IWLZHWVUCT6M,1785450090,1785450096,ACC-YRPLDQBRRHOQWDM6Q3WWM3VAWM,TOKEN-QBWKIE2XA3FJKHU2JHSHU5UT6U,209321,settled_streaming,1,1785450096
TOKEN-ABKFNWHLKTMHRO2GBHH4EXCI4I,1785450099,1785450116,ACC-YRPLDQBRRHOQWDM6Q3WWM3VAWM,TOKEN-QBWKIE2XA3FJKHU2JHSHU5UT6U,209877,settled_streaming,1,1785450116
TOKEN-44XPJ7QFVQYNGA7WGK3A2WTARA,1785450100,1785450117,ACC-YRPLDQBRRHOQWDM6Q3WWM3VAWM,TOKEN-7WG6CHUA6HJLLA4XNG4QBVZWTI,372000,settled_streaming,1,1785450117
TOKEN-5T2O4H5RQ3BUPN3BHNPOAIWDDE,1785450105,1785450121,ACC-YRPLDQBRRHOQWDM6Q3WWM3VAWM,TOKEN-ZOU7VSMCOQDPWMMJQ6ZS7I22XM,183090,settled_streaming,1,1785450121
TOKEN-UCEUU4ZZCB34SKVB7CU4O5JNZA,1785450118,1785450383,ACC-YRPLDQBRRHOQWDM6Q3WWM3VAWM,TOKEN-2NAXZCTOOOOAH5YB7RPXITETOA,4568,settled_streaming,1,1785450383
TOKEN-D5CB66VDTGCLU7QFFJXONGF4WA,1785450127,1785450127,ACC-YRPLDQBRRHOQWDM6Q3WWM3VAWM,TOKEN-DBU24R767RBGW6DGHKODQXYE54,379,websocket_fallback_context_recovering,0,0
TOKEN-Z5S5KT7T3A3EE24AW2VY7TPMBI,1785450127,1785450131,ACC-YRPLDQBRRHOQWDM6Q3WWM3VAWM,TOKEN-QBWKIE2XA3FJKHU2JHSHU5UT6U,210847,settled_streaming,1,1785450131
TOKEN-PQCH2WDHMG6P3YPZ7GGELOYAHY,1785450128,1785450140,ACC-YRPLDQBRRHOQWDM6Q3WWM3VAWM,TOKEN-TZ4TT4UK3NCOI2PEEE3FDMIGPQ,372000,settled_streaming,1,1785450140
TOKEN-YJTZQC5L3CHRN46YJUJSMFSKEM,1785450134,1785450137,ACC-YRPLDQBRRHOQWDM6Q3WWM3VAWM,TOKEN-ZOU7VSMCOQDPWMMJQ6ZS7I22XM,184520,settled_streaming,1,1785450137
TOKEN-MWBH56V2K3VPCAGYUAIIGMUSCI,1785450146,1785450246,ACC-YRPLDQBRRHOQWDM6Q3WWM3VAWM,TOKEN-ZOU7VSMCOQDPWMMJQ6ZS7I22XM,185488,settled_streaming,1,1785450246
TOKEN-5NYJ7WAT4WKQR7KDZ22UWNJETU,1785450146,1785450150,ACC-YRPLDQBRRHOQWDM6Q3WWM3VAWM,TOKEN-QBWKIE2XA3FJKHU2JHSHU5UT6U,211423,settled_streaming,1,1785450150
TOKEN-UAGLPOXOZEEG433N4XYKAT35XQ,1785450155,1785450164,ACC-YRPLDQBRRHOQWDM6Q3WWM3VAWM,TOKEN-WHQX3SXWPTIVY3M5X76RPD2GN4,232461,settled_streaming,1,1785450164
TOKEN-5CY2UIERWJKN7WUAT47ZJFZAPE,1785450158,1785450162,ACC-YRPLDQBRRHOQWDM6Q3WWM3VAWM,TOKEN-ILYTJO3PMRRX3EW5EB2GKCNGIY,986,settled_streaming,1,1785450162
TOKEN-ZI6K6A2HJZV2FALW6NQLFVDVYQ,1785450161,1785450179,ACC-YRPLDQBRRHOQWDM6Q3WWM3VAWM,TOKEN-QBWKIE2XA3FJKHU2JHSHU5UT6U,211894,settled_streaming,1,1785450179
TOKEN-R6ZFJV34P7IJTXXFZDR7W2TE5I,1785450162,1785450218,ACC-YRPLDQBRRHOQWDM6Q3WWM3VAWM,TOKEN-TQG2F6ICPIIQARADD3GQSIE6WQ,986,settled_streaming,1,1785450218
TOKEN-6GV4Z3F3OF6X42P4EZ2CIQEJQQ,1785450169,1785450175,ACC-YRPLDQBRRHOQWDM6Q3WWM3VAWM,TOKEN-WHQX3SXWPTIVY3M5X76RPD2GN4,236237,settled_streaming,1,1785450175
TOKEN-TVM3NQE77JAB3P5YI5OXUJWGOU,1785450178,1785450321,ACC-YRPLDQBRRHOQWDM6Q3WWM3VAWM,TOKEN-WHQX3SXWPTIVY3M5X76RPD2GN4,236880,settled_streaming,1,1785450321
TOKEN-WKT3WNZEJDKO773QDWFATT7CUU,1785450180,1785450192,ACC-YRPLDQBRRHOQWDM6Q3WWM3VAWM,TOKEN-QBWKIE2XA3FJKHU2JHSHU5UT6U,212163,settled_streaming,1,1785450192
TOKEN-NPXYS3Z2SUGLUCTGBAJUXMC3RY,1785450202,1785450208,ACC-YRPLDQBRRHOQWDM6Q3WWM3VAWM,TOKEN-QBWKIE2XA3FJKHU2JHSHU5UT6U,212970,settled_streaming,1,1785450208
TOKEN-AXESK64G62UXRAHWNSGPK5BJJI,1785450210,1785450215,ACC-YRPLDQBRRHOQWDM6Q3WWM3VAWM,TOKEN-QBWKIE2XA3FJKHU2JHSHU5UT6U,213785,settled_streaming,1,1785450215
TOKEN-NNBHHBJBZUTHAPVQUJ5A2YEMSY,1785450216,1785450234,ACC-YRPLDQBRRHOQWDM6Q3WWM3VAWM,TOKEN-QBWKIE2XA3FJKHU2JHSHU5UT6U,217996,settled_streaming,1,1785450234
TOKEN-OGJMGKBK7UDGADEB7UBIQB5JWU,1785450218,1785450235,ACC-YRPLDQBRRHOQWDM6Q3WWM3VAWM,TOKEN-ZXV6FDBBZSOW7AQHNTGL4YDEG4,986,settled_streaming,1,1785450235
TOKEN-GNF6IKW4IV2R52AKD5JG65Y344,1785450235,1785450275,ACC-YRPLDQBRRHOQWDM6Q3WWM3VAWM,TOKEN-LIQFDQ62HLQXFFAGXTK2RA7SKA,11232,settled_streaming,1,1785450275
TOKEN-JM5VG3M346WAUPQX6A4TKSJZ6I,1785450236,1785450251,ACC-YRPLDQBRRHOQWDM6Q3WWM3VAWM,TOKEN-QBWKIE2XA3FJKHU2JHSHU5UT6U,219381,settled_streaming,1,1785450251
TOKEN-SYNKJCCBSAWEFLA7V5GZ4ZVT5A,1785450252,1785450263,ACC-YRPLDQBRRHOQWDM6Q3WWM3VAWM,TOKEN-ZOU7VSMCOQDPWMMJQ6ZS7I22XM,193936,settled_streaming,1,1785450263
TOKEN-QR3SOVHWZRBBERC4Q4CSCGRM7Y,1785450259,1785450259,ACC-YRPLDQBRRHOQWDM6Q3WWM3VAWM,TOKEN-IBNZHYHU6JZTU3IMESPGU2A65I,411,websocket_fallback_context_recovering,0,0
TOKEN-P6MF3LGQ7WL4BSNWIQKDLT3NRY,1785450260,1785450263,ACC-YRPLDQBRRHOQWDM6Q3WWM3VAWM,TOKEN-7LYJZ3VHRJXHW7SLGQH7C32AFI,119064,settled_streaming,1,1785450263
TOKEN-QZC3AJC5TOELWL7DH7GNRUY62Y,1785450263,1785450268,ACC-YRPLDQBRRHOQWDM6Q3WWM3VAWM,TOKEN-QBWKIE2XA3FJKHU2JHSHU5UT6U,220674,settled_streaming,1,1785450268
TOKEN-K33IZ2PS3MQV6B7CE44WP4IJCE,1785450276,1785450306,ACC-YRPLDQBRRHOQWDM6Q3WWM3VAWM,TOKEN-DPRAQ2RPIYA6XDMZI52EIBMOB4,1237,settled_streaming,1,1785450306
TOKEN-7OQ26RG55UTWQ6LOQFXUZ3NVQM,1785450277,1785450283,ACC-YRPLDQBRRHOQWDM6Q3WWM3VAWM,TOKEN-ZOU7VSMCOQDPWMMJQ6ZS7I22XM,194607,settled_streaming,1,1785450283
TOKEN-QANMQG2KYFNPQE3CMHHIXZAUNM,1785450282,1785450289,ACC-YRPLDQBRRHOQWDM6Q3WWM3VAWM,TOKEN-QBWKIE2XA3FJKHU2JHSHU5UT6U,220951,settled_streaming,1,1785450289
TOKEN-W3PFTCLR375F3ZIRQ2R5L4ZPEA,1785450294,1785450314,ACC-YRPLDQBRRHOQWDM6Q3WWM3VAWM,TOKEN-ZOU7VSMCOQDPWMMJQ6ZS7I22XM,196671,settled_streaming,1,1785450314
TOKEN-ZQEPAL7DP73NVK5KICEPRUL2BM,1785450301,1785450303,ACC-YRPLDQBRRHOQWDM6Q3WWM3VAWM,TOKEN-QBWKIE2XA3FJKHU2JHSHU5UT6U,221422,settled_streaming,1,1785450303
TOKEN-QTVYPTUN3UBRN3U4QGE7FEBBFE,1785450307,1785450319,ACC-YRPLDQBRRHOQWDM6Q3WWM3VAWM,TOKEN-JGCK5U3STCXURX5RER77V5I644,986,settled_streaming,1,1785450319
TOKEN-SEX4PA763BOIJDEVKUFHA6L4NM,1785450310,1785450314,ACC-YRPLDQBRRHOQWDM6Q3WWM3VAWM,TOKEN-QBWKIE2XA3FJKHU2JHSHU5UT6U,221683,settled_streaming,1,1785450314
TOKEN-W7ZDAJIJ7MMQHIN6YVA5YGAK5E,1785450316,1785450322,ACC-YRPLDQBRRHOQWDM6Q3WWM3VAWM,TOKEN-QBWKIE2XA3FJKHU2JHSHU5UT6U,222369,settled_streaming,1,1785450322
TOKEN-6YRCCTZGGJNR4U4Q442KTN3U4A,1785450317,1785450325,ACC-YRPLDQBRRHOQWDM6Q3WWM3VAWM,TOKEN-ZOU7VSMCOQDPWMMJQ6ZS7I22XM,198029,settled_streaming,1,1785450325
TOKEN-XYNEDSOALXKWZAB4D4F72C3UYQ,1785450319,1785450326,ACC-YRPLDQBRRHOQWDM6Q3WWM3VAWM,TOKEN-KJ4RWSPMUTJWWFHPFSBI52SH4Q,3160,settled_streaming,1,1785450326
TOKEN-RCI7MSUUA2H67WHT5ZVLZAVERM,1785450326,1785450372,ACC-YRPLDQBRRHOQWDM6Q3WWM3VAWM,TOKEN-EBQ4PF2JCGGAOEWNXRJDH7GWII,3574,settled_streaming,1,1785450372
TOKEN-RV7SSUOPV4QDCJUWKJJ5BPHJ7I,1785450328,1785450348,ACC-YRPLDQBRRHOQWDM6Q3WWM3VAWM,TOKEN-ZOU7VSMCOQDPWMMJQ6ZS7I22XM,198620,settled_streaming,1,1785450348
TOKEN-YNXRDBJ42OGWNFDPYHC6R2D2KQ,1785450334,1785450341,ACC-YRPLDQBRRHOQWDM6Q3WWM3VAWM,TOKEN-QBWKIE2XA3FJKHU2JHSHU5UT6U,222938,settled_streaming,1,1785450341
TOKEN-T6M35OEKCMBYWZMVWZEIBOONTQ,1785450353,1785450361,ACC-YRPLDQBRRHOQWDM6Q3WWM3VAWM,TOKEN-QBWKIE2XA3FJKHU2JHSHU5UT6U,223216,settled_streaming,1,1785450361
TOKEN-DZ5DCBBOK2GU3XTWU5P5XYEMMI,1785450357,1785450403,ACC-YRPLDQBRRHOQWDM6Q3WWM3VAWM,TOKEN-ZOU7VSMCOQDPWMMJQ6ZS7I22XM,199778,settled_streaming,1,1785450403
TOKEN-GBVQVGMPQLNR35642EZDESXMFQ,1785450366,1785450366,ACC-YRPLDQBRRHOQWDM6Q3WWM3VAWM,TOKEN-OOBPF5ETPPSCYMCGAQIQXNED2U,376,websocket_fallback_context_recovering,0,0
TOKEN-AXWU67BRK5WXHYGKMZ3KAXHRKM,1785450368,1785450375,ACC-YRPLDQBRRHOQWDM6Q3WWM3VAWM,TOKEN-TZ4TT4UK3NCOI2PEEE3FDMIGPQ,372000,settled_streaming,1,1785450375
TOKEN-VLMYKXDCSMFDUEWUVHKEO3SY5U,1785450372,1785450395,ACC-YRPLDQBRRHOQWDM6Q3WWM3VAWM,TOKEN-3OHIA5V5EHO6WXN7BQ4A2LD56E,1034,settled_streaming,1,1785450395
TOKEN-FR2OSCTZV5GHLDIGAVSL2EXDWE,1785450372,1785450377,ACC-YRPLDQBRRHOQWDM6Q3WWM3VAWM,TOKEN-QBWKIE2XA3FJKHU2JHSHU5UT6U,223681,settled_streaming,1,1785450377
TOKEN-46QI7QX27T5BAWGUF5LJAIAY5E,1785450379,1785450386,ACC-YRPLDQBRRHOQWDM6Q3WWM3VAWM,TOKEN-XPDYMWFY2NV5LZYMKRQQDKQVDE,455,settled_streaming,1,1785450386
TOKEN-IXY5TKBMQNUD6GTWBXPVDFTOPI,1785450381,1785450386,ACC-YRPLDQBRRHOQWDM6Q3WWM3VAWM,TOKEN-QBWKIE2XA3FJKHU2JHSHU5UT6U,223948,settled_streaming,1,1785450386
TOKEN-TQ74POLIFMH4GR2REG7INI4ZTU,1785450384,1785450391,ACC-YRPLDQBRRHOQWDM6Q3WWM3VAWM,TOKEN-JU7UVK3MNBVZ4POKONPZFHOLAM,441,settled_streaming,1,1785450391
TOKEN-R7OWNSAPJJHNPO7EKHYVJIVJP4,1785450389,1785450395,ACC-YRPLDQBRRHOQWDM6Q3WWM3VAWM,TOKEN-QBWKIE2XA3FJKHU2JHSHU5UT6U,224757,settled_streaming,1,1785450395
TOKEN-OGTOFNO4QXYYKVWI6NH3SCL46A,1785450391,1785450395,ACC-YRPLDQBRRHOQWDM6Q3WWM3VAWM,TOKEN-UN26YG4H7O4AH2WZI33EFNOKVQ,376,settled_streaming,1,1785450395
TOKEN-TWFUCN6QYBPJS3JIRIMBLEXQWM,1785450395,1785450421,ACC-YRPLDQBRRHOQWDM6Q3WWM3VAWM,TOKEN-QQHLWAFF3TUOLXGVAY2RKY6VT4,1006,settled_streaming,1,1785450421
TOKEN-7LR3DRAYEYHIFAO3JZYM25SRAU,1785450396,1785450403,ACC-YRPLDQBRRHOQWDM6Q3WWM3VAWM,TOKEN-SZRYCFEGNOSXW5KA7I6BXFQGJA,382,settled_streaming,1,1785450403
TOKEN-RKAYGKEFJXD27NG7Q4Z662DH54,1785450396,1785450406,ACC-YRPLDQBRRHOQWDM6Q3WWM3VAWM,TOKEN-QBWKIE2XA3FJKHU2JHSHU5UT6U,229170,settled_streaming,1,1785450406
TOKEN-6PRSWXOA6YQOLL67RBBTUSLVHA,1785450398,1785450491,ACC-YRPLDQBRRHOQWDM6Q3WWM3VAWM,TOKEN-WG3MCB6N4PEBK5W7652CVEZK6A,46499,settled_streaming,1,1785450491
TOKEN-BZVNRMTGFQCNNDZ2BXGNOZFHRY,1785450404,1785450564,ACC-YRPLDQBRRHOQWDM6Q3WWM3VAWM,TOKEN-TQNBXGKBQ63RMS7MKM7JW7ACHI,376,settled_streaming,1,1785450564
TOKEN-PPSI2P3TFY5VXXGIOJIEAXHT64,1785450408,1785450422,ACC-YRPLDQBRRHOQWDM6Q3WWM3VAWM,TOKEN-QBWKIE2XA3FJKHU2JHSHU5UT6U,230274,settled_streaming,1,1785450422
TOKEN-76LXKDQJWHOU2EFGKWGKLZHKZ4,1785450408,1785450417,ACC-YRPLDQBRRHOQWDM6Q3WWM3VAWM,TOKEN-ZOU7VSMCOQDPWMMJQ6ZS7I22XM,205249,settled_streaming,1,1785450417
TOKEN-5GDMUWYKDWTG74GWKO7JD4CI7A,1785450416,1785450419,ACC-YRPLDQBRRHOQWDM6Q3WWM3VAWM,TOKEN-EENSPKWZRCUUUOQJ2376JDERIA,379,settled_streaming,1,1785450419
TOKEN-YM4DAKYODHYD7AALEUHFPQVDBE,1785450420,1785450430,ACC-YRPLDQBRRHOQWDM6Q3WWM3VAWM,TOKEN-ZOU7VSMCOQDPWMMJQ6ZS7I22XM,206165,settled_streaming,1,1785450430
TOKEN-3WUP7VAYEYE72Q6CKHKQTFQVX4,1785450422,1785450434,ACC-YRPLDQBRRHOQWDM6Q3WWM3VAWM,TOKEN-AL4JTCVIGRBVKZPE4ZBKUSHIYM,986,settled_streaming,1,1785450434
TOKEN-CC7D5L6L75PDKPNBT2UU7GPCJE,1785450423,1785450458,ACC-YRPLDQBRRHOQWDM6Q3WWM3VAWM,TOKEN-QBWKIE2XA3FJKHU2JHSHU5UT6U,231900,settled_streaming,1,1785450458
TOKEN-2JC2GOPNU7VC6AMLCXJUZ67G4E,1785450433,1785450443,ACC-YRPLDQBRRHOQWDM6Q3WWM3VAWM,TOKEN-ZOU7VSMCOQDPWMMJQ6ZS7I22XM,206848,settled_streaming,1,1785450443
TOKEN-ED4MKXTXDT3FF7RCSWHWZA5TE4,1785450434,1785450471,ACC-YRPLDQBRRHOQWDM6Q3WWM3VAWM,TOKEN-PLHJRPTDFOTCAJYAOGB2DCZSZU,7266,settled_streaming,1,1785450471
TOKEN-PJ7UKUURGJ5J5FBBHSI6M7MB3A,1785450446,1785450511,ACC-YRPLDQBRRHOQWDM6Q3WWM3VAWM,TOKEN-ZOU7VSMCOQDPWMMJQ6ZS7I22XM,207806,settled_streaming,1,1785450511
TOKEN-TJPKH26355U7PHT5IKBWHSPCDA,1785450469,1785450476,ACC-YRPLDQBRRHOQWDM6Q3WWM3VAWM,TOKEN-QBWKIE2XA3FJKHU2JHSHU5UT6U,233672,settled_streaming,1,1785450476
TOKEN-QNOUFUGTT33J3XUJFSUNRG5NXY,1785450472,1785450518,ACC-YRPLDQBRRHOQWDM6Q3WWM3VAWM,TOKEN-T52CNQCDQZDVF5JFRJBX7EG2XU,986,settled_streaming,1,1785450518
TOKEN-MZWLPVKIGTFXDPLFUYNQPVICYM,1785450488,1785450494,ACC-YRPLDQBRRHOQWDM6Q3WWM3VAWM,TOKEN-QBWKIE2XA3FJKHU2JHSHU5UT6U,233935,settled_streaming,1,1785450494
TOKEN-UOHQ4V5O7JC7RXR6QT2JLMYE7E,1785450491,1785450635,ACC-YRPLDQBRRHOQWDM6Q3WWM3VAWM,TOKEN-WG3MCB6N4PEBK5W7652CVEZK6A,54895,settled_streaming,1,1785450635
TOKEN-PS7Y5D6XTBEMO25YSM7TWTMUEI,1785450505,1785450512,ACC-YRPLDQBRRHOQWDM6Q3WWM3VAWM,TOKEN-QBWKIE2XA3FJKHU2JHSHU5UT6U,234401,settled_streaming,1,1785450512
TOKEN-NBNENDTYCTFO4SBPWCN6TTVN2I,1785450514,1785450519,ACC-YRPLDQBRRHOQWDM6Q3WWM3VAWM,TOKEN-QBWKIE2XA3FJKHU2JHSHU5UT6U,234666,settled_streaming,1,1785450519
TOKEN-M2F2UITHQUUCDYGB52RPBGXKPA,1785450515,1785450605,ACC-YRPLDQBRRHOQWDM6Q3WWM3VAWM,TOKEN-ZOU7VSMCOQDPWMMJQ6ZS7I22XM,213137,settled_streaming,1,1785450605
TOKEN-EG367RPAWKPEIRFSIGACIOOY4Q,1785450518,1785450559,ACC-YRPLDQBRRHOQWDM6Q3WWM3VAWM,TOKEN-DH4QQ2ZYFGCWAP4EIDEQQAONKU,1225,settled_streaming,1,1785450559
TOKEN-LNX7UCGEINBMFK3HWMZ7XXPBRA,1785450521,1785450532,ACC-YRPLDQBRRHOQWDM6Q3WWM3VAWM,TOKEN-QBWKIE2XA3FJKHU2JHSHU5UT6U,235258,settled_streaming,1,1785450532
TOKEN-B7CQXADYXU77EBBH2DLQX5S2TM,1785450538,1785450546,ACC-YRPLDQBRRHOQWDM6Q3WWM3VAWM,TOKEN-QBWKIE2XA3FJKHU2JHSHU5UT6U,236235,settled_streaming,1,1785450546
TOKEN-VQEWYNFUJA2PMHTGPRLOO6GCBI,1785450550,1785450558,ACC-YRPLDQBRRHOQWDM6Q3WWM3VAWM,TOKEN-QBWKIE2XA3FJKHU2JHSHU5UT6U,238881,settled_streaming,1,1785450558
TOKEN-Z33BXRSGX77JDVLAR4QVM3LYNY,1785450559,1785450602,ACC-YRPLDQBRRHOQWDM6Q3WWM3VAWM,TOKEN-YD4N4H32IANFABAQL5JCALLVOI,986,settled_streaming,1,1785450602
TOKEN-XVQ5H2VYVXP3MZNTWFMHJ5L5WE,1785450559,1785450574,ACC-YRPLDQBRRHOQWDM6Q3WWM3VAWM,TOKEN-QBWKIE2XA3FJKHU2JHSHU5UT6U,241792,settled_streaming,1,1785450574
TOKEN-FWC6WIJKLR6OFNULHW6M3MT2KI,1785450563,1785450563,ACC-YRPLDQBRRHOQWDM6Q3WWM3VAWM,TOKEN-HW4LG5YPSSUFXJR5J7DGL6ZMPY,411,websocket_fallback_context_recovering,0,0
TOKEN-ZMCMY4I4NN5FQK3OB2ZPFLUXIM,1785450564,1785450590,ACC-YRPLDQBRRHOQWDM6Q3WWM3VAWM,TOKEN-YFOPU3IW7BVWWHUEOI32NVYGMU,438,settled_streaming,1,1785450590
TOKEN-ZRVKGLNA4CRXTI55FCSAVST7MI,1785450564,1785450568,ACC-YRPLDQBRRHOQWDM6Q3WWM3VAWM,TOKEN-7LYJZ3VHRJXHW7SLGQH7C32AFI,119492,settled_streaming,1,1785450569
TOKEN-F52DJOLXEGSKYYJ7RRW5ZNULWM,1785450575,1785450586,ACC-YRPLDQBRRHOQWDM6Q3WWM3VAWM,TOKEN-QBWKIE2XA3FJKHU2JHSHU5UT6U,243153,settled_streaming,1,1785450586
TOKEN-FYQZLGYNCDU5DUPX3234ZEEZCI,1785450590,1785450594,ACC-YRPLDQBRRHOQWDM6Q3WWM3VAWM,TOKEN-OYKKFHJMJF6TX4H3DVF6SSL2OE,404,settled_streaming,1,1785450594
TOKEN-RYEM3QGAFNYHWYJVGGJCEGCIV4,1785450597,1785450602,ACC-YRPLDQBRRHOQWDM6Q3WWM3VAWM,TOKEN-QBWKIE2XA3FJKHU2JHSHU5UT6U,243920,settled_streaming,1,1785450602
TOKEN-YEHLAMYM2CL4N3GHHAWGUENNQY,1785450600,1785450607,ACC-YRPLDQBRRHOQWDM6Q3WWM3VAWM,TOKEN-4OQ7ZAYPVGZP5MWTFYWLR7IR2E,415,settled_streaming,1,1785450607
TOKEN-YVZ2LXNG2MCH2OPQROVCTFS7HQ,1785450602,1785450627,ACC-YRPLDQBRRHOQWDM6Q3WWM3VAWM,TOKEN-SZBNMYONPJ5EIMCQT4K5AWXYKQ,1304,settled_streaming,1,1785450627
TOKEN-FUEKVJRYJPNCMOCMA5XVRUECSI,1785450607,1785450622,ACC-YRPLDQBRRHOQWDM6Q3WWM3VAWM,TOKEN-ZOU7VSMCOQDPWMMJQ6ZS7I22XM,220429,settled_streaming,1,1785450622
TOKEN-BHGF6GLPTDRV23D5RFB5C4QODU,1785450609,1785450638,ACC-YRPLDQBRRHOQWDM6Q3WWM3VAWM,TOKEN-MY4LUKHE6JF2A3ISV5SSCHVBUA,551,settled_streaming,1,1785450638
TOKEN-UXSNAOGRKSLLDZME674UFFQCOQ,1785450616,1785450621,ACC-YRPLDQBRRHOQWDM6Q3WWM3VAWM,TOKEN-QBWKIE2XA3FJKHU2JHSHU5UT6U,244183,settled_streaming,1,1785450621
TOKEN-FTH4KJBY4QC5N7ZA46HZSAIDJA,1785450628,1785450637,ACC-YRPLDQBRRHOQWDM6Q3WWM3VAWM,TOKEN-KCR5POWQ623KCO4CRVGE763GUE,535,settled_streaming,1,1785450637
TOKEN-YHSVZNLZ6ZK2RAEAT36RY4HOTQ,1785450632,1785450636,ACC-YRPLDQBRRHOQWDM6Q3WWM3VAWM,TOKEN-QBWKIE2XA3FJKHU2JHSHU5UT6U,244648,settled_streaming,1,1785450636
TOKEN-A4TRAQ4AXJXNO7BDJCIPMKHMKQ,1785450635,1785450685,ACC-YRPLDQBRRHOQWDM6Q3WWM3VAWM,TOKEN-WG3MCB6N4PEBK5W7652CVEZK6A,60967,settled_streaming,1,1785450685
TOKEN-6FVL4ZI5TBGIM4EOMTBU54TKZA,1785450636,1785450639,ACC-YRPLDQBRRHOQWDM6Q3WWM3VAWM,TOKEN-ZOU7VSMCOQDPWMMJQ6ZS7I22XM,221440,settled_streaming,1,1785450639
TOKEN-WOXNSPBAGI54D3GFOJYMJP43SE,1785450638,1785450745,ACC-YRPLDQBRRHOQWDM6Q3WWM3VAWM,TOKEN-4YSGT5UEZWT5BKXPQLWLFSOXUU,404,settled_streaming,1,1785450745
TOKEN-LGMXEQXXK2HOGPEFP7MB5XUWWI,1785450638,1785450644,ACC-YRPLDQBRRHOQWDM6Q3WWM3VAWM,TOKEN-WQGCYF6FM2NGNVX5R3J4ZV2PHI,10724,settled_streaming,1,1785450644
TOKEN-WOF7QQ7QG3VZFUDFVMTO4LVFCA,1785450641,1785450645,ACC-YRPLDQBRRHOQWDM6Q3WWM3VAWM,TOKEN-QBWKIE2XA3FJKHU2JHSHU5UT6U,244913,settled_streaming,1,1785450645
TOKEN-IBPVCDJ3LNTZXB3JXZESLDVZ64,1785450644,1785450647,ACC-YRPLDQBRRHOQWDM6Q3WWM3VAWM,TOKEN-YIXLTGD3HQJPSHTISJFQVWK2DU,10649,settled_streaming,1,1785450647
TOKEN-JSINJWW5DA347BE62EDVBQIYCA,1785450647,1785450665,ACC-YRPLDQBRRHOQWDM6Q3WWM3VAWM,TOKEN-OL5TPXPQDHVSP5G2CFRVQZMOWE,3686,settled_streaming,1,1785450665
TOKEN-VDQ2V3PUPQTVDLG5FOEZI6OV2Q,1785450647,1785450660,ACC-YRPLDQBRRHOQWDM6Q3WWM3VAWM,TOKEN-QBWKIE2XA3FJKHU2JHSHU5UT6U,245495,settled_streaming,1,1785450660
TOKEN-Z6XO4X4ASW6ULTSAMMAU65RVGA,1785450657,1785450669,ACC-YRPLDQBRRHOQWDM6Q3WWM3VAWM,TOKEN-ZOU7VSMCOQDPWMMJQ6ZS7I22XM,222280,settled_streaming,1,1785450669
TOKEN-3BBD42UUD3FFQR6LEPLCT3E5W4,1785450665,1785450671,ACC-YRPLDQBRRHOQWDM6Q3WWM3VAWM,TOKEN-UJOPYQKCQSICM2RKFTRW23UCTQ,485,settled_streaming,1,1785450671
TOKEN-I2WY4TX4JUR5I6TJRRIAIZUCWI,1785450671,1785450680,ACC-YRPLDQBRRHOQWDM6Q3WWM3VAWM,TOKEN-QBWKIE2XA3FJKHU2JHSHU5UT6U,246289,settled_streaming,1,1785450680
TOKEN-N5MK33AGLPIQTKRLVDQCID7YIA,1785450672,1785450696,ACC-YRPLDQBRRHOQWDM6Q3WWM3VAWM,TOKEN-JCFQBEPTOKEVDOED5C6AFA4K3A,648,settled_streaming,1,1785450696
TOKEN-BNP3U5HLOUO54462ZUDHLQIXK4,1785450682,1785450687,ACC-YRPLDQBRRHOQWDM6Q3WWM3VAWM,TOKEN-ZOU7VSMCOQDPWMMJQ6ZS7I22XM,223161,settled_streaming,1,1785450687
TOKEN-7VH7A3FYMCJFYXAPCMXYH6WV3Y,1785450689,1785450701,ACC-YRPLDQBRRHOQWDM6Q3WWM3VAWM,TOKEN-WG3MCB6N4PEBK5W7652CVEZK6A,65406,settled_streaming,1,1785450701
TOKEN-A2UQE53ZBYZCF7IAHRWWWSVC2E,1785450690,1785450698,ACC-YRPLDQBRRHOQWDM6Q3WWM3VAWM,TOKEN-QBWKIE2XA3FJKHU2JHSHU5UT6U,246810,settled_streaming,1,1785450698
TOKEN-SZWGMEKDENZA36IF2AUGR5E6UA,1785450696,1785450801,ACC-YRPLDQBRRHOQWDM6Q3WWM3VAWM,TOKEN-X6YEJSETCNRKNPGRPAJV7D5SJ4,1248,settled_streaming,1,1785450801
TOKEN-2GF4STL77JTWLZSSG4MBJWONUI,1785450700,1785450710,ACC-YRPLDQBRRHOQWDM6Q3WWM3VAWM,TOKEN-QBWKIE2XA3FJKHU2JHSHU5UT6U,247540,settled_streaming,1,1785450710
TOKEN-4CUXXHMCMAPSIZXMXWWKQPAOBM,1785450703,1785450761,ACC-YRPLDQBRRHOQWDM6Q3WWM3VAWM,TOKEN-WG3MCB6N4PEBK5W7652CVEZK6A,66872,settled_streaming,1,1785450761
TOKEN-ISHR7GW7YSFQLPLZX63NWZ2MCI,1785450719,1785450719,ACC-YRPLDQBRRHOQWDM6Q3WWM3VAWM,TOKEN-P7GFAKE77M6FJJLO5W5QW2QIXM,379,websocket_fallback_context_recovering,0,0
TOKEN-545RRFCFHMHOLGSEUKUH5YHV44,1785450720,1785450726,ACC-YRPLDQBRRHOQWDM6Q3WWM3VAWM,TOKEN-TZ4TT4UK3NCOI2PEEE3FDMIGPQ,372000,settled_streaming,1,1785450726
TOKEN-ZH7OIGNVTY6CZQFABMPVX47SJA,1785450721,1785450725,ACC-YRPLDQBRRHOQWDM6Q3WWM3VAWM,TOKEN-ZOU7VSMCOQDPWMMJQ6ZS7I22XM,223600,settled_streaming,1,1785450725
TOKEN-6JSYFIRA7UF2TPJDUDVCPCRCOI,1785450721,1785450727,ACC-YRPLDQBRRHOQWDM6Q3WWM3VAWM,TOKEN-QBWKIE2XA3FJKHU2JHSHU5UT6U,248174,settled_streaming,1,1785450727
TOKEN-INAYVJDCULJU3QKXILTZXE2BKE,1785450740,1785450745,ACC-YRPLDQBRRHOQWDM6Q3WWM3VAWM,TOKEN-QBWKIE2XA3FJKHU2JHSHU5UT6U,248438,settled_streaming,1,1785450745
TOKEN-ALK6YAZFMKETNNQE7MGPTRSAHI,1785450746,1785450762,ACC-YRPLDQBRRHOQWDM6Q3WWM3VAWM,TOKEN-6UHTILVB36GOBR4QHFKH4A7EQM,564,settled_streaming,1,1785450762
TOKEN-2LD7T6CIY6HEYXSCVAOSOAOIAA,1785450757,1785450760,ACC-YRPLDQBRRHOQWDM6Q3WWM3VAWM,TOKEN-QBWKIE2XA3FJKHU2JHSHU5UT6U,248904,settled_streaming,1,1785450760
TOKEN-YUCBMYOW7WCP3O53KJKIXMDKRM,1785450759,1785450762,ACC-YRPLDQBRRHOQWDM6Q3WWM3VAWM,TOKEN-ZOU7VSMCOQDPWMMJQ6ZS7I22XM,224040,settled_streaming,1,1785450762
TOKEN-QTPT3U2BPZBT6W53UCTZMZISMM,1785450761,1785450902,ACC-YRPLDQBRRHOQWDM6Q3WWM3VAWM,TOKEN-WG3MCB6N4PEBK5W7652CVEZK6A,71313,settled_streaming,1,1785450902
TOKEN-EXRLSHLAP7L4NCEL364KWZCFRA,1785450763,1785450893,ACC-YRPLDQBRRHOQWDM6Q3WWM3VAWM,TOKEN-NVJC7KRIII7LEJYUG5JXMHPZKY,407,settled_streaming,1,1785450893
TOKEN-Y7S5OPOSUKHNNYV3PY7XNX7BFE,1785450766,1785450771,ACC-YRPLDQBRRHOQWDM6Q3WWM3VAWM,TOKEN-QBWKIE2XA3FJKHU2JHSHU5UT6U,249171,settled_streaming,1,1785450771
TOKEN-DM2MM2TS2WGH5Q4N3ASE55NDAA,1785450768,1785450830,ACC-YRPLDQBRRHOQWDM6Q3WWM3VAWM,TOKEN-ZOU7VSMCOQDPWMMJQ6ZS7I22XM,224580,stream_interrupted_compensated,1,1785450830
TOKEN-J5NV4GTVBX2KQDIH44EB225LWE,1785450782,1785450795,ACC-YRPLDQBRRHOQWDM6Q3WWM3VAWM,TOKEN-QBWKIE2XA3FJKHU2JHSHU5UT6U,249708,settled_streaming,1,1785450795
TOKEN-QQZPCUMBJHVAF7VD2OWEVKVV4E,1785450801,1785450808,ACC-YRPLDQBRRHOQWDM6Q3WWM3VAWM,TOKEN-32YRKHVPTXX43QRZENXLS4NZ7Y,437,settled_streaming,1,1785450808
TOKEN-HLA6WF42IVBQCRGAOMF6TDAJBU,1785450801,1785450808,ACC-YRPLDQBRRHOQWDM6Q3WWM3VAWM,TOKEN-QBWKIE2XA3FJKHU2JHSHU5UT6U,250267,settled_streaming,1,1785450808
TOKEN-KFJHFAMAL3I6L4SNPGAGQEVUTQ,1785450808,1785450820,ACC-YRPLDQBRRHOQWDM6Q3WWM3VAWM,TOKEN-LZZVYQBUVMWMA4ZVQK7WDOL64U,437,settled_streaming,1,1785450820
TOKEN-6KE6WX7BEHYSPDYIB3QW3XJEMI,1785450813,1785450830,ACC-YRPLDQBRRHOQWDM6Q3WWM3VAWM,TOKEN-QBWKIE2XA3FJKHU2JHSHU5UT6U,250843,settled_streaming,1,1785450830
TOKEN-SVW4KPI33ORYWBBEBC3KOOYPIM,1785450820,1785450847,ACC-YRPLDQBRRHOQWDM6Q3WWM3VAWM,TOKEN-HSKUGPWPRZ3QCLYY7H5RGDYLNA,808,settled_streaming,1,1785450847
TOKEN-44U5FBCXFTEDAFG2JMM3R5GCTA,1785450836,1785450877,ACC-YRPLDQBRRHOQWDM6Q3WWM3VAWM,TOKEN-QBWKIE2XA3FJKHU2JHSHU5UT6U,252303,settled_streaming,1,1785450877
TOKEN-5U64SH3QXTUDMMFMS3DNRLOXYE,1785450868,1785450874,ACC-YRPLDQBRRHOQWDM6Q3WWM3VAWM,TOKEN-5WNMMYLOWUP44W5DJSRX37X2JU,797,settled_streaming,1,1785450874
TOKEN-MJRRXJ2JX4ZLWBOL3DCRQP64YY,1785450876,1785450885,ACC-YRPLDQBRRHOQWDM6Q3WWM3VAWM,TOKEN-YTUJALBH33AVSALKFDBMBP5N7Q,1558,settled_streaming,1,1785450885
TOKEN-KXIAOK7TIU3W3KY5AT75ML7SFY,1785450877,1785450884,ACC-YRPLDQBRRHOQWDM6Q3WWM3VAWM,TOKEN-QBWKIE2XA3FJKHU2JHSHU5UT6U,253836,settled_streaming,1,1785450884
TOKEN-22GYMSGFTKR3CSPNT64VSSXTMA,1785450885,1785450898,ACC-YRPLDQBRRHOQWDM6Q3WWM3VAWM,TOKEN-TGS47FC7FJVQAMKRVMNMOCNCIQ,1057,settled_streaming,1,1785450898
TOKEN-D3HQ34BKVKLN6USNZRWQWZM724,1785450885,1785450891,ACC-YRPLDQBRRHOQWDM6Q3WWM3VAWM,TOKEN-QBWKIE2XA3FJKHU2JHSHU5UT6U,254559,settled_streaming,1,1785450891
TOKEN-XXPYMBPN3CNSNEVH52ISIVEXA4,1785450893,1785450898,ACC-YRPLDQBRRHOQWDM6Q3WWM3VAWM,TOKEN-OLD7EV32UD2BTTCZ27N63NJG7E,439,settled_streaming,1,1785450898
TOKEN-EMZTGQEZNABXLONA72GT6TU65Y,1785450896,1785450900,ACC-YRPLDQBRRHOQWDM6Q3WWM3VAWM,TOKEN-QBWKIE2XA3FJKHU2JHSHU5UT6U,255077,settled_streaming,1,1785450900
TOKEN-UZ2ACEWSFD5C53MPOWAB7QWSWM,1785450899,1785450910,ACC-YRPLDQBRRHOQWDM6Q3WWM3VAWM,TOKEN-EADVR2XYPSESUEOSDFG73FPLDM,1158,settled_streaming,1,1785450910
TOKEN-PNVANYTXSGQUQW6P55DCXUPHTA,1785450902,1785450906,ACC-YRPLDQBRRHOQWDM6Q3WWM3VAWM,TOKEN-QBWKIE2XA3FJKHU2JHSHU5UT6U,255572,settled_streaming,1,1785450906
TOKEN-Z4LTI6NBXLOYQ533WUBBKNYEUY,1785450903,1785450908,ACC-YRPLDQBRRHOQWDM6Q3WWM3VAWM,TOKEN-WG3MCB6N4PEBK5W7652CVEZK6A,74823,settled_streaming,1,1785450908
TOKEN-YHJSL7IPFWGM5OKHGY3CGOE2AE,1785450907,1785450919,ACC-YRPLDQBRRHOQWDM6Q3WWM3VAWM,TOKEN-QBWKIE2XA3FJKHU2JHSHU5UT6U,256108,settled_streaming,1,1785450919
TOKEN-GXNF5BK67PNYJ47D6VC3EJGAZM,1785450908,1785450921,ACC-YRPLDQBRRHOQWDM6Q3WWM3VAWM,TOKEN-WG3MCB6N4PEBK5W7652CVEZK6A,75446,settled_streaming,1,1785450921
TOKEN-OKKGJVJTW3FIS4XZQNSI3WBBLE,1785450920,1785450926,ACC-YRPLDQBRRHOQWDM6Q3WWM3VAWM,TOKEN-EPZYGTOBRV2JSHKMNTBY6FBKIQ,14096,settled_streaming,1,1785450926
TOKEN-C5OK5FJERPPD3ZSBZRLCXRB2EI,1785450920,1785450924,ACC-YRPLDQBRRHOQWDM6Q3WWM3VAWM,TOKEN-MDWFICOGPK3LR7Y65IVQLL72K4,440,settled_streaming,1,1785450924
TOKEN-BKGHSJNVIE2MZ327JAIMD7EA34,1785450921,1785450953,ACC-YRPLDQBRRHOQWDM6Q3WWM3VAWM,TOKEN-WG3MCB6N4PEBK5W7652CVEZK6A,76951,settled_streaming,1,1785450953
TOKEN-OWVJ2BIBX3555P4KFTUG2JRSZM,1785450925,1785450958,ACC-YRPLDQBRRHOQWDM6Q3WWM3VAWM,TOKEN-QBWKIE2XA3FJKHU2JHSHU5UT6U,257440,settled_streaming,1,1785450958
TOKEN-GAUYYGCZUCD5POZGIZRRZE7UKY,1785450927,1785450939,ACC-YRPLDQBRRHOQWDM6Q3WWM3VAWM,TOKEN-YH24LU35UIA54BONISGL4JL5HA,476,settled_streaming,1,1785450939
TOKEN-IXWIVPTRFDRMVQ3WTA2A5TOB6U,1785450927,1785450934,ACC-YRPLDQBRRHOQWDM6Q3WWM3VAWM,TOKEN-EPZYGTOBRV2JSHKMNTBY6FBKIQ,21139,settled_streaming,1,1785450934
TOKEN-4HVETS3PMUV22X6RGDVETV3V2U,1785450928,1785450934,ACC-YRPLDQBRRHOQWDM6Q3WWM3VAWM,TOKEN-M34IV4X2BBHCME6UMRXYD626LI,418,settled_streaming,1,1785450934
TOKEN-ACUOSOCL3ZIGOSE4VQKBLLJJYU,1785450935,1785450938,ACC-YRPLDQBRRHOQWDM6Q3WWM3VAWM,TOKEN-EPZYGTOBRV2JSHKMNTBY6FBKIQ,24985,settled_streaming,1,1785450938
TOKEN-KQYBWW6YMZHCEHXJC2R6SMSGCI,1785450939,1785450946,ACC-YRPLDQBRRHOQWDM6Q3WWM3VAWM,TOKEN-EPZYGTOBRV2JSHKMNTBY6FBKIQ,27213,settled_streaming,1,1785450946
TOKEN-XAWB5KHUFGOXC3FERTTZY7TOTE,1785450941,1785450946,ACC-YRPLDQBRRHOQWDM6Q3WWM3VAWM,TOKEN-43WO4O6H6RC77H7HSKD5L6C5ZI,476,settled_streaming,1,1785450946
TOKEN-MH76HI6RF7RNYUFRNQ5QA3CFZ4,1785450946,1785450951,ACC-YRPLDQBRRHOQWDM6Q3WWM3VAWM,TOKEN-AZW7FQC6INE5MYJX6SSDNOW5WM,257284,settled_streaming,1,1785450951
TOKEN-BMK2R744S5U2A4UK5QMYTLSLGM,1785450947,1785450966,ACC-YRPLDQBRRHOQWDM6Q3WWM3VAWM,TOKEN-EPZYGTOBRV2JSHKMNTBY6FBKIQ,29816,settled_streaming,1,1785450966
TOKEN-JUE5FKFHWRTYEWBMWBXYAQPPXI,1785450952,1785450956,ACC-YRPLDQBRRHOQWDM6Q3WWM3VAWM,TOKEN-5JIGHVEGSKXQYANS5HVVWWZX7I,282268,settled_streaming,1,1785450956
TOKEN-FK4VTCDLHTO4QANPBDADU64HUU,1785450953,1785450971,ACC-YRPLDQBRRHOQWDM6Q3WWM3VAWM,TOKEN-IOO3EBUCDRCODQNL2Y73UGQVTY,1057,settled_streaming,1,1785450971
TOKEN-PITEDW6QSVRQJMCJPXOWBYZD7M,1785450953,1785450972,ACC-YRPLDQBRRHOQWDM6Q3WWM3VAWM,TOKEN-WG3MCB6N4PEBK5W7652CVEZK6A,79265,settled_streaming,1,1785450972
TOKEN-EY3YHN4SQNZVOHABJE256GWC2Q,1785450957,1785450973,ACC-YRPLDQBRRHOQWDM6Q3WWM3VAWM,TOKEN-ULTQN6I4LRFSRUHYVMLUOHDCHA,232250,settled_streaming,1,1785450973
TOKEN-HES2CTSLPFT2JUK2GAF6QLVO5Y,1785450959,1785451003,ACC-YRPLDQBRRHOQWDM6Q3WWM3VAWM,TOKEN-QBWKIE2XA3FJKHU2JHSHU5UT6U,258100,settled_streaming,1,1785451003
TOKEN-GZ7G2W7NFM5VPKRWAWMG33H2TI,1785450971,1785450977,ACC-YRPLDQBRRHOQWDM6Q3WWM3VAWM,TOKEN-EDQYGVR4ZSDFYUCAK6FGP2LR7A,406,settled_streaming,1,1785450977
TOKEN-5J7G5G76CYMZVLUTRLCCO6TH7Q,1785450972,1785450987,ACC-YRPLDQBRRHOQWDM6Q3WWM3VAWM,TOKEN-EPZYGTOBRV2JSHKMNTBY6FBKIQ,31051,settled_streaming,1,1785450987
TOKEN-NM77764JPGFRA4C6MFMPPPSTQU,1785450973,1785450980,ACC-YRPLDQBRRHOQWDM6Q3WWM3VAWM,TOKEN-WG3MCB6N4PEBK5W7652CVEZK6A,81688,settled_streaming,1,1785450980
TOKEN-TZSXPRI6IKDIEZABP3NIZJEC6Q,1785450974,1785450995,ACC-YRPLDQBRRHOQWDM6Q3WWM3VAWM,TOKEN-Q2DBMPDYTM7SQEAB3V2OAVCN7M,234435,settled_streaming,1,1785450995
TOKEN-73VQLYOVUNMCVELAJ5QQVPLX4U,1785450980,1785451001,ACC-YRPLDQBRRHOQWDM6Q3WWM3VAWM,TOKEN-WG3MCB6N4PEBK5W7652CVEZK6A,82314,settled_streaming,1,1785451001
TOKEN-7CLVYTUNP43BVIIYE2IBIRNNQI,1785450991,1785450998,ACC-YRPLDQBRRHOQWDM6Q3WWM3VAWM,TOKEN-EPZYGTOBRV2JSHKMNTBY6FBKIQ,32202,settled_streaming,1,1785450998
TOKEN-MJFLLZEQ2T3QGUBPOOTY6L2JXU,1785450995,1785451045,ACC-YRPLDQBRRHOQWDM6Q3WWM3VAWM,TOKEN-LDUIWGO5NIFGZANCXPQN3P4TZ4,122478,settled_streaming,1,1785451045
TOKEN-XBC6UTMFELKMFSRY6SBYBHD76E,1785451002,1785451014,ACC-YRPLDQBRRHOQWDM6Q3WWM3VAWM,TOKEN-EPZYGTOBRV2JSHKMNTBY6FBKIQ,34516,settled_streaming,1,1785451014
TOKEN-FBFGTPCTV6TLEG447QXILAYTDE,1785451004,1785451062,ACC-YRPLDQBRRHOQWDM6Q3WWM3VAWM,TOKEN-QBWKIE2XA3FJKHU2JHSHU5UT6U,261558,settled_streaming,1,1785451062
TOKEN-3LRFIQYYC56UHUUFYDNLA53ZOI,1785451007,1785451010,ACC-YRPLDQBRRHOQWDM6Q3WWM3VAWM,TOKEN-5O6UFAJNNV7CJLBE346CCO5SOQ,379,settled_streaming,1,1785451010
TOKEN-BWU75SS5FV5YBF4HLBFHVZ277Q,1785451018,1785451027,ACC-YRPLDQBRRHOQWDM6Q3WWM3VAWM,TOKEN-EPZYGTOBRV2JSHKMNTBY6FBKIQ,36409,settled_streaming,1,1785451027
TOKEN-ZS4TGEOCSNZNZDXTSWX36AA6ZU,1785451026,1785451026,ACC-YRPLDQBRRHOQWDM6Q3WWM3VAWM,TOKEN-6WFEZJWNLDPQW5YPIVRGCGGGVM,379,websocket_fallback_context_recovering,0,0
TOKEN-Y4ZQTVTGDQCKIES4O3KNQ3H7WY,1785451027,1785451035,ACC-YRPLDQBRRHOQWDM6Q3WWM3VAWM,TOKEN-TZ4TT4UK3NCOI2PEEE3FDMIGPQ,372000,settled_streaming,1,1785451035
TOKEN-BEBSYHVP57YOYNEB7QMAGPEJCI,1785451029,1785451044,ACC-YRPLDQBRRHOQWDM6Q3WWM3VAWM,TOKEN-WAEKP2HQZYLBPOJBR5AMNJTNOE,1055,settled_streaming,1,1785451044
TOKEN-AUC357JU73NBZ5T7GE7LIW75FA,1785451039,1785451043,ACC-YRPLDQBRRHOQWDM6Q3WWM3VAWM,TOKEN-EPZYGTOBRV2JSHKMNTBY6FBKIQ,37088,settled_streaming,1,1785451043
TOKEN-R433VR2E4FBETHLYZLW36GS7SQ,1785451044,1785451109,ACC-YRPLDQBRRHOQWDM6Q3WWM3VAWM,TOKEN-DHC3VRPEXI6J534PVNBYBFUBEU,405,settled_streaming,1,1785451109
TOKEN-MX77MN3JP4CRRLETGYS4N2AGBM,1785451046,1785451068,ACC-YRPLDQBRRHOQWDM6Q3WWM3VAWM,TOKEN-V4VN76WGDPP64XNVGEM7BUXJNE,685,settled_streaming,1,1785451068
TOKEN-VJXWI7KBTIALPLSGOYUTNDORKM,1785451058,1785451069,ACC-YRPLDQBRRHOQWDM6Q3WWM3VAWM,TOKEN-EPZYGTOBRV2JSHKMNTBY6FBKIQ,37591,settled_streaming,1,1785451069
TOKEN-HZX465UDGWELCUFLYAAUAD3DEI,1785451063,1785451070,ACC-YRPLDQBRRHOQWDM6Q3WWM3VAWM,TOKEN-QBWKIE2XA3FJKHU2JHSHU5UT6U,263662,settled_streaming,1,1785451070
TOKEN-7B7WBWXEI6SMJPB5GFNECDGVU4,1785451068,1785451075,ACC-YRPLDQBRRHOQWDM6Q3WWM3VAWM,TOKEN-BNTKBGL4W5YXP6WBLIACF4XCBU,421,settled_streaming,1,1785451075
TOKEN-BXD6ACIA7NDRB6AW3K44PVVUVY,1785451072,1785451083,ACC-YRPLDQBRRHOQWDM6Q3WWM3VAWM,TOKEN-QBWKIE2XA3FJKHU2JHSHU5UT6U,264413,settled_streaming,1,1785451083
TOKEN-LAQIFTDL7XIUDK5QWM2JJKCGXU,1785451076,1785451123,ACC-YRPLDQBRRHOQWDM6Q3WWM3VAWM,TOKEN-EPZYGTOBRV2JSHKMNTBY6FBKIQ,40556,settled_streaming,1,1785451123
TOKEN-NSF5WGFDH2BW4DRZTLY4N6ZOZQ,1785451076,1785451089,ACC-YRPLDQBRRHOQWDM6Q3WWM3VAWM,TOKEN-QLBGFB6NPCS7XOYFXEEBTFO6XQ,704,settled_streaming,1,1785451089
TOKEN-RD6LHE5QIKE273JJKZEBLSBKNY,1785451095,1785451098,ACC-YRPLDQBRRHOQWDM6Q3WWM3VAWM,TOKEN-QBWKIE2XA3FJKHU2JHSHU5UT6U,265478,settled_streaming,1,1785451098
TOKEN-2WZDFKN75OJ5K3GLQMRDD6PMH4,1785451110,1785451122,ACC-YRPLDQBRRHOQWDM6Q3WWM3VAWM,TOKEN-KBIQWNIQAH3FFEMX5ZF7WYOL5E,587,settled_streaming,1,1785451122
TOKEN-ZMPUZSY5MTDFOJHRHMFKLC6TOY,1785451110,1785451120,ACC-YRPLDQBRRHOQWDM6Q3WWM3VAWM,TOKEN-MBN4JF2I4DNCSKJTSZ5GLZY5UU,448,settled_streaming,1,1785451120
TOKEN-WPUFFDUTUVTECCQF6GO5NK4GHI,1785451114,1785451118,ACC-YRPLDQBRRHOQWDM6Q3WWM3VAWM,TOKEN-QBWKIE2XA3FJKHU2JHSHU5UT6U,265740,settled_streaming,1,1785451118
TOKEN-SS6TZ45NTEPPBSUMGTYRHT3V2E,1785451120,1785451126,ACC-YRPLDQBRRHOQWDM6Q3WWM3VAWM,TOKEN-B5NQJ3JU5M2UGHQDMZOPYQEQ4E,405,settled_streaming,1,1785451126
TOKEN-MY4ARS7QESXBWKEW45IPLWHFQA,1785451126,1785451132,ACC-YRPLDQBRRHOQWDM6Q3WWM3VAWM,TOKEN-EPZYGTOBRV2JSHKMNTBY6FBKIQ,47385,settled_streaming,1,1785451132
TOKEN-YIMJUYQ7MWYO74ZN2KE7X7SOJI,1785451129,1785451135,ACC-YRPLDQBRRHOQWDM6Q3WWM3VAWM,TOKEN-QBWKIE2XA3FJKHU2JHSHU5UT6U,266206,settled_streaming,1,1785451135
TOKEN-Z5TS3AK4Q6TA34MZZ6UQ5DLYWU,1785451134,1785451137,ACC-YRPLDQBRRHOQWDM6Q3WWM3VAWM,TOKEN-DD2CWLHTCYAHW5JPPILMKJCCEY,398,settled_streaming,1,1785451137
TOKEN-T2ANOLB5YNEWNHFPXI7M6SIDUI,1785451135,1785451140,ACC-YRPLDQBRRHOQWDM6Q3WWM3VAWM,TOKEN-EPZYGTOBRV2JSHKMNTBY6FBKIQ,48471,settled_streaming,1,1785451140
TOKEN-ERKGJDAUQDCLI32MP25PXOLGOM,1785451137,1785451142,ACC-YRPLDQBRRHOQWDM6Q3WWM3VAWM,TOKEN-RHLQSZ7KE7JZQ4HZWUJR7HEJIQ,410,settled_streaming,1,1785451142
TOKEN-VNCNTMJGSMZQ5K6S4XPTAVKU5Q,1785451138,1785451152,ACC-YRPLDQBRRHOQWDM6Q3WWM3VAWM,TOKEN-QBWKIE2XA3FJKHU2JHSHU5UT6U,266470,settled_streaming,1,1785451152
TOKEN-UR5WE3NNWLU4CDO42YVLB5O64A,1785451142,1785451148,ACC-YRPLDQBRRHOQWDM6Q3WWM3VAWM,TOKEN-BVKXALXE7GAKLPFHNEDTZVKMK4,232386,settled_streaming,1,1785451148
TOKEN-X2GWTKDQABLXHDCWG7XVGVV25M,1785451144,1785451150,ACC-YRPLDQBRRHOQWDM6Q3WWM3VAWM,TOKEN-EPZYGTOBRV2JSHKMNTBY6FBKIQ,49541,settled_streaming,1,1785451150
TOKEN-5QUMIPLO7BU6RF2EDHDDPJC6WQ,1785451149,1785451161,ACC-YRPLDQBRRHOQWDM6Q3WWM3VAWM,TOKEN-MAI6FCMANLNTTXVX5UWSYOJVUY,231125,settled_streaming,1,1785451161
TOKEN-L2VTRTXVR2TDHMKOKDXY3VUXFM,1785451157,1785451160,ACC-YRPLDQBRRHOQWDM6Q3WWM3VAWM,TOKEN-CNPLXCYLBHCMJHVHED77JI5ZGM,379,settled_streaming,1,1785451160
TOKEN-TWYJCA4DLSL45CZHIWOWTV7Y4A,1785451161,1785451184,ACC-YRPLDQBRRHOQWDM6Q3WWM3VAWM,TOKEN-QDAW2OK6EXSQIHRGKAIDAFIDNA,455,settled_streaming,1,1785451184
TOKEN-2PYNJHRHHG7NKQX55YDHVINOXE,1785451163,1785451167,ACC-YRPLDQBRRHOQWDM6Q3WWM3VAWM,TOKEN-QBWKIE2XA3FJKHU2JHSHU5UT6U,267663,settled_streaming,1,1785451167
TOKEN-Y5FP2TSYXPDZRKPZQ4Q5COHRVY,1785451163,1785451168,ACC-YRPLDQBRRHOQWDM6Q3WWM3VAWM,TOKEN-EPZYGTOBRV2JSHKMNTBY6FBKIQ,50149,settled_streaming,1,1785451168
TOKEN-JVACAZEFXKL7A23RPCBQGCHGKI,1785451169,1785451212,ACC-YRPLDQBRRHOQWDM6Q3WWM3VAWM,TOKEN-ZMSAKVOS3JWEKE7BGAUHIJ6SJA,1067,settled_streaming,1,1785451212
TOKEN-WQGLJG4V5JB3WRURFXLDN76YPI,1785451182,1785451190,ACC-YRPLDQBRRHOQWDM6Q3WWM3VAWM,TOKEN-EPZYGTOBRV2JSHKMNTBY6FBKIQ,51334,settled_streaming,1,1785451190
TOKEN-ZADSOHP7F6VSQ35Q2NUL7UL6UI,1785451183,1785451189,ACC-YRPLDQBRRHOQWDM6Q3WWM3VAWM,TOKEN-QBWKIE2XA3FJKHU2JHSHU5UT6U,268175,settled_streaming,1,1785451189
TOKEN-B7Q2E7Q57CZHVL3BGMRDTH32II,1785451184,1785451196,ACC-YRPLDQBRRHOQWDM6Q3WWM3VAWM,TOKEN-K7JVGAPA3JFH4BXMVJFY6V2SRI,421,settled_streaming,1,1785451196
TOKEN-WRDRAZUUWAJRTNT3XRSMMUMOQI,1785451190,1785451205,ACC-YRPLDQBRRHOQWDM6Q3WWM3VAWM,TOKEN-QBWKIE2XA3FJKHU2JHSHU5UT6U,269002,settled_streaming,1,1785451205
TOKEN-LXU2D5E7M5NWR7UTAXIFNHWECI,1785451202,1785451205,ACC-YRPLDQBRRHOQWDM6Q3WWM3VAWM,TOKEN-EPZYGTOBRV2JSHKMNTBY6FBKIQ,52023,settled_streaming,1,1785451205
TOKEN-KXSORAPL7NUPV2BCNMGV6R5CUU,1785451206,1785451215,ACC-YRPLDQBRRHOQWDM6Q3WWM3VAWM,TOKEN-QBWKIE2XA3FJKHU2JHSHU5UT6U,270539,settled_streaming,1,1785451215
TOKEN-6S76SPI4TK2SQRLJOJGI2VB5BY,1785451212,1785451249,ACC-YRPLDQBRRHOQWDM6Q3WWM3VAWM,TOKEN-3RDQCETUFLADOP5JVO4R2B323E,471,settled_streaming,1,1785451249
TOKEN-2S3RUNIO6UXNX5RTKURBG5B3GA,1785451216,1785451226,ACC-YRPLDQBRRHOQWDM6Q3WWM3VAWM,TOKEN-EPZYGTOBRV2JSHKMNTBY6FBKIQ,52503,settled_streaming,1,1785451226
TOKEN-JZBOME2L5UQGG4KQT5ISSAXH3M,1785451217,1785451228,ACC-YRPLDQBRRHOQWDM6Q3WWM3VAWM,TOKEN-DSBR2AO5HWU3WE6YC33GWIG5FI,587,settled_streaming,1,1785451228
TOKEN-ORN75W2ZRPKDYJQUXKLGFHQ2SM,1785451226,1785451231,ACC-YRPLDQBRRHOQWDM6Q3WWM3VAWM,TOKEN-QBWKIE2XA3FJKHU2JHSHU5UT6U,271215,settled_streaming,1,1785451231
TOKEN-CUDF7ESCW2VSXXREUVCJW5U77Y,1785451230,1785451239,ACC-YRPLDQBRRHOQWDM6Q3WWM3VAWM,TOKEN-EPZYGTOBRV2JSHKMNTBY6FBKIQ,56607,settled_streaming,1,1785451239
TOKEN-AN5QLGDRHPNFEVABO26TAVF3LA,1785451239,1785451242,ACC-YRPLDQBRRHOQWDM6Q3WWM3VAWM,TOKEN-HF5W4TW7XMU7TFMIBFJKR6JLAI,398,settled_streaming,1,1785451242
TOKEN-LNJQDZ6YAGZYMUP7NMWKUYQS5U,1785451243,1785451252,ACC-YRPLDQBRRHOQWDM6Q3WWM3VAWM,TOKEN-FBGXMOMAVCMCK46BI25H2NOSJE,558,settled_streaming,1,1785451252
TOKEN-FGOYUWPFCWJDWZLAKHQ3I3IMFI,1785451245,1785451252,ACC-YRPLDQBRRHOQWDM6Q3WWM3VAWM,TOKEN-QBWKIE2XA3FJKHU2JHSHU5UT6U,271477,settled_streaming,1,1785451252
TOKEN-2JRLI4M3R62UJ42J3VQ2DJVLZU,1785451249,1785451266,ACC-YRPLDQBRRHOQWDM6Q3WWM3VAWM,TOKEN-2L7EFOCF77LPXPLI3YPMRQZY7I,406,settled_streaming,1,1785451266
TOKEN-6X5Q72TECF6BD7I3QTZVIH447A,1785451252,1785451258,ACC-YRPLDQBRRHOQWDM6Q3WWM3VAWM,TOKEN-EPZYGTOBRV2JSHKMNTBY6FBKIQ,57421,settled_streaming,1,1785451258
TOKEN-IH432O7452G66C6R5Z3AFLZPPQ,1785451252,1785451258,ACC-YRPLDQBRRHOQWDM6Q3WWM3VAWM,TOKEN-V75HVXMXRUAR7MDQBD7TNM2D3E,258495,settled_streaming,1,1785451258
TOKEN-OJA5BUYGWFXDZUBGEROFF52TXQ,1785451258,1785451264,ACC-YRPLDQBRRHOQWDM6Q3WWM3VAWM,TOKEN-L5ALGCQEINJQ4R3E4MIZKCVMFQ,283064,settled_streaming,1,1785451264
TOKEN-44RPUCOTXNFJBYSUDKRMI2G4ZU,1785451263,1785451267,ACC-YRPLDQBRRHOQWDM6Q3WWM3VAWM,TOKEN-QBWKIE2XA3FJKHU2JHSHU5UT6U,271943,settled_streaming,1,1785451267
TOKEN-CEHHX53KYKK2WRT6NC7W4Q47YU,1785451264,1785451269,ACC-YRPLDQBRRHOQWDM6Q3WWM3VAWM,TOKEN-CQLYQ6FNK7AJOT2XX7W2QK3JH4,242503,settled_streaming,1,1785451269
TOKEN-I5CBOHZ63WURHXQKJNZV6BJJRY,1785451265,1785451274,ACC-YRPLDQBRRHOQWDM6Q3WWM3VAWM,TOKEN-EPZYGTOBRV2JSHKMNTBY6FBKIQ,59691,settled_streaming,1,1785451274
TOKEN-JAO7WZZ4WJBDBFYM2BD57YN7ZY,1785451267,1785451272,ACC-YRPLDQBRRHOQWDM6Q3WWM3VAWM,TOKEN-7AWUCYFBAINKX27PG62O2RGX3E,430,settled_streaming,1,1785451272
TOKEN-KD5NBS72AMPBM6BJYSRGUMZMLE,1785451269,1785451274,ACC-YRPLDQBRRHOQWDM6Q3WWM3VAWM,TOKEN-6D6EAPAZ5WCVRT6JXTL7JUUTSQ,269251,settled_streaming,1,1785451274
TOKEN-SA6PYE2DNUWGWW6LM7MORJAMAQ,1785451272,1785451290,ACC-YRPLDQBRRHOQWDM6Q3WWM3VAWM,TOKEN-QBWKIE2XA3FJKHU2JHSHU5UT6U,272206,settled_streaming,1,1785451290
TOKEN-XHT6JAD66HRQA7HIWVGA5ROQCY,1785451272,1785451287,ACC-YRPLDQBRRHOQWDM6Q3WWM3VAWM,TOKEN-JMI6N7GCT4LOLWVUWIPY27S56A,401,settled_streaming,1,1785451287
TOKEN-2YFCKXET2HGMGWZMJBVARNSUEQ,1785451274,1785451279,ACC-YRPLDQBRRHOQWDM6Q3WWM3VAWM,TOKEN-YKQNDBH26XKVV32VY24FDUIBY4,87829,settled_streaming,1,1785451279
TOKEN-7SSYPVIXC63PFRVJK32I25BQOE,1785451280,1785451284,ACC-YRPLDQBRRHOQWDM6Q3WWM3VAWM,TOKEN-M44KNYIJ23UUNI7W6XU3L5UHNA,70743,settled_streaming,1,1785451284
TOKEN-6YG4OODE5I7RAXXS3V3XQAV2CA,1785451280,1785451286,ACC-YRPLDQBRRHOQWDM6Q3WWM3VAWM,TOKEN-EPZYGTOBRV2JSHKMNTBY6FBKIQ,60417,settled_streaming,1,1785451286
TOKEN-L742V6PY2352Q55DVHRBWPUML4,1785451285,1785451296,ACC-YRPLDQBRRHOQWDM6Q3WWM3VAWM,TOKEN-QAELUJCXR5ZFIULVPFQB4ALVUM,138465,settled_streaming,1,1785451296
TOKEN-7E2WU64XPDWP65NUZ6QGJYJF5I,1785451287,1785451296,ACC-YRPLDQBRRHOQWDM6Q3WWM3VAWM,TOKEN-CS5636OBAXUCGC3YMR7GNIGHU4,429,settled_streaming,1,1785451296
TOKEN-RSW447FGH27CQH43BONOIU6FFQ,1785451289,1785451297,ACC-YRPLDQBRRHOQWDM6Q3WWM3VAWM,TOKEN-EPZYGTOBRV2JSHKMNTBY6FBKIQ,61985,settled_streaming,1,1785451297
TOKEN-I5OKOQRAIG6YXT6DVHQPPH4JSU,1785451291,1785451303,ACC-YRPLDQBRRHOQWDM6Q3WWM3VAWM,TOKEN-QBWKIE2XA3FJKHU2JHSHU5UT6U,273818,settled_streaming,1,1785451303
TOKEN-V5CR4HEKTJEITLLGK4J7YZ2CSE,1785451296,1785451381,ACC-YRPLDQBRRHOQWDM6Q3WWM3VAWM,TOKEN-W4B7CFCBXNOWMFOWIQLSKZGQJE,822,settled_streaming,1,1785451381
TOKEN-E4UX4RCQBNEFJS7ZXTVQVN3VEU,1785451296,1785451309,ACC-YRPLDQBRRHOQWDM6Q3WWM3VAWM,TOKEN-JP4YLNDZ4CAORZ7ZXPUUEYEKUE,1869,settled_streaming,1,1785451309
TOKEN-4ZJQY32ULSYWEBUBVIP4KEPKO4,1785451300,1785451307,ACC-YRPLDQBRRHOQWDM6Q3WWM3VAWM,TOKEN-EPZYGTOBRV2JSHKMNTBY6FBKIQ,63208,settled_streaming,1,1785451307
TOKEN-3542RHN7ZTXOIVLV2JUFKS3FBI,1785451309,1785451328,ACC-YRPLDQBRRHOQWDM6Q3WWM3VAWM,TOKEN-SQZYKEQMZCSPRBX45EGJK2SGWE,8803,settled_streaming,1,1785451328
TOKEN-WQS4FBKXWV626FRT6NYFERATA4,1785451314,1785451320,ACC-YRPLDQBRRHOQWDM6Q3WWM3VAWM,TOKEN-EPZYGTOBRV2JSHKMNTBY6FBKIQ,64842,settled_streaming,1,1785451320
TOKEN-JUDDIGIF755WJBOZCXIONHQK5Y,1785451314,1785451318,ACC-YRPLDQBRRHOQWDM6Q3WWM3VAWM,TOKEN-QBWKIE2XA3FJKHU2JHSHU5UT6U,274701,settled_streaming,1,1785451318
TOKEN-3QQYWYKBJGG5FD6CXNSTXHDRBQ,1785451326,1785451335,ACC-YRPLDQBRRHOQWDM6Q3WWM3VAWM,TOKEN-EPZYGTOBRV2JSHKMNTBY6FBKIQ,67259,settled_streaming,1,1785451335
TOKEN-3KQGSSKYAY3E2NIXMGIH7NDJYY,1785451329,1785451373,ACC-YRPLDQBRRHOQWDM6Q3WWM3VAWM,TOKEN-ATZ2CWJHFOIM5PE7NCIGX7NW3Q,2368,settled_streaming,1,1785451373
TOKEN-MGTNY35BISPIU774CX5BFLWJIY,1785451333,1785451341,ACC-YRPLDQBRRHOQWDM6Q3WWM3VAWM,TOKEN-QBWKIE2XA3FJKHU2JHSHU5UT6U,274964,settled_streaming,1,1785451341
TOKEN-VU7GBDCFKCWTIRZ6WZZNUZPQPQ,1785451335,1785451335,ACC-YRPLDQBRRHOQWDM6Q3WWM3VAWM,TOKEN-XIWR43RFTAHARS5HA6M5UFS4RM,379,websocket_fallback_context_recovering,0,0
TOKEN-53JHL5AUDHWUS7KPJLJDEG2CXY,1785451336,1785451341,ACC-YRPLDQBRRHOQWDM6Q3WWM3VAWM,TOKEN-TZ4TT4UK3NCOI2PEEE3FDMIGPQ,372000,settled_streaming,1,1785451341
TOKEN-5HHBTNPRGDZMCTCI2SMQPTVHL4,1785451340,1785451345,ACC-YRPLDQBRRHOQWDM6Q3WWM3VAWM,TOKEN-EPZYGTOBRV2JSHKMNTBY6FBKIQ,68183,settled_streaming,1,1785451345
TOKEN-7QGO6MGWSZCOHHZB4WAO3UTKBY,1785451349,1785451357,ACC-YRPLDQBRRHOQWDM6Q3WWM3VAWM,TOKEN-EPZYGTOBRV2JSHKMNTBY6FBKIQ,69571,settled_streaming,1,1785451357
TOKEN-PYZ6WDMVFC65SGP2OHM6WNYBFE,1785451352,1785451357,ACC-YRPLDQBRRHOQWDM6Q3WWM3VAWM,TOKEN-QBWKIE2XA3FJKHU2JHSHU5UT6U,275434,settled_streaming,1,1785451357
TOKEN-BC24NZAQ3RSFD3I5T7LF6KDESY,1785451361,1785451405,ACC-YRPLDQBRRHOQWDM6Q3WWM3VAWM,TOKEN-QBWKIE2XA3FJKHU2JHSHU5UT6U,275699,settled_streaming,1,1785451405
TOKEN-NCZU6EDF337HCPAKE27BFUTHYQ,1785451362,1785451373,ACC-YRPLDQBRRHOQWDM6Q3WWM3VAWM,TOKEN-EPZYGTOBRV2JSHKMNTBY6FBKIQ,80129,settled_streaming,1,1785451373
TOKEN-IZVCXAYIBZQ24MYZB7SVFZELAI,1785451373,1785451381,ACC-YRPLDQBRRHOQWDM6Q3WWM3VAWM,TOKEN-6MQTHAWJA3AXBXTKA3OEISCTHE,421,settled_streaming,1,1785451381
TOKEN-5SBCHJWGO5S6APIKQ4WBSIKUCU,1785451378,1785451386,ACC-YRPLDQBRRHOQWDM6Q3WWM3VAWM,TOKEN-EPZYGTOBRV2JSHKMNTBY6FBKIQ,81115,settled_streaming,1,1785451386
TOKEN-SHLV66NELKCL6TFKSBXI3PPWUU,1785451381,1785451390,ACC-YRPLDQBRRHOQWDM6Q3WWM3VAWM,TOKEN-7WG6CHUA6HJLLA4XNG4QBVZWTI,21398,settled_streaming,1,1785451390
TOKEN-4H4VBQKIMNVY44O4L6I7KO2E74,1785451382,1785451408,ACC-YRPLDQBRRHOQWDM6Q3WWM3VAWM,TOKEN-MAFWB4FR7MYNA7BMQSJ2ZQKDTU,479,settled_streaming,1,1785451408
TOKEN-YO6FCBWDTGYLPI4PCUTYBWLJN4,1785451390,1785451394,ACC-YRPLDQBRRHOQWDM6Q3WWM3VAWM,TOKEN-N4OPIEFYZJBEHQIBKJ5E6Q2CHM,4405,settled_streaming,1,1785451394
TOKEN-LQE7TBMZYLFBUW4MGRXGBNO5GI,1785451394,1785451401,ACC-YRPLDQBRRHOQWDM6Q3WWM3VAWM,TOKEN-ADXZKPX4FOWII4NWRAD23PQ2LE,758,settled_streaming,1,1785451401
TOKEN-42OQJYUNHK3MT5JPNOLKNEPCE4,1785451398,1785451401,ACC-YRPLDQBRRHOQWDM6Q3WWM3VAWM,TOKEN-EPZYGTOBRV2JSHKMNTBY6FBKIQ,81750,settled_streaming,1,1785451401
TOKEN-QRX3CLPKWNTZUHHZZ3D6FJHH6M,1785451401,1785451406,ACC-YRPLDQBRRHOQWDM6Q3WWM3VAWM,TOKEN-Q6MP2ZE74OJU3O4TAASQPHPBW4,2984,settled_streaming,1,1785451406
TOKEN-S3BUZFZO3AYB2SK5TMQEMGIGHQ,1785451406,1785451415,ACC-YRPLDQBRRHOQWDM6Q3WWM3VAWM,TOKEN-QBWKIE2XA3FJKHU2JHSHU5UT6U,278940,settled_streaming,1,1785451415
TOKEN-XSXM6KKRUTFNRMGTDECZ7TDN7E,1785451407,1785451413,ACC-YRPLDQBRRHOQWDM6Q3WWM3VAWM,TOKEN-T3PRXGWUACSTND46GW75PJCT5I,3325,settled_streaming,1,1785451413
TOKEN-KEAFFPDDLW4FOBJNXI6R2J6ZTU,1785451408,1785451412,ACC-YRPLDQBRRHOQWDM6Q3WWM3VAWM,TOKEN-ZORDHRGFAC2ZF7SF6K4GE5LUUI,437,settled_streaming,1,1785451412
TOKEN-GPHTQFTWDIBJ522RZZXF3DOJIA,1785451413,1785451444,ACC-YRPLDQBRRHOQWDM6Q3WWM3VAWM,TOKEN-WQZW7PMVPRA737VCJZA63VFWQQ,437,settled_streaming,1,1785451444
TOKEN-63M2XDWUR7TQID2WXKG5YKREDU,1785451413,1785451435,ACC-YRPLDQBRRHOQWDM6Q3WWM3VAWM,TOKEN-4TMBXDTGRSLZHGZKVMR5KPBITQ,2763,settled_streaming,1,1785451435
TOKEN-WHNNVF7V5RF4WB5VEMRWOMVUJI,1785451417,1785451430,ACC-YRPLDQBRRHOQWDM6Q3WWM3VAWM,TOKEN-EPZYGTOBRV2JSHKMNTBY6FBKIQ,83941,settled_streaming,1,1785451430
TOKEN-QETQHEG5PB3FGUUHF2NZE2H6BU,1785451426,1785451430,ACC-YRPLDQBRRHOQWDM6Q3WWM3VAWM,TOKEN-QBWKIE2XA3FJKHU2JHSHU5UT6U,279546,settled_streaming,1,1785451430
TOKEN-SNCVC2VUHPCDMYWLUDB37GCYI4,1785451433,1785451440,ACC-YRPLDQBRRHOQWDM6Q3WWM3VAWM,TOKEN-EPZYGTOBRV2JSHKMNTBY6FBKIQ,85226,settled_streaming,1,1785451440
TOKEN-ZFTIACOZ6B257S4PD357UGOYHQ,1785451435,1785451439,ACC-YRPLDQBRRHOQWDM6Q3WWM3VAWM,TOKEN-Y4MZMQNFQD2XMMSPYVG3UX2FCY,431,settled_streaming,1,1785451439
TOKEN-CAYGF2EUG7ZE2HRHFL4QWB5S4U,1785451439,1785451443,ACC-YRPLDQBRRHOQWDM6Q3WWM3VAWM,TOKEN-MPYK64UUYIH4TEDDCVI2TIOQUM,426,settled_streaming,1,1785451443
TOKEN-CMU2G3AB2NMFUYUI5NHBJPB42A,1785451443,1785451454,ACC-YRPLDQBRRHOQWDM6Q3WWM3VAWM,TOKEN-EPZYGTOBRV2JSHKMNTBY6FBKIQ,85954,settled_streaming,1,1785451454
TOKEN-5675EVTFCFBFVMBSPQZCBYOZSM,1785451444,1785451449,ACC-YRPLDQBRRHOQWDM6Q3WWM3VAWM,TOKEN-A3UU3CE2M7QIXX5GFRJYWYOHDI,442,settled_streaming,1,1785451449
TOKEN-X226HDQFTFEIY45UCFRAQMJKEQ,1785451445,1785451452,ACC-YRPLDQBRRHOQWDM6Q3WWM3VAWM,TOKEN-QBWKIE2XA3FJKHU2JHSHU5UT6U,279808,settled_streaming,1,1785451452
TOKEN-MESGTP75ZKFJTO4CJLX6WQ3FGI,1785451449,1785451461,ACC-YRPLDQBRRHOQWDM6Q3WWM3VAWM,TOKEN-ZCVCKUVOPTXNKN5IJB63LMD65Y,732,settled_streaming,1,1785451461
TOKEN-35QYEBOX7P3HB453QFP3WSJMVA,1785451453,1785451456,ACC-YRPLDQBRRHOQWDM6Q3WWM3VAWM,TOKEN-YO5JMYYBGITL7TB6RAEXHV2PYU,366,settled_streaming,1,1785451456
TOKEN-2NF363RLNVILK3B7UNWOLZEYBM,1785451461,1785451467,ACC-YRPLDQBRRHOQWDM6Q3WWM3VAWM,TOKEN-MMOQPJMI5LPXKT3MUDXCZBIY5Q,421,settled_streaming,1,1785451467
TOKEN-C4BH2EICI6UGAAM7BQTPKPGVTE,1785451461,1785451472,ACC-YRPLDQBRRHOQWDM6Q3WWM3VAWM,TOKEN-EPZYGTOBRV2JSHKMNTBY6FBKIQ,88090,settled_streaming,1,1785451472
TOKEN-G4VRPFRJQK5HXI6ZIYQBYZNQZA,1785451463,1785451467,ACC-YRPLDQBRRHOQWDM6Q3WWM3VAWM,TOKEN-QBWKIE2XA3FJKHU2JHSHU5UT6U,280274,settled_streaming,1,1785451467
TOKEN-VB7ZBN2OH4IVU2KL5BDYTG752U,1785451468,1785451478,ACC-YRPLDQBRRHOQWDM6Q3WWM3VAWM,TOKEN-PTRSHD2AH3ORXDZ333R7GMMR5A,2634,settled_streaming,1,1785451478
TOKEN-MXQIF5MGGV4YGDU4LUF2BF75JM,1785451472,1785451483,ACC-YRPLDQBRRHOQWDM6Q3WWM3VAWM,TOKEN-QBWKIE2XA3FJKHU2JHSHU5UT6U,280538,settled_streaming,1,1785451483
TOKEN-UEHK7AP4UX6BOM7SSCYCDY7NOQ,1785451473,1785451479,ACC-YRPLDQBRRHOQWDM6Q3WWM3VAWM,TOKEN-JCV3SYKLXWYFRVV6QEYBDPBGOY,406,settled_streaming,1,1785451479
TOKEN-BFGVRHDJEE4AOACVZHE7VQYKVI,1785451475,1785451482,ACC-YRPLDQBRRHOQWDM6Q3WWM3VAWM,TOKEN-EPZYGTOBRV2JSHKMNTBY6FBKIQ,88722,settled_streaming,1,1785451482
TOKEN-36NJOCCMIJEWQETT4EO6ZHESRQ,1785451479,1785451484,ACC-YRPLDQBRRHOQWDM6Q3WWM3VAWM,TOKEN-7B2P6D4FKLV2OFYNJPTSGNIFVQ,1055,settled_streaming,1,1785451484
TOKEN-T7ZRJNGVPYHN2PHMBS2X4X3VNA,1785451479,1785451494,ACC-YRPLDQBRRHOQWDM6Q3WWM3VAWM,TOKEN-7Y3SV2W5SG62M6ODEBMSXXDMBQ,421,settled_streaming,1,1785451494
TOKEN-3EMRY2XPWCHRCLMVIQ437K6AC4,1785451484,1785451489,ACC-YRPLDQBRRHOQWDM6Q3WWM3VAWM,TOKEN-K4RIZXM7SQPUHWCS2XSIA76GMI,3165,settled_streaming,1,1785451489
TOKEN-QDPKAT5D3ZYO4E5QO2HUEKPPW4,1785451489,1785451495,ACC-YRPLDQBRRHOQWDM6Q3WWM3VAWM,TOKEN-5J3VZZCS4DTWHHQFYYU3SDSFIU,4293,settled_streaming,1,1785451495
TOKEN-Q7EMMQHGURXXEBNM4GKU3JM6VQ,1785451494,1785451500,ACC-YRPLDQBRRHOQWDM6Q3WWM3VAWM,TOKEN-QBWKIE2XA3FJKHU2JHSHU5UT6U,281596,settled_streaming,1,1785451500
TOKEN-GP753H6BRVZ3YZ5L3CXHVMV654,1785451494,1785451502,ACC-YRPLDQBRRHOQWDM6Q3WWM3VAWM,TOKEN-QQB7PWB4HW3QYXIC6TLYACQRKU,421,settled_streaming,1,1785451502
TOKEN-ZJZT3BUCKBNOPCAQMA5KFVVOXM,1785451495,1785451505,ACC-YRPLDQBRRHOQWDM6Q3WWM3VAWM,TOKEN-RG4OK5JEQ5P4HNS2H7CGKM5A2U,400,settled_streaming,1,1785451505
TOKEN-RKUH2H6QRZH2FLFOWWIHRGAV64,1785451495,1785451499,ACC-YRPLDQBRRHOQWDM6Q3WWM3VAWM,TOKEN-EPZYGTOBRV2JSHKMNTBY6FBKIQ,89340,settled_streaming,1,1785451499
TOKEN-3GS2VMU3C2NVBRKWMKOXCPDMFE,1785451501,1785451511,ACC-YRPLDQBRRHOQWDM6Q3WWM3VAWM,TOKEN-EPZYGTOBRV2JSHKMNTBY6FBKIQ,90287,settled_streaming,1,1785451511
TOKEN-FBI42BX7AUIEX5MIIPDHXCZQHI,1785451502,1785451515,ACC-YRPLDQBRRHOQWDM6Q3WWM3VAWM,TOKEN-JFM5ZCT2N6YMHXFB6Q7DS43OZE,699,settled_streaming,1,1785451515
TOKEN-LJ7HZVIPEUCD6UFYW4OBXT3DEA,1785451505,1785451509,ACC-YRPLDQBRRHOQWDM6Q3WWM3VAWM,TOKEN-662DKXLOMYL6TT2WGQYXTERF74,508,settled_streaming,1,1785451509
TOKEN-66WEOP6FUKZO3COWYGOD2V43HA,1785451510,1785451515,ACC-YRPLDQBRRHOQWDM6Q3WWM3VAWM,TOKEN-IHRMSS6JGFYG52R3YU7WP5243A,566,settled_streaming,1,1785451515
TOKEN-F2XAQ4EVR46CK3DTN4NWJAO4NI,1785451513,1785451517,ACC-YRPLDQBRRHOQWDM6Q3WWM3VAWM,TOKEN-QBWKIE2XA3FJKHU2JHSHU5UT6U,281858,settled_streaming,1,1785451517
TOKEN-DTLEXJ6ISNUYSLPWHIACBZXOYQ,1785451515,1785451518,ACC-YRPLDQBRRHOQWDM6Q3WWM3VAWM,TOKEN-FQIAGZMSQH6IR57Q6RI5OFOYZY,378,settled_streaming,1,1785451518
TOKEN-2DWVDDWYAJAS3GSEJJ4PV35NWQ,1785451519,1785451523,ACC-YRPLDQBRRHOQWDM6Q3WWM3VAWM,TOKEN-6NSLAXOLT4THLVPYJMB733ZVPY,379,settled_streaming,1,1785451523
TOKEN-PWQQT75CE2TZUMSPENQSAJYJQI,1785451524,1785451532,ACC-YRPLDQBRRHOQWDM6Q3WWM3VAWM,TOKEN-IT7225XFEFYLH4KGSJYTNZV3YI,579,settled_streaming,1,1785451532
TOKEN-2M5YBFQ6B4VUZ4WWP7GSEPOI7Y,1785451529,1785451533,ACC-YRPLDQBRRHOQWDM6Q3WWM3VAWM,TOKEN-QBWKIE2XA3FJKHU2JHSHU5UT6U,282324,settled_streaming,1,1785451533
TOKEN-3YBOQWIGN56OZ3TJ5EEZCTHFG4,1785451536,1785451547,ACC-YRPLDQBRRHOQWDM6Q3WWM3VAWM,TOKEN-VP4R7DA7KFVDLESII54MCYK4NE,587,settled_streaming,1,1785451547
TOKEN-Z2XN3ZS6IU2SAQP7XK3DPLJMGM,1785451536,1785451545,ACC-YRPLDQBRRHOQWDM6Q3WWM3VAWM,TOKEN-EPZYGTOBRV2JSHKMNTBY6FBKIQ,90287,settled_streaming,1,1785451545
TOKEN-QXEDSQXKIM7PJDGUNESIDIVZD4,1785451538,1785451547,ACC-YRPLDQBRRHOQWDM6Q3WWM3VAWM,TOKEN-QBWKIE2XA3FJKHU2JHSHU5UT6U,282588,settled_streaming,1,1785451547
TOKEN-KN7OAYKV4JOQHWE7UCWQHLZNMM,1785451538,1785451544,ACC-YRPLDQBRRHOQWDM6Q3WWM3VAWM,TOKEN-ACTTPWDN56DCKRED5CMBKXGYNU,378,settled_streaming,1,1785451544
TOKEN-5DIHL5NHXINJ6AFZM5KDFSVTPM,1785451544,1785451549,ACC-YRPLDQBRRHOQWDM6Q3WWM3VAWM,TOKEN-DNHQE2ZFTS7XE3SQIMIWNVDZIQ,468,settled_streaming,1,1785451549
TOKEN-FUPYN5EMEHUJMFTGQHNMTHHQR4,1785451550,1785451557,ACC-YRPLDQBRRHOQWDM6Q3WWM3VAWM,TOKEN-EPZYGTOBRV2JSHKMNTBY6FBKIQ,91067,settled_streaming,1,1785451557
TOKEN-5D2T6TKQBEMVMTH7KPFBQWT3TQ,1785451553,1785451563,ACC-YRPLDQBRRHOQWDM6Q3WWM3VAWM,TOKEN-RWGMKBCR75KZXEVHBLFY4HC25E,1060,settled_streaming,1,1785451563
TOKEN-JSAWGTRL6L2M7O4MRQDJGLTA5A,1785451558,1785451566,ACC-YRPLDQBRRHOQWDM6Q3WWM3VAWM,TOKEN-QRFE2QFWSXYNU64LVZJXGKYT2Y,398,settled_streaming,1,1785451566
TOKEN-MHI3HEGPQWGPFOVGVZWSFTP2YQ,1785451558,1785451563,ACC-YRPLDQBRRHOQWDM6Q3WWM3VAWM,TOKEN-QBWKIE2XA3FJKHU2JHSHU5UT6U,283387,settled_streaming,1,1785451563
TOKEN-VJFVRXC6W5PW4IMTGGDYMINDCM,1785451566,1785451573,ACC-YRPLDQBRRHOQWDM6Q3WWM3VAWM,TOKEN-PKDBSAM3SM5CXLNXFX5MMOCAQQ,558,settled_streaming,1,1785451573
TOKEN-RMECVCQJKPYN2FWPTH7Z7ZHPCA,1785451569,1785451573,ACC-YRPLDQBRRHOQWDM6Q3WWM3VAWM,TOKEN-EPZYGTOBRV2JSHKMNTBY6FBKIQ,91684,settled_streaming,1,1785451573
TOKEN-UY6VLV7OLSECOUW67MMS6C26GU,1785451573,1785451587,ACC-YRPLDQBRRHOQWDM6Q3WWM3VAWM,TOKEN-3JKRJO5RF6NMSXBIMEL44L3K2M,444,settled_streaming,1,1785451587
TOKEN-B24Y3MXRNPKXQDNHJXOEUXA5CQ,1785451574,1785451582,ACC-YRPLDQBRRHOQWDM6Q3WWM3VAWM,TOKEN-73QTUZISF5TK5N6N4KYX3CDXIM,258534,settled_streaming,1,1785451582
TOKEN-2T3Y2SCZZYBOQ7EYOTGQJUJBT4,1785451577,1785451584,ACC-YRPLDQBRRHOQWDM6Q3WWM3VAWM,TOKEN-QBWKIE2XA3FJKHU2JHSHU5UT6U,283649,settled_streaming,1,1785451584
TOKEN-4YADULDLLQNZAILBV4XZBAUS3E,1785451582,1785451588,ACC-YRPLDQBRRHOQWDM6Q3WWM3VAWM,TOKEN-P2W2NWZZ3BHORFS6LTUP6WTSXU,282567,settled_streaming,1,1785451588
TOKEN-I73VVHMIILQUVUYPLJNDITOKNA,1785451588,1785451594,ACC-YRPLDQBRRHOQWDM6Q3WWM3VAWM,TOKEN-FJRUF6I5EHLVWO5MZDTW7D2O3Q,244898,settled_streaming,1,1785451594
TOKEN-R5C7CFBLYIBHCLPB7ZSO6TC23Q,1785451589,1785451607,ACC-YRPLDQBRRHOQWDM6Q3WWM3VAWM,TOKEN-EPZYGTOBRV2JSHKMNTBY6FBKIQ,93250,settled_streaming,1,1785451607
TOKEN-L7Y74E4UVPUN3VHZEMYRWFRYEQ,1785451595,1785451600,ACC-YRPLDQBRRHOQWDM6Q3WWM3VAWM,TOKEN-QBWKIE2XA3FJKHU2JHSHU5UT6U,284115,settled_streaming,1,1785451600
TOKEN-KBHVV5K6VLG4TRYXRNO3SVAIRM,1785451595,1785451600,ACC-YRPLDQBRRHOQWDM6Q3WWM3VAWM,TOKEN-VDXRURYD6HP7BG4IP6PCNDWZXQ,270298,settled_streaming,1,1785451600
TOKEN-5S3H2ID5C7IM25J7LF5K5C2BBM,1785451597,1785451599,ACC-YRPLDQBRRHOQWDM6Q3WWM3VAWM,TOKEN-JWGFPAPGAIJGWPBRDRX6Z3PHX4,367,settled_streaming,1,1785451599
TOKEN-JBXBD26NM54UMHRBWA5IGFI6CY,1785451600,1785451609,ACC-YRPLDQBRRHOQWDM6Q3WWM3VAWM,TOKEN-7C3QGV5T5ICIS4KVWSFJIVOBUE,55447,settled_streaming,1,1785451609
TOKEN-O5YZMRCCW7O7MN5V5EFX3LFLXU,1785451604,1785451613,ACC-YRPLDQBRRHOQWDM6Q3WWM3VAWM,TOKEN-QBWKIE2XA3FJKHU2JHSHU5UT6U,284379,settled_streaming,1,1785451613
TOKEN-KSMH5MP7X26Z7IVVYZ622ZZ6RI,1785451609,1785451622,ACC-YRPLDQBRRHOQWDM6Q3WWM3VAWM,TOKEN-6DKXFZGG2E5A6S3IMPBNCWALNA,421,settled_streaming,1,1785451622
TOKEN-GQGHUSPIPHE7N7LRZDRAGK6LVU,1785451610,1785451614,ACC-YRPLDQBRRHOQWDM6Q3WWM3VAWM,TOKEN-CPVHENB7NWNJWNB4DLJJS55PHE,378,settled_streaming,1,1785451614
TOKEN-5HPD2NLXDU3O43AD6MH3V72ZDE,1785451614,1785451619,ACC-YRPLDQBRRHOQWDM6Q3WWM3VAWM,TOKEN-ZXONC3SK4ITTAHCQ7G2RXODOF4,442,settled_streaming,1,1785451619
TOKEN-UCWJYSN3WTZFTERHLNDANCCBLE,1785451619,1785451622,ACC-YRPLDQBRRHOQWDM6Q3WWM3VAWM,TOKEN-EPZYGTOBRV2JSHKMNTBY6FBKIQ,94591,settled_streaming,1,1785451622
TOKEN-SW4ZFNR6L76P4YTM5FMSTGWVGM,1785451619,1785451622,ACC-YRPLDQBRRHOQWDM6Q3WWM3VAWM,TOKEN-2ALK5ZGSBZFFHEHMDUIEXKW33Y,1313,settled_streaming,1,1785451622
TOKEN-OOWI57HBKPHWVIXPEDSMZWPZ3I,1785451623,1785451626,ACC-YRPLDQBRRHOQWDM6Q3WWM3VAWM,TOKEN-CIERP56EWKSVOKSBNGOHG43OXQ,655,settled_streaming,1,1785451626
TOKEN-FCBI223CE6HL6NZMXRVMIDSODI,1785451623,1785451654,ACC-YRPLDQBRRHOQWDM6Q3WWM3VAWM,TOKEN-6LKMBU4FD366NQ6OEKTW7VHCGE,875,settled_streaming,1,1785451654
TOKEN-UOTANDVTGVEJNJYUWFRKOMD3DQ,1785451624,1785451628,ACC-YRPLDQBRRHOQWDM6Q3WWM3VAWM,TOKEN-QBWKIE2XA3FJKHU2JHSHU5UT6U,284932,settled_streaming,1,1785451628
TOKEN-BDUC4ORQHZVQAKH2OO5MSLOYBA,1785451625,1785451631,ACC-YRPLDQBRRHOQWDM6Q3WWM3VAWM,TOKEN-EPZYGTOBRV2JSHKMNTBY6FBKIQ,95083,settled_streaming,1,1785451631
TOKEN-ADB6F4I2BY2K7OIDTB7IPFG5UA,1785451627,1785451629,ACC-YRPLDQBRRHOQWDM6Q3WWM3VAWM,TOKEN-2ROUARSWGSGWUC6G6WQS64OCL4,8206,settled_streaming,1,1785451629
TOKEN-6FNH7P6HIOHVG54WLM4P6Z754I,1785451630,1785451637,ACC-YRPLDQBRRHOQWDM6Q3WWM3VAWM,TOKEN-Q2J4CHAUCPDYC5LL66BIPUOKIU,4795,settled_streaming,1,1785451637
TOKEN-O2SQJXUGPIVUWCTRX4KUSAIMOU,1785451635,1785451645,ACC-YRPLDQBRRHOQWDM6Q3WWM3VAWM,TOKEN-ECQWOR2PMLGQQWK6PAJNTZGLJI,16044,settled_streaming,1,1785451645
TOKEN-ZL4JMKTXKECVQNPCFIXDUAU4QU,1785451637,1785451645,ACC-YRPLDQBRRHOQWDM6Q3WWM3VAWM,TOKEN-OKTTF6HN5CISQHMNKG2NANHAJQ,1145,settled_streaming,1,1785451645
TOKEN-6SDCD7QZRFPE45XFBZ4JMHP3JY,1785451641,1785451641,ACC-YRPLDQBRRHOQWDM6Q3WWM3VAWM,TOKEN-2AUJPA55BJQZHZGM5MVEDFCGQA,477,websocket_fallback_context_recovering,0,0
TOKEN-RRBN67PH3RAMUEGV4RP66QEVBU,1785451642,1785451653,ACC-YRPLDQBRRHOQWDM6Q3WWM3VAWM,TOKEN-TZ4TT4UK3NCOI2PEEE3FDMIGPQ,372000,settled_streaming,1,1785451653
TOKEN-OT7QKJCHZGCZQ3PHS3YGW5ZIXI,1785451643,1785451646,ACC-YRPLDQBRRHOQWDM6Q3WWM3VAWM,TOKEN-EPZYGTOBRV2JSHKMNTBY6FBKIQ,95618,settled_streaming,1,1785451646
TOKEN-6I6YC3VIBDJON2ISWAYV27Y6FY,1785451643,1785451647,ACC-YRPLDQBRRHOQWDM6Q3WWM3VAWM,TOKEN-QBWKIE2XA3FJKHU2JHSHU5UT6U,285194,settled_streaming,1,1785451647
TOKEN-YHPLAPHSECFGJ3GRPACACFFIZM,1785451645,1785451653,ACC-YRPLDQBRRHOQWDM6Q3WWM3VAWM,TOKEN-ECQWOR2PMLGQQWK6PAJNTZGLJI,17437,settled_streaming,1,1785451653
TOKEN-FOTEZZTHTW4GQBHC5PYFQBRGMQ,1785451648,1785451657,ACC-YRPLDQBRRHOQWDM6Q3WWM3VAWM,TOKEN-EPZYGTOBRV2JSHKMNTBY6FBKIQ,96127,settled_streaming,1,1785451657
TOKEN-XSMCDZZPSTWQF2QL3NID6TNXHI,1785451649,1785451653,ACC-YRPLDQBRRHOQWDM6Q3WWM3VAWM,TOKEN-2G3U27AXVVRRARGOAONPZ3XY2A,327,settled_streaming,1,1785451653
TOKEN-2GQJYPWFDQYT5RBJYRSMIOKM34,1785451653,1785451660,ACC-YRPLDQBRRHOQWDM6Q3WWM3VAWM,TOKEN-ECQWOR2PMLGQQWK6PAJNTZGLJI,18049,settled_streaming,1,1785451660
TOKEN-SIWSAUFK2YJXPISRJIDUUCJZGM,1785451654,1785451674,ACC-YRPLDQBRRHOQWDM6Q3WWM3VAWM,TOKEN-V5OEWMEPFRHGNJ6EMHUN375SEM,560,settled_streaming,1,1785451674
TOKEN-VQ5VCQKG6KT2NV56DYK6XL4DMU,1785451657,1785451663,ACC-YRPLDQBRRHOQWDM6Q3WWM3VAWM,TOKEN-Q4SYBOZQZLMGG2OQ3UODC45XGA,327,settled_streaming,1,1785451663
TOKEN-UCHNH72T4X3HBA2L5LVCJLSOK4,1785451658,1785451734,ACC-YRPLDQBRRHOQWDM6Q3WWM3VAWM,TOKEN-HLL4W2PI4DMEJFTPBY7I7XBS2A,376,settled_streaming,1,1785451734
TOKEN-K24DRVR6GWJASAU6FGM5V55FMI,1785451659,1785451662,ACC-YRPLDQBRRHOQWDM6Q3WWM3VAWM,TOKEN-QBWKIE2XA3FJKHU2JHSHU5UT6U,285660,settled_streaming,1,1785451662
TOKEN-64GOKMJ47FYEQAU7G25K7AFA4I,1785451661,1785451681,ACC-YRPLDQBRRHOQWDM6Q3WWM3VAWM,TOKEN-ECQWOR2PMLGQQWK6PAJNTZGLJI,24899,settled_streaming,1,1785451681
TOKEN-PBR3GBJEQ2ZT7MRABCHQZYTBIY,1785451662,1785451672,ACC-YRPLDQBRRHOQWDM6Q3WWM3VAWM,TOKEN-EPZYGTOBRV2JSHKMNTBY6FBKIQ,98405,settled_streaming,1,1785451672
TOKEN-2FL3GVFWY4UETR5ZQQXTE5ZWEA,1785451663,1785451670,ACC-YRPLDQBRRHOQWDM6Q3WWM3VAWM,TOKEN-FMECE3ACOPP6KVRUZNDPOF724A,761,settled_streaming,1,1785451670
TOKEN-7WXZ3HCNVZCFNX4S62QXCYA4A4,1785451668,1785451680,ACC-YRPLDQBRRHOQWDM6Q3WWM3VAWM,TOKEN-QBWKIE2XA3FJKHU2JHSHU5UT6U,285924,settled_streaming,1,1785451680
TOKEN-ZKGOVETKISZGNGDFVYMMDTIF2Y,1785451673,1785451678,ACC-YRPLDQBRRHOQWDM6Q3WWM3VAWM,TOKEN-OPFANM66IX2SVHFOIZ5DB42IXQ,10648,settled_streaming,1,1785451678
TOKEN-RLB5QWINCHGPFH3LLNML55ZGXU,1785451674,1785451692,ACC-YRPLDQBRRHOQWDM6Q3WWM3VAWM,TOKEN-CBT2XBBNUXBBFKCH5BFIGIFOLE,384,settled_streaming,1,1785451692
TOKEN-J4FFTG5VUJTE2C7RP3QU65BOSE,1785451679,1785451689,ACC-YRPLDQBRRHOQWDM6Q3WWM3VAWM,TOKEN-EPZYGTOBRV2JSHKMNTBY6FBKIQ,100541,settled_streaming,1,1785451689
TOKEN-5RNIVKG3G5O46MNNE6X42ECPRE,1785451679,1785451685,ACC-YRPLDQBRRHOQWDM6Q3WWM3VAWM,TOKEN-NUTC6JVJJZICMKLLQVGX62S5QU,378,settled_streaming,1,1785451685
TOKEN-ZTX6FHCDKIJKNY7PTLQB35TUGA,1785451681,1785451690,ACC-YRPLDQBRRHOQWDM6Q3WWM3VAWM,TOKEN-ECQWOR2PMLGQQWK6PAJNTZGLJI,26548,settled_streaming,1,1785451690
TOKEN-H675IQQOTWMAUTMPDBMPTOPVXE,1785451684,1785451692,ACC-YRPLDQBRRHOQWDM6Q3WWM3VAWM,TOKEN-ECQWOR2PMLGQQWK6PAJNTZGLJI,18420,settled_streaming,1,1785451692
TOKEN-QUG77ELI5W67CYBP3A54F4SGW4,1785451686,1785451690,ACC-YRPLDQBRRHOQWDM6Q3WWM3VAWM,TOKEN-GFAARLEPERCZRIJL5PZHCJI7AU,408,settled_streaming,1,1785451690
TOKEN-6YZB6SDWHS7XFELJJDYBC6MLTA,1785451690,1785451698,ACC-YRPLDQBRRHOQWDM6Q3WWM3VAWM,TOKEN-ECQWOR2PMLGQQWK6PAJNTZGLJI,18460,settled_streaming,1,1785451698
TOKEN-MAK2A47KPSIC6V6IFT4YJEGI2E,1785451690,1785451695,ACC-YRPLDQBRRHOQWDM6Q3WWM3VAWM,TOKEN-PDSCPZ2ZSMT7ORN3DMCGLHTEMI,463,settled_streaming,1,1785451695
TOKEN-TD672QGUDTTQIC4WS5RQNASXLI,1785451691,1785451697,ACC-YRPLDQBRRHOQWDM6Q3WWM3VAWM,TOKEN-QBWKIE2XA3FJKHU2JHSHU5UT6U,286865,settled_streaming,1,1785451697
TOKEN-YEX6Y3ZZEC2JP36L4ZURKUBMNQ,1785451692,1785451700,ACC-YRPLDQBRRHOQWDM6Q3WWM3VAWM,TOKEN-PDREH6XDDGYDRWLYJI2KNGWULU,499,settled_streaming,1,1785451700
TOKEN-326WFQZ2XHLD3YHFJSR5KPJQDQ,1785451692,1785451696,ACC-YRPLDQBRRHOQWDM6Q3WWM3VAWM,TOKEN-ECQWOR2PMLGQQWK6PAJNTZGLJI,19703,settled_streaming,1,1785451696
TOKEN-4A7WTPE7MCQL2G5JI63S7X2VX4,1785451692,1785451697,ACC-YRPLDQBRRHOQWDM6Q3WWM3VAWM,TOKEN-ECQWOR2PMLGQQWK6PAJNTZGLJI,26943,settled_streaming,1,1785451697
TOKEN-SK7KUH6Y3OOEZJ3W2P3EPREROU,1785451693,1785451707,ACC-YRPLDQBRRHOQWDM6Q3WWM3VAWM,TOKEN-EPZYGTOBRV2JSHKMNTBY6FBKIQ,102754,settled_streaming,1,1785451707
TOKEN-22ER5VUJKBJG7JZMSFSPDDLW2I,1785451695,1785451699,ACC-YRPLDQBRRHOQWDM6Q3WWM3VAWM,TOKEN-JOPQBGJHKNV3Q47W2ZSXLJ3LHU,481,settled_streaming,1,1785451699
TOKEN-BRTHQ65OUXOSVK3OUPS2CUOKLY,1785451696,1785451700,ACC-YRPLDQBRRHOQWDM6Q3WWM3VAWM,TOKEN-ECQWOR2PMLGQQWK6PAJNTZGLJI,22082,settled_streaming,1,1785451700
TOKEN-5JK4E3UDTHG4HFWZJHLDXBHY4U,1785451698,1785451703,ACC-YRPLDQBRRHOQWDM6Q3WWM3VAWM,TOKEN-ECQWOR2PMLGQQWK6PAJNTZGLJI,27320,settled_streaming,1,1785451703
TOKEN-57FQGVR7J6O22P7TEZ6HHO5PUM,1785451698,1785451704,ACC-YRPLDQBRRHOQWDM6Q3WWM3VAWM,TOKEN-ECQWOR2PMLGQQWK6PAJNTZGLJI,18442,settled_streaming,1,1785451704
TOKEN-MFD6UQRARX76KEDZ3NFFQ6PQHQ,1785451699,1785451701,ACC-YRPLDQBRRHOQWDM6Q3WWM3VAWM,TOKEN-ECQWOR2PMLGQQWK6PAJNTZGLJI,21070,settled_streaming,1,1785451701
TOKEN-UZZ2JPGRQYZOTGKADQXLPZ4QLQ,1785451699,1785451711,ACC-YRPLDQBRRHOQWDM6Q3WWM3VAWM,TOKEN-JGTKM66FGBDZWCFZIRYECHJVXA,504,settled_streaming,1,1785451711
TOKEN-RESEQ2VIUUX67UKH5WPENCRQOA,1785451700,1785451710,ACC-YRPLDQBRRHOQWDM6Q3WWM3VAWM,TOKEN-K5JDHQQ4YWUNTNMSIS2ETFMTDU,10493,settled_streaming,1,1785451710
TOKEN-EJ2ACFPHLPGVMXBO5IQJN6XGU4,1785451700,1785451704,ACC-YRPLDQBRRHOQWDM6Q3WWM3VAWM,TOKEN-ECQWOR2PMLGQQWK6PAJNTZGLJI,23698,settled_streaming,1,1785451704
TOKEN-76YRB57IBT67O6EYBLLFDZMNPI,1785451702,1785451711,ACC-YRPLDQBRRHOQWDM6Q3WWM3VAWM,TOKEN-ECQWOR2PMLGQQWK6PAJNTZGLJI,22683,settled_streaming,1,1785451711
TOKEN-25BGPT2YGB5PHRPJZTEMKIRGCM,1785451704,1785451714,ACC-YRPLDQBRRHOQWDM6Q3WWM3VAWM,TOKEN-ECQWOR2PMLGQQWK6PAJNTZGLJI,24711,settled_streaming,1,1785451714
TOKEN-IM3VTJ5S53ELY6QIM5POOCPE6I,1785451704,1785451714,ACC-YRPLDQBRRHOQWDM6Q3WWM3VAWM,TOKEN-ECQWOR2PMLGQQWK6PAJNTZGLJI,29911,settled_streaming,1,1785451714
TOKEN-O5RN24AG6TS4ZY2S3TCLW2NJ3M,1785451705,1785451708,ACC-YRPLDQBRRHOQWDM6Q3WWM3VAWM,TOKEN-ECQWOR2PMLGQQWK6PAJNTZGLJI,21042,settled_streaming,1,1785451708
TOKEN-J7YUJEAJPHT4ANX77LSRRYOO6U,1785451708,1785451727,ACC-YRPLDQBRRHOQWDM6Q3WWM3VAWM,TOKEN-ECQWOR2PMLGQQWK6PAJNTZGLJI,22656,settled_streaming,1,1785451727
TOKEN-JDS2XMMA22A772U2VRPBMHSEQY,1785451710,1785451714,ACC-YRPLDQBRRHOQWDM6Q3WWM3VAWM,TOKEN-QBWKIE2XA3FJKHU2JHSHU5UT6U,287127,settled_streaming,1,1785451714
TOKEN-SGR4H2YHOGN6UV7M2IKJFYZDZM,1785451711,1785451721,ACC-YRPLDQBRRHOQWDM6Q3WWM3VAWM,TOKEN-BIQNQNCGJOYCMG3MNKYQIZM6HY,10891,settled_streaming,1,1785451721
TOKEN-THVBY4BFZTG2JBXQYJBOULA5Q4,1785451712,1785451733,ACC-YRPLDQBRRHOQWDM6Q3WWM3VAWM,TOKEN-VC3DC3KG4C4UCYDATSLSOSWTD4,8079,settled_streaming,1,1785451733
TOKEN-DFWXFYYXGMQX4S3Z7WBCLBMFT4,1785451714,1785451722,ACC-YRPLDQBRRHOQWDM6Q3WWM3VAWM,TOKEN-ECQWOR2PMLGQQWK6PAJNTZGLJI,32396,settled_streaming,1,1785451722
TOKEN-UIX2IESDQRWCEG36IMPCORL2YA,1785451715,1785451719,ACC-YRPLDQBRRHOQWDM6Q3WWM3VAWM,TOKEN-ECQWOR2PMLGQQWK6PAJNTZGLJI,23358,settled_streaming,1,1785451719
TOKEN-67TIUZ3ZYPTPDWICIX7RYALODA,1785451715,1785451728,ACC-YRPLDQBRRHOQWDM6Q3WWM3VAWM,TOKEN-ECQWOR2PMLGQQWK6PAJNTZGLJI,31349,settled_streaming,1,1785451728
TOKEN-XLD3LMYF5GRDFMJVS7UIDKXFA4,1785451720,1785451723,ACC-YRPLDQBRRHOQWDM6Q3WWM3VAWM,TOKEN-EPZYGTOBRV2JSHKMNTBY6FBKIQ,103613,settled_streaming,1,1785451723
TOKEN-GHVPMR3VY6V2TXDWGJDXCELN2M,1785451722,1785451740,ACC-YRPLDQBRRHOQWDM6Q3WWM3VAWM,TOKEN-3HG2C2QGNSVRASVP3NSAVQMGEA,2035,settled_streaming,1,1785451740
TOKEN-3MIQFHTRRETQVYPXMLRAMWCUN4,1785451722,1785451767,ACC-YRPLDQBRRHOQWDM6Q3WWM3VAWM,TOKEN-ECQWOR2PMLGQQWK6PAJNTZGLJI,35702,settled_streaming,1,1785451767
TOKEN-HKWY2JR43FOIGBZA2BUPTEBT5E,1785451724,1785451728,ACC-YRPLDQBRRHOQWDM6Q3WWM3VAWM,TOKEN-ECQWOR2PMLGQQWK6PAJNTZGLJI,23930,settled_streaming,1,1785451728
TOKEN-4FZYAW7PIYP5MMAJTP6GVRHRCI,1785451726,1785451733,ACC-YRPLDQBRRHOQWDM6Q3WWM3VAWM,TOKEN-QBWKIE2XA3FJKHU2JHSHU5UT6U,287593,settled_streaming,1,1785451733
TOKEN-TZCFMGAGSO4LE4D4PYYS5J72Z4,1785451729,1785451740,ACC-YRPLDQBRRHOQWDM6Q3WWM3VAWM,TOKEN-ECQWOR2PMLGQQWK6PAJNTZGLJI,32982,settled_streaming,1,1785451740
TOKEN-BT2ITG7VZI7HZEJTMRZYOBNKJQ,1785451732,1785451734,ACC-YRPLDQBRRHOQWDM6Q3WWM3VAWM,TOKEN-ECQWOR2PMLGQQWK6PAJNTZGLJI,23887,settled_streaming,1,1785451734
TOKEN-HZH2GQQ7PMSAM52LE2HPGRTVPE,1785451733,1785451742,ACC-YRPLDQBRRHOQWDM6Q3WWM3VAWM,TOKEN-ECQWOR2PMLGQQWK6PAJNTZGLJI,24499,stream_interrupted_compensated,1,1785451742
TOKEN-FUKUBYAMXFDEKO56EKTJOQQMXA,1785451733,1785451751,ACC-YRPLDQBRRHOQWDM6Q3WWM3VAWM,TOKEN-5PJWMMFZNLVZ5H5JEM7QFKTSNQ,1916,settled_streaming,1,1785451751
TOKEN-3Z3E5JBZEGFBGVSCYLNYCJS63A,1785451735,1785451740,ACC-YRPLDQBRRHOQWDM6Q3WWM3VAWM,TOKEN-QBWKIE2XA3FJKHU2JHSHU5UT6U,287857,settled_streaming,1,1785451740
TOKEN-NLBH6PB5MFKMODJIR26JL6ZVYM,1785451735,1785451754,ACC-YRPLDQBRRHOQWDM6Q3WWM3VAWM,TOKEN-TZ4TT4UK3NCOI2PEEE3FDMIGPQ,17010,settled_streaming,1,1785451754
TOKEN-LBD3ZUPMVJO3U6CXIVGFAKCWVI,1785451739,1785451747,ACC-YRPLDQBRRHOQWDM6Q3WWM3VAWM,TOKEN-ECQWOR2PMLGQQWK6PAJNTZGLJI,24450,settled_streaming,1,1785451747
TOKEN-55VADU3ZR63AQXAJXIPCG2YIWQ,1785451739,1785451749,ACC-YRPLDQBRRHOQWDM6Q3WWM3VAWM,TOKEN-EPZYGTOBRV2JSHKMNTBY6FBKIQ,104052,settled_streaming,1,1785451749
TOKEN-2RMJ3PHKNLHQV2LJKXRNRWZJU4,1785451741,1785451751,ACC-YRPLDQBRRHOQWDM6Q3WWM3VAWM,TOKEN-QBWKIE2XA3FJKHU2JHSHU5UT6U,288469,settled_streaming,1,1785451751
TOKEN-DKI2TT7VUXIBPQ44ONEELIGQRQ,1785451741,1785451749,ACC-YRPLDQBRRHOQWDM6Q3WWM3VAWM,TOKEN-6P2N4HZNKI3MJXJYM7MO4YQVLU,1499,settled_streaming,1,1785451749
TOKEN-S7JRNIBQBLNQXKIPL3NZL4AHTQ,1785451742,1785451758,ACC-YRPLDQBRRHOQWDM6Q3WWM3VAWM,TOKEN-ECQWOR2PMLGQQWK6PAJNTZGLJI,28041,settled_streaming,1,1785451758
TOKEN-JLCOWDLDCDDEUY7N7P4HRJPFAU,1785451745,1785451772,ACC-YRPLDQBRRHOQWDM6Q3WWM3VAWM,TOKEN-ECQWOR2PMLGQQWK6PAJNTZGLJI,34218,settled_streaming,1,1785451772
TOKEN-5HMDK6PAPDUAELRXCJPKBJTTSE,1785451749,1785451756,ACC-YRPLDQBRRHOQWDM6Q3WWM3VAWM,TOKEN-ECQWOR2PMLGQQWK6PAJNTZGLJI,28097,settled_streaming,1,1785451756
TOKEN-IQNL2O7BEP6NYZ4GMWVH36ZGIY,1785451750,1785451755,ACC-YRPLDQBRRHOQWDM6Q3WWM3VAWM,TOKEN-PXEXSJBOFLJ5IQX3XDXVUKF64M,763,settled_streaming,1,1785451755
TOKEN-J35D57RCQ4NYUVOQFD3LSEXSYY,1785451751,1785451824,ACC-YRPLDQBRRHOQWDM6Q3WWM3VAWM,TOKEN-IUZLBZDRZHHKA3L7WO7AAXKFXA,1333,settled_streaming,1,1785451824
TOKEN-2ENRF2PQRWSOTJBBZTELKRSYUU,1785451754,1785451761,ACC-YRPLDQBRRHOQWDM6Q3WWM3VAWM,TOKEN-4CSHC2IS2C4PKJW7J3NET5JSDU,467,settled_streaming,1,1785451761
TOKEN-3AVABCWV66L3354TYIJD6G3ERI,1785451755,1785451763,ACC-YRPLDQBRRHOQWDM6Q3WWM3VAWM,TOKEN-JVXQMM3EA4IINTK72OIZX6BTO4,7801,settled_streaming,1,1785451763
TOKEN-GDNZGVPODFESJNSUUSLRJG4SMM,1785451756,1785451766,ACC-YRPLDQBRRHOQWDM6Q3WWM3VAWM,TOKEN-ECQWOR2PMLGQQWK6PAJNTZGLJI,29172,settled_streaming,1,1785451766
TOKEN-475K4YP7VQ57A7J6TSW5WIHAOM,1785451759,1785451769,ACC-YRPLDQBRRHOQWDM6Q3WWM3VAWM,TOKEN-ECQWOR2PMLGQQWK6PAJNTZGLJI,34026,settled_streaming,1,1785451769
TOKEN-BHQDZHPWP2FG7WOQT6WUZDYMTU,1785451762,1785451764,ACC-YRPLDQBRRHOQWDM6Q3WWM3VAWM,TOKEN-EPZYGTOBRV2JSHKMNTBY6FBKIQ,104825,settled_streaming,1,1785451764
TOKEN-BBQGXIB4UTNLMYEAC53BIRTZAE,1785451762,1785451765,ACC-YRPLDQBRRHOQWDM6Q3WWM3VAWM,TOKEN-QBWKIE2XA3FJKHU2JHSHU5UT6U,289043,settled_streaming,1,1785451765
TOKEN-TSLCVMUYPXTNXZGNMRP5HK2PZI,1785451763,1785451771,ACC-YRPLDQBRRHOQWDM6Q3WWM3VAWM,TOKEN-DLLMQABA5DVVQIXKZRE22AN32A,4368,settled_streaming,1,1785451771
TOKEN-LUMDA4FEBZWZWHK3Z7NFCVQUQM,1785451767,1785451777,ACC-YRPLDQBRRHOQWDM6Q3WWM3VAWM,TOKEN-ECQWOR2PMLGQQWK6PAJNTZGLJI,41493,settled_streaming,1,1785451777
TOKEN-ZUNYKZKDU5LKKLZQHAGOA6J7RM,1785451768,1785451775,ACC-YRPLDQBRRHOQWDM6Q3WWM3VAWM,TOKEN-ECQWOR2PMLGQQWK6PAJNTZGLJI,30057,settled_streaming,1,1785451775
TOKEN-2XHSMJLMZHFJP57I7YTXXZ4EM4,1785451769,1785451773,ACC-YRPLDQBRRHOQWDM6Q3WWM3VAWM,TOKEN-SXBN2DFDANQUJVHWRIWA42S37A,533,settled_streaming,1,1785451773
TOKEN-2XN5SEUVRI6QAZWCGOPGT5XBHY,1785451770,1785451776,ACC-YRPLDQBRRHOQWDM6Q3WWM3VAWM,TOKEN-ECQWOR2PMLGQQWK6PAJNTZGLJI,36242,settled_streaming,1,1785451776
TOKEN-MCX3QE6L72325EWGXCAJD37YIU,1785451771,1785451776,ACC-YRPLDQBRRHOQWDM6Q3WWM3VAWM,TOKEN-OBAOSG62FVABYYG63JHEMX2UYQ,4512,settled_streaming,1,1785451776
TOKEN-3RQPB6WDXBJ7ELWTYBXFVFOCL4,1785451776,1785451783,ACC-YRPLDQBRRHOQWDM6Q3WWM3VAWM,TOKEN-ECQWOR2PMLGQQWK6PAJNTZGLJI,36320,settled_streaming,1,1785451783
TOKEN-CNRTN2Q7OUVRYYUTI2Y4CE4BOA,1785451776,1785451785,ACC-YRPLDQBRRHOQWDM6Q3WWM3VAWM,TOKEN-EPZYGTOBRV2JSHKMNTBY6FBKIQ,105264,settled_streaming,1,1785451785
TOKEN-6N6GZELFWXWFXUZ5QOJWRYKVT4,1785451777,1785451783,ACC-YRPLDQBRRHOQWDM6Q3WWM3VAWM,TOKEN-ECQWOR2PMLGQQWK6PAJNTZGLJI,30794,settled_streaming,1,1785451783
TOKEN-XJSVGYAP5VRAPQ7EZQQUKSRUHA,1785451777,1785451812,ACC-YRPLDQBRRHOQWDM6Q3WWM3VAWM,TOKEN-PEZ2FH7JD4KFETWAVSKDZ3T5HI,4459,settled_streaming,1,1785451812
TOKEN-C5HPPL2N6F3MDF3Z7PRLOE2KGY,1785451778,1785451785,ACC-YRPLDQBRRHOQWDM6Q3WWM3VAWM,TOKEN-HKHOI5CYVJ7SPZIWPFGUFJSHNU,389,settled_streaming,1,1785451785
TOKEN-JROPYFCGRENPRCGTZVDHPTGYBE,1785451778,1785451785,ACC-YRPLDQBRRHOQWDM6Q3WWM3VAWM,TOKEN-ECQWOR2PMLGQQWK6PAJNTZGLJI,42568,settled_streaming,1,1785451785
TOKEN-MB2RPGYKBJ4DOXFKAGNZK2JAN4,1785451781,1785451787,ACC-YRPLDQBRRHOQWDM6Q3WWM3VAWM,TOKEN-QBWKIE2XA3FJKHU2JHSHU5UT6U,289306,settled_streaming,1,1785451787
TOKEN-SDFVUR2IGHVXZFMEBH6H5GM3C4,1785451782,1785451799,ACC-YRPLDQBRRHOQWDM6Q3WWM3VAWM,TOKEN-ECQWOR2PMLGQQWK6PAJNTZGLJI,38867,settled_streaming,1,1785451799
TOKEN-ESQFYKMVRWLXSXWV344ZXJB3OY,1785451785,1785451793,ACC-YRPLDQBRRHOQWDM6Q3WWM3VAWM,TOKEN-ECQWOR2PMLGQQWK6PAJNTZGLJI,42325,settled_streaming,1,1785451793
TOKEN-GWBYM6SVSVHOZLI3SEEWFH5MJQ,1785451786,1785451795,ACC-YRPLDQBRRHOQWDM6Q3WWM3VAWM,TOKEN-ECQWOR2PMLGQQWK6PAJNTZGLJI,43378,settled_streaming,1,1785451795
TOKEN-5LHJKTZDS7PIOQEYWF4T47QERU,1785451786,1785451796,ACC-YRPLDQBRRHOQWDM6Q3WWM3VAWM,TOKEN-ECQWOR2PMLGQQWK6PAJNTZGLJI,41582,settled_streaming,1,1785451796
TOKEN-IX6HEULIHWFQ2TIWZ4WJWPLXQM,1785451789,1785451794,ACC-YRPLDQBRRHOQWDM6Q3WWM3VAWM,TOKEN-EH45TZZB4QJB2CB3GCZIOERHW4,2011,settled_streaming,1,1785451794
TOKEN-PNK4UAZGSIZT3HZJFF7VXDS2BM,1785451793,1785451799,ACC-YRPLDQBRRHOQWDM6Q3WWM3VAWM,TOKEN-EPZYGTOBRV2JSHKMNTBY6FBKIQ,106592,settled_streaming,1,1785451799
TOKEN-P5DR3WAHRHX7VBDFOAB33AT7XU,1785451795,1785451800,ACC-YRPLDQBRRHOQWDM6Q3WWM3VAWM,TOKEN-ECQWOR2PMLGQQWK6PAJNTZGLJI,44660,settled_streaming,1,1785451800
TOKEN-S5WKT67TFLLPVZEIERZGCGOMDM,1785451796,1785451800,ACC-YRPLDQBRRHOQWDM6Q3WWM3VAWM,TOKEN-ECQWOR2PMLGQQWK6PAJNTZGLJI,48860,settled_streaming,1,1785451800
TOKEN-MRWYULV3TQLT2XQQTOHSX2FMRY,1785451797,1785451835,ACC-YRPLDQBRRHOQWDM6Q3WWM3VAWM,TOKEN-ECQWOR2PMLGQQWK6PAJNTZGLJI,42456,settled_streaming,1,1785451835
TOKEN-I7OCXIX3AXO3SF3U7V3OX34B2M,1785451798,1785451804,ACC-YRPLDQBRRHOQWDM6Q3WWM3VAWM,TOKEN-QBWKIE2XA3FJKHU2JHSHU5UT6U,289771,settled_streaming,1,1785451804
TOKEN-KDLZTRM2YWIWEW22GYNHFMTPUE,1785451799,1785451801,ACC-YRPLDQBRRHOQWDM6Q3WWM3VAWM,TOKEN-DEDDFPKKP2OP4KSXRK7NQGSDVM,327,settled_streaming,1,1785451801
TOKEN-3SXF6DKKYZ6ZDUIBO3VXUWEPDQ,1785451800,1785451893,ACC-YRPLDQBRRHOQWDM6Q3WWM3VAWM,TOKEN-ECQWOR2PMLGQQWK6PAJNTZGLJI,45708,settled_streaming,1,1785451893
TOKEN-3GSLY2Y7HEX76VLWIEKOPHPQSQ,1785451803,1785451809,ACC-YRPLDQBRRHOQWDM6Q3WWM3VAWM,TOKEN-ECQWOR2PMLGQQWK6PAJNTZGLJI,60693,settled_streaming,1,1785451809
TOKEN-K65NM4DOCMGENGUINXWTID47HU,1785451805,1785451811,ACC-YRPLDQBRRHOQWDM6Q3WWM3VAWM,TOKEN-EPZYGTOBRV2JSHKMNTBY6FBKIQ,109247,settled_streaming,1,1785451811
TOKEN-SMUHKCCHZ7SQJT3LT5YWFLUMKI,1785451806,1785451812,ACC-YRPLDQBRRHOQWDM6Q3WWM3VAWM,TOKEN-TE5FSDG6DR6KHXSCKSW5L6DM3Q,327,settled_streaming,1,1785451812
TOKEN-C4AVOHQUQVAHRAG4QZZZPVGWIM,1785451807,1785451821,ACC-YRPLDQBRRHOQWDM6Q3WWM3VAWM,TOKEN-QBWKIE2XA3FJKHU2JHSHU5UT6U,290035,settled_streaming,1,1785451821
TOKEN-KZYW2CVPMI7S5BGWYR7JOVVR3M,1785451810,1785451818,ACC-YRPLDQBRRHOQWDM6Q3WWM3VAWM,TOKEN-ECQWOR2PMLGQQWK6PAJNTZGLJI,40185,settled_streaming,1,1785451818
TOKEN-RP6KCGVRDXK7ME3PXSOHEIXORM,1785451811,1785451818,ACC-YRPLDQBRRHOQWDM6Q3WWM3VAWM,TOKEN-ECQWOR2PMLGQQWK6PAJNTZGLJI,63163,settled_streaming,1,1785451818
TOKEN-ELM7T2Y6DLTSX2JEEVMFDFCJBI,1785451816,1785451825,ACC-YRPLDQBRRHOQWDM6Q3WWM3VAWM,TOKEN-6WS5IFLQOKXMAAD5V2YBX2KOM4,2283,settled_streaming,1,1785451825
TOKEN-I2FTYFHVMVZOHFP5CJ7TDE35ZE,1785451819,1785451823,ACC-YRPLDQBRRHOQWDM6Q3WWM3VAWM,TOKEN-ECQWOR2PMLGQQWK6PAJNTZGLJI,63698,settled_streaming,1,1785451823
TOKEN-NUVSBD5GWMIME3QX7NKLYQPKFQ,1785451819,1785451825,ACC-YRPLDQBRRHOQWDM6Q3WWM3VAWM,TOKEN-ECQWOR2PMLGQQWK6PAJNTZGLJI,40918,settled_streaming,1,1785451825
TOKEN-5E2VFJJUJUOGH7RQWAIQJ4HADY,1785451819,1785451824,ACC-YRPLDQBRRHOQWDM6Q3WWM3VAWM,TOKEN-EPZYGTOBRV2JSHKMNTBY6FBKIQ,110985,settled_streaming,1,1785451824
TOKEN-NVYY3IQWRUDG7GG34KJPCGUMTA,1785451819,1785451931,ACC-YRPLDQBRRHOQWDM6Q3WWM3VAWM,TOKEN-J5U2UWGWQRLN55Z5FF4FGTICN4,597,settled_streaming,1,1785451931
TOKEN-WG2WJ7S3NDH7SMUPJ4XNLG6X3E,1785451824,1785451872,ACC-YRPLDQBRRHOQWDM6Q3WWM3VAWM,TOKEN-JZSEHTWD7BYCTNJAYNDMPGNZL4,390,settled_streaming,1,1785451873
TOKEN-QQNXYPCKGPWV4SIAEQA34O4ZNY,1785451825,1785451829,ACC-YRPLDQBRRHOQWDM6Q3WWM3VAWM,TOKEN-ECQWOR2PMLGQQWK6PAJNTZGLJI,41573,settled_streaming,1,1785451829
TOKEN-OZYRG6RPGECRR5JP7PU33TISLU,1785451826,1785452017,ACC-YRPLDQBRRHOQWDM6Q3WWM3VAWM,TOKEN-ECQWOR2PMLGQQWK6PAJNTZGLJI,65785,settled_streaming,1,1785452017
TOKEN-ADIJ4DPEKDSZHY6PUV6UVFSZ5Y,1785451827,1785451834,ACC-YRPLDQBRRHOQWDM6Q3WWM3VAWM,TOKEN-EPZYGTOBRV2JSHKMNTBY6FBKIQ,111539,settled_streaming,1,1785451834
TOKEN-5OCUJRRD5TAD6QTF4KAXR3X2YE,1785451829,1785451843,ACC-YRPLDQBRRHOQWDM6Q3WWM3VAWM,TOKEN-ECQWOR2PMLGQQWK6PAJNTZGLJI,42148,settled_streaming,1,1785451843
TOKEN-3FXYGTOBKQ6LLKNZ5Q2KA6B6TA,1785451832,1785451842,ACC-YRPLDQBRRHOQWDM6Q3WWM3VAWM,TOKEN-YAJS5FOKD2TRQTQCJEXZ636ZDQ,11734,settled_streaming,1,1785451843
TOKEN-NGKRT6IHLMNG2EJQTT6JH4CP2Y,1785451832,1785451839,ACC-YRPLDQBRRHOQWDM6Q3WWM3VAWM,TOKEN-QBWKIE2XA3FJKHU2JHSHU5UT6U,290914,settled_streaming,1,1785451839
TOKEN-FBDQE77OLTZ53QWMJWEU7ZAZ2I,1785451837,1785451848,ACC-YRPLDQBRRHOQWDM6Q3WWM3VAWM,TOKEN-EPZYGTOBRV2JSHKMNTBY6FBKIQ,112067,settled_streaming,1,1785451848
TOKEN-YULYV45FGNDOVTYRH5M5AMTRVA,1785451843,1785451850,ACC-YRPLDQBRRHOQWDM6Q3WWM3VAWM,TOKEN-ECQWOR2PMLGQQWK6PAJNTZGLJI,43251,settled_streaming,1,1785451850
TOKEN-TMKRILTIOZXZIVW6BMNP3RWWZE,1785451846,1785451849,ACC-YRPLDQBRRHOQWDM6Q3WWM3VAWM,TOKEN-ECQWOR2PMLGQQWK6PAJNTZGLJI,45566,settled_streaming,1,1785451849
TOKEN-AYIRWY7K7XNQGDBKZ5DZTFG5KI,1785451850,1785451866,ACC-YRPLDQBRRHOQWDM6Q3WWM3VAWM,TOKEN-4X6XARECSNSLD2ON4QH2KWE5RM,11226,settled_streaming,1,1785451866
TOKEN-CEADMLNURHTP6FAFXD4PRJOG3M,1785451851,1785451859,ACC-YRPLDQBRRHOQWDM6Q3WWM3VAWM,TOKEN-QBWKIE2XA3FJKHU2JHSHU5UT6U,291176,settled_streaming,1,1785451859
TOKEN-JGF3KT5TYXD5E2GZZBOIQWZXU4,1785451853,1785451858,ACC-YRPLDQBRRHOQWDM6Q3WWM3VAWM,TOKEN-EPZYGTOBRV2JSHKMNTBY6FBKIQ,112710,settled_streaming,1,1785451858
TOKEN-FUCTV62AT6YY3KRZHSGZW6GMYM,1785451855,1785451871,ACC-YRPLDQBRRHOQWDM6Q3WWM3VAWM,TOKEN-ECQWOR2PMLGQQWK6PAJNTZGLJI,43833,settled_streaming,1,1785451871
TOKEN-5ZKL2ND3MN2TQBUQK7T7PWTPVA,1785451857,1785451867,ACC-YRPLDQBRRHOQWDM6Q3WWM3VAWM,TOKEN-ECQWOR2PMLGQQWK6PAJNTZGLJI,46110,settled_streaming,1,1785451867
TOKEN-ERB5YFIKBPG7VRHQNU6KMYSG6A,1785451861,1785451886,ACC-YRPLDQBRRHOQWDM6Q3WWM3VAWM,TOKEN-EPZYGTOBRV2JSHKMNTBY6FBKIQ,114628,settled_streaming,1,1785451886
TOKEN-W3WL5F6IT7RQHCDQWB5PHQOJW4,1785451869,1785451887,ACC-YRPLDQBRRHOQWDM6Q3WWM3VAWM,TOKEN-ECQWOR2PMLGQQWK6PAJNTZGLJI,47080,settled_streaming,1,1785451887
TOKEN-YH5A2W4WNMSOCZMZFBT5MONELE,1785451870,1785451876,ACC-YRPLDQBRRHOQWDM6Q3WWM3VAWM,TOKEN-QBWKIE2XA3FJKHU2JHSHU5UT6U,291642,settled_streaming,1,1785451876
TOKEN-OCF3R5FRUPSVMGD4AOGM5MPOQM,1785451870,1785451882,ACC-YRPLDQBRRHOQWDM6Q3WWM3VAWM,TOKEN-4QOTEZAEJ4ODQWYLJNZUKYIY3I,387,settled_streaming,1,1785451882
TOKEN-QKX7NGKMDRTJL43OJHVOBLK7SM,1785451873,1785451879,ACC-YRPLDQBRRHOQWDM6Q3WWM3VAWM,TOKEN-MOWFARWPPBZV4QLWPETAV33COA,393,settled_streaming,1,1785451879
TOKEN-EWLWO7IKGGLLUD5WJUJXU4MJ3I,1785451874,1785451880,ACC-YRPLDQBRRHOQWDM6Q3WWM3VAWM,TOKEN-ECQWOR2PMLGQQWK6PAJNTZGLJI,49523,settled_streaming,1,1785451880
TOKEN-YU7OLFR6AC4CBPG3SMQNMZNU4Y,1785451879,1785451896,ACC-YRPLDQBRRHOQWDM6Q3WWM3VAWM,TOKEN-BUGZ5EGZ3XH4HMUDHNFZCS7SVQ,2719,settled_streaming,1,1785451896
TOKEN-CMTWEJCOPPNGSXJ73ERZB3MOSQ,1785451879,1785451893,ACC-YRPLDQBRRHOQWDM6Q3WWM3VAWM,TOKEN-QBWKIE2XA3FJKHU2JHSHU5UT6U,291906,settled_streaming,1,1785451893
TOKEN-DMK62GRS52IM2C2J6XYTK35FK4,1785451880,1785451885,ACC-YRPLDQBRRHOQWDM6Q3WWM3VAWM,TOKEN-ECQWOR2PMLGQQWK6PAJNTZGLJI,61101,settled_streaming,1,1785451885
TOKEN-I3E6EMJRAF6B53Z44LYOWJ6WZI,1785451886,1785451894,ACC-YRPLDQBRRHOQWDM6Q3WWM3VAWM,TOKEN-6LSSAUCMVHL7RDOCW6GZ3PTM5Y,469,settled_streaming,1,1785451894
TOKEN-C2ADDDXQ6WMNHOK57F7Z2GJPOU,1785451887,1785451921,ACC-YRPLDQBRRHOQWDM6Q3WWM3VAWM,TOKEN-ECQWOR2PMLGQQWK6PAJNTZGLJI,48098,settled_streaming,1,1785451921
TOKEN-62SJC7GHCEURYTMMTUO6FCMHQA,1785451888,1785451892,ACC-YRPLDQBRRHOQWDM6Q3WWM3VAWM,TOKEN-ECQWOR2PMLGQQWK6PAJNTZGLJI,61795,settled_streaming,1,1785451892
TOKEN-WGE3URK3ZHL4DCSILOVC3GFRSU,1785451891,1785451899,ACC-YRPLDQBRRHOQWDM6Q3WWM3VAWM,TOKEN-EPZYGTOBRV2JSHKMNTBY6FBKIQ,116027,settled_streaming,1,1785451899
TOKEN-SZ26A2Q7R3AIATGED62FF6XKXU,1785451893,1785451956,ACC-YRPLDQBRRHOQWDM6Q3WWM3VAWM,TOKEN-ECQWOR2PMLGQQWK6PAJNTZGLJI,53604,settled_streaming,1,1785451956
TOKEN-7VPDHUWMH5S6TBQXOHKWLYKOOY,1785451895,1785451902,ACC-YRPLDQBRRHOQWDM6Q3WWM3VAWM,TOKEN-ECQWOR2PMLGQQWK6PAJNTZGLJI,62453,settled_streaming,1,1785451902
TOKEN-GYKG7WHPADVBYDYZNEM6T5TWLA,1785451895,1785451904,ACC-YRPLDQBRRHOQWDM6Q3WWM3VAWM,TOKEN-QBWKIE2XA3FJKHU2JHSHU5UT6U,292507,settled_streaming,1,1785451904
TOKEN-QRYHFQVVWVYYVIMRHLE5TYAQ64,1785451896,1785451926,ACC-YRPLDQBRRHOQWDM6Q3WWM3VAWM,TOKEN-WGLU3GRH32TCUIL5LZZC6RKDPQ,3380,settled_streaming,1,1785451926
TOKEN-RPFLDDY53ZBYABXUOFC7YBYQCI,1785451901,1785451923,ACC-YRPLDQBRRHOQWDM6Q3WWM3VAWM,TOKEN-WVFNZAC5XLFKGJMUFUTBNDB2HU,1366,settled_streaming,1,1785451923
TOKEN-WOSAWHJA7JNHEDWGM723Z47L3Q,1785451904,1785451911,ACC-YRPLDQBRRHOQWDM6Q3WWM3VAWM,TOKEN-EPZYGTOBRV2JSHKMNTBY6FBKIQ,118029,settled_streaming,1,1785451911
TOKEN-BTMQPZCBQBYUFBFBCTXFJCDGTY,1785451906,1785451911,ACC-YRPLDQBRRHOQWDM6Q3WWM3VAWM,TOKEN-ECQWOR2PMLGQQWK6PAJNTZGLJI,62996,settled_streaming,1,1785451911
TOKEN-XFP7YO34TRMI3VZEMTFQG3K6JQ,1785451911,1785451917,ACC-YRPLDQBRRHOQWDM6Q3WWM3VAWM,TOKEN-ECQWOR2PMLGQQWK6PAJNTZGLJI,63847,settled_streaming,1,1785451917
TOKEN-G5VI5L3AFJ4J3OTK6CMMRWG6Z4,1785451915,1785451920,ACC-YRPLDQBRRHOQWDM6Q3WWM3VAWM,TOKEN-QBWKIE2XA3FJKHU2JHSHU5UT6U,293433,settled_streaming,1,1785451920
TOKEN-SEN6TG4EGTQOZWGIP4B6YPUHOE,1785451917,1785451932,ACC-YRPLDQBRRHOQWDM6Q3WWM3VAWM,TOKEN-EPZYGTOBRV2JSHKMNTBY6FBKIQ,124747,settled_streaming,1,1785451932
TOKEN-XBJQ72RWS4W5AIKWFLAZWVNW34,1785451917,1785451924,ACC-YRPLDQBRRHOQWDM6Q3WWM3VAWM,TOKEN-ECQWOR2PMLGQQWK6PAJNTZGLJI,65847,settled_streaming,1,1785451924
TOKEN-YBBURXVSDHCBCUC3K3DH47XY7E,1785451922,1785451926,ACC-YRPLDQBRRHOQWDM6Q3WWM3VAWM,TOKEN-ECQWOR2PMLGQQWK6PAJNTZGLJI,50395,settled_streaming,1,1785451926
TOKEN-FC4BUQPDLT4DBYG6Q5LT4TFYWQ,1785451924,1785451934,ACC-YRPLDQBRRHOQWDM6Q3WWM3VAWM,TOKEN-ECQWOR2PMLGQQWK6PAJNTZGLJI,76513,settled_streaming,1,1785451934
TOKEN-GN7XZCV6IRRZDP2WSD3JCWYIVU,1785451926,1785451934,ACC-YRPLDQBRRHOQWDM6Q3WWM3VAWM,TOKEN-SAZVKRL5BLMMC357QZDNEKBYS4,439,settled_streaming,1,1785451934
TOKEN-YV2L3CMDT5V5VARKQ36GGCDIOA,1785451926,1785451931,ACC-YRPLDQBRRHOQWDM6Q3WWM3VAWM,TOKEN-ECQWOR2PMLGQQWK6PAJNTZGLJI,51692,settled_streaming,1,1785451931
TOKEN-XNPZBK3G5KZOGPKKBHAMA7DPLU,1785451931,1785451953,ACC-YRPLDQBRRHOQWDM6Q3WWM3VAWM,TOKEN-AKP62UTGJN6PB3JETZLG6IYMBI,467,settled_streaming,1,1785451953
TOKEN-Y56IDWNZTIAI7UU54KTNCLK77E,1785451932,1785451958,ACC-YRPLDQBRRHOQWDM6Q3WWM3VAWM,TOKEN-ECQWOR2PMLGQQWK6PAJNTZGLJI,52429,settled_streaming,1,1785451958
TOKEN-KFVGN2RMGO2I6NT6J3362M4HTU,1785451934,1785451941,ACC-YRPLDQBRRHOQWDM6Q3WWM3VAWM,TOKEN-QBWKIE2XA3FJKHU2JHSHU5UT6U,293696,settled_streaming,1,1785451941
TOKEN-P27OTFL2PZINKV4QQZIH2IDISQ,1785451937,1785451944,ACC-YRPLDQBRRHOQWDM6Q3WWM3VAWM,TOKEN-EPZYGTOBRV2JSHKMNTBY6FBKIQ,128148,settled_streaming,1,1785451944
TOKEN-4SHY62WVHRLRLIQM7KO7Y6NWTQ,1785451938,1785451952,ACC-YRPLDQBRRHOQWDM6Q3WWM3VAWM,TOKEN-ECQWOR2PMLGQQWK6PAJNTZGLJI,84202,settled_streaming,1,1785451952
TOKEN-VWUK6EKWJOOV2E7CVBDCLAL3UA,1785451945,1785451948,ACC-YRPLDQBRRHOQWDM6Q3WWM3VAWM,TOKEN-JXPPE46DL5BCBJKBWNNJZPBFUA,367,settled_streaming,1,1785451948
TOKEN-B2WKEFZCCVQ663ARNRSE2OEGWE,1785451947,1785451954,ACC-YRPLDQBRRHOQWDM6Q3WWM3VAWM,TOKEN-EPZYGTOBRV2JSHKMNTBY6FBKIQ,129182,settled_streaming,1,1785451954
TOKEN-OHDITTNU3TQ3PP2ESOSNOCSB3Y,1785451952,1785451959,ACC-YRPLDQBRRHOQWDM6Q3WWM3VAWM,TOKEN-QBWKIE2XA3FJKHU2JHSHU5UT6U,294161,settled_streaming,1,1785451959
TOKEN-J6AIZYWEDERS5HWWTTB2537BBM,1785451953,1785451956,ACC-YRPLDQBRRHOQWDM6Q3WWM3VAWM,TOKEN-UV6GJBLD3VE74EKZHKLS644XAA,379,settled_streaming,1,1785451956
TOKEN-OWFNUJJR3K4RU6NHYYVEVGY3OE,1785451954,1785451963,ACC-YRPLDQBRRHOQWDM6Q3WWM3VAWM,TOKEN-Q4ADTOANZN7QMETLLAB5QLF5NQ,937,settled_streaming,1,1785451963
TOKEN-SRDM5JVVVND2ISYS7R7HS7AI7U,1785451955,1785451964,ACC-YRPLDQBRRHOQWDM6Q3WWM3VAWM,TOKEN-ECQWOR2PMLGQQWK6PAJNTZGLJI,85229,settled_streaming,1,1785451964
TOKEN-XFTQBU7PFO47ZQSXLYOERKXRFA,1785451956,1785451964,ACC-YRPLDQBRRHOQWDM6Q3WWM3VAWM,TOKEN-ECQWOR2PMLGQQWK6PAJNTZGLJI,59657,settled_streaming,1,1785451964
TOKEN-C5HRRC6JGUYYUM5VIOSPCCR4MQ,1785451958,1785451987,ACC-YRPLDQBRRHOQWDM6Q3WWM3VAWM,TOKEN-EPZYGTOBRV2JSHKMNTBY6FBKIQ,132172,settled_streaming,1,1785451987
TOKEN-FKDEBO6NLTJZRDSYHVIL6VBX5U,1785451958,1785451963,ACC-YRPLDQBRRHOQWDM6Q3WWM3VAWM,TOKEN-ECQWOR2PMLGQQWK6PAJNTZGLJI,53985,settled_streaming,1,1785451963
TOKEN-6EQ7BYXWGJ55WGCDRZIBZGZ7BM,1785451961,1785451971,ACC-YRPLDQBRRHOQWDM6Q3WWM3VAWM,TOKEN-QBWKIE2XA3FJKHU2JHSHU5UT6U,294426,settled_streaming,1,1785451971
TOKEN-M25XXA2G67QXWW5ZVXA7GRCQZI,1785451963,1785451972,ACC-YRPLDQBRRHOQWDM6Q3WWM3VAWM,TOKEN-MTDW3ILR6K7HNVBCDX34T4P6WA,1865,settled_streaming,1,1785451972
TOKEN-7I7IWYD54TXUGTQTOMUU35LGGU,1785451964,1785451972,ACC-YRPLDQBRRHOQWDM6Q3WWM3VAWM,TOKEN-ECQWOR2PMLGQQWK6PAJNTZGLJI,61417,settled_streaming,1,1785451972
TOKEN-H2JFMYHK34DOYQF3UNT6BTQZFY,1785451965,1785451967,ACC-YRPLDQBRRHOQWDM6Q3WWM3VAWM,TOKEN-BSFBDFGRKX6KKRM2QLIPAUMYQE,390,settled_streaming,1,1785451967
TOKEN-EDS5KCDBYL7I4EOA2KUE3PRVUM,1785451968,1785451988,ACC-YRPLDQBRRHOQWDM6Q3WWM3VAWM,TOKEN-ECQWOR2PMLGQQWK6PAJNTZGLJI,87973,settled_streaming,1,1785451988
TOKEN-F7J5C3S3WB7RH72F7XS2BCY5RA,1785451969,1785451974,ACC-YRPLDQBRRHOQWDM6Q3WWM3VAWM,TOKEN-ECQWOR2PMLGQQWK6PAJNTZGLJI,55256,settled_streaming,1,1785451974
TOKEN-SB63VGCMVI3OCT22UXR5CPXRFA,1785451972,1785451982,ACC-YRPLDQBRRHOQWDM6Q3WWM3VAWM,TOKEN-ECQWOR2PMLGQQWK6PAJNTZGLJI,63300,settled_streaming,1,1785451982
TOKEN-M3MU7HQ5IE2GFDN635KU3MZU5M,1785451972,1785451978,ACC-YRPLDQBRRHOQWDM6Q3WWM3VAWM,TOKEN-QKYNCCCRFK7HXA7EL4NTHHR7IQ,437,settled_streaming,1,1785451978
TOKEN-4XXQ5HJI4N7SFYGPFEDIBBC3JE,1785451974,1785452074,ACC-YRPLDQBRRHOQWDM6Q3WWM3VAWM,TOKEN-ECQWOR2PMLGQQWK6PAJNTZGLJI,56092,settled_streaming,1,1785452074
TOKEN-KDBDTIWQJSUKGKGZGA4PW2INWE,1785451979,1785451989,ACC-YRPLDQBRRHOQWDM6Q3WWM3VAWM,TOKEN-43NNOEI5XZ5CSP3MPRX7VWDZWE,1478,settled_streaming,1,1785451989
TOKEN-5KBO67WG4CZKGXOXMA5Q267SOY,1785451982,1785451993,ACC-YRPLDQBRRHOQWDM6Q3WWM3VAWM,TOKEN-ECQWOR2PMLGQQWK6PAJNTZGLJI,64211,settled_streaming,1,1785451993
TOKEN-RVLKSC75VLVIKZCQQGLX7C7MBM,1785451982,1785451990,ACC-YRPLDQBRRHOQWDM6Q3WWM3VAWM,TOKEN-QBWKIE2XA3FJKHU2JHSHU5UT6U,295117,settled_streaming,1,1785451990
TOKEN-NL3RJ4WMO77QOBFOGZEFWYRPNE,1785451986,1785451990,ACC-YRPLDQBRRHOQWDM6Q3WWM3VAWM,TOKEN-RN552ABNEIQYTMRHXRD6RYO2VI,379,settled_streaming,1,1785451990
TOKEN-DG6WPSEGHUO2BOTF7UQKPVGHQM,1785451987,1785451994,ACC-YRPLDQBRRHOQWDM6Q3WWM3VAWM,TOKEN-ETAKLJVVDYCI7OZV6DVICCCSMA,10208,settled_streaming,1,1785451994
TOKEN-FZGLBON4QN4H3QFT46Y4P5CX4Y,1785451990,1785451996,ACC-YRPLDQBRRHOQWDM6Q3WWM3VAWM,TOKEN-XKW23JEB2FPKOF3UKLJWBEOL2Y,421,settled_streaming,1,1785451996
TOKEN-LAOBMPXMI2V7GQBNYLIE3D4VXM,1785451992,1785452011,ACC-YRPLDQBRRHOQWDM6Q3WWM3VAWM,TOKEN-EPZYGTOBRV2JSHKMNTBY6FBKIQ,132172,settled_streaming,1,1785452011
TOKEN-KWI2TI4R75622MSVYMNY4VAZTE,1785451993,1785451999,ACC-YRPLDQBRRHOQWDM6Q3WWM3VAWM,TOKEN-ECQWOR2PMLGQQWK6PAJNTZGLJI,90048,settled_streaming,1,1785452000
TOKEN-RPCOPMUXKL4GVQZERZHTTQNJXQ,1785451994,1785451998,ACC-YRPLDQBRRHOQWDM6Q3WWM3VAWM,TOKEN-ECQWOR2PMLGQQWK6PAJNTZGLJI,65248,settled_streaming,1,1785451998
TOKEN-KDFIPKXUWRU7ZG26UAIKB2AVYU,1785451994,1785452006,ACC-YRPLDQBRRHOQWDM6Q3WWM3VAWM,TOKEN-KCVNLQNCIZ654AHMMXJUIDW6CA,1146,settled_streaming,1,1785452006
TOKEN-LMTNYISFGPS2DFQAVLOJLZWTHA,1785451997,1785452019,ACC-YRPLDQBRRHOQWDM6Q3WWM3VAWM,TOKEN-F345L5QWMZJB7AZV24VJTJXEBU,541,settled_streaming,1,1785452019
TOKEN-WPVQTREFLZG66LMVPP5SRBR3PI,1785451999,1785452040,ACC-YRPLDQBRRHOQWDM6Q3WWM3VAWM,TOKEN-ECQWOR2PMLGQQWK6PAJNTZGLJI,65904,settled_streaming,1,1785452040
TOKEN-LK5P7RRFUTSZFCGFIRAYC2PDLE,1785452001,1785452008,ACC-YRPLDQBRRHOQWDM6Q3WWM3VAWM,TOKEN-QBWKIE2XA3FJKHU2JHSHU5UT6U,295379,settled_streaming,1,1785452008
TOKEN-JJ577NYNGMA6A5FQ3W63VDEUUU,1785452002,1785452009,ACC-YRPLDQBRRHOQWDM6Q3WWM3VAWM,TOKEN-ECQWOR2PMLGQQWK6PAJNTZGLJI,372000,settled_streaming,1,1785452009
TOKEN-AFLJ7ATO4KWWEUNYU75HZ4EPVM,1785452007,1785452015,ACC-YRPLDQBRRHOQWDM6Q3WWM3VAWM,TOKEN-L4M2PSKBK7QLH4ZXZPPHRA6S4E,876,settled_streaming,1,1785452015
TOKEN-6VAEDP7NLPUDMVJVQHHIJGY6VM,1785452010,1785452017,ACC-YRPLDQBRRHOQWDM6Q3WWM3VAWM,TOKEN-ECQWOR2PMLGQQWK6PAJNTZGLJI,372000,settled_streaming,1,1785452017
TOKEN-UNS4R46GFYVZG6KV2FKWED5MFM,1785452014,1785452017,ACC-YRPLDQBRRHOQWDM6Q3WWM3VAWM,TOKEN-IU3OP2CZCGNAHXRDIDBPWCCNYU,2278,settled_streaming,1,1785452017
TOKEN-324GSTHM3TRVYT2DY6IJ37JWBI,1785452015,1785452023,ACC-YRPLDQBRRHOQWDM6Q3WWM3VAWM,TOKEN-FL5N4IMHIB52ON367PEF7F2KCA,562,settled_streaming,1,1785452023
TOKEN-HV5H7DLL6ZOHE4TF2W34R2DQRM,1785452018,1785452275,ACC-YRPLDQBRRHOQWDM6Q3WWM3VAWM,TOKEN-ECQWOR2PMLGQQWK6PAJNTZGLJI,82961,settled_streaming,1,1785452275
TOKEN-7LPW4Z6AGYRIIRAJFPD3KYXBBA,1785452018,1785452027,ACC-YRPLDQBRRHOQWDM6Q3WWM3VAWM,TOKEN-ECQWOR2PMLGQQWK6PAJNTZGLJI,372000,settled_streaming,1,1785452027
TOKEN-NT4GZN2FV52MISIGXQILVYN5FE,1785452019,1785452038,ACC-YRPLDQBRRHOQWDM6Q3WWM3VAWM,TOKEN-QQEZ6SGGDJW5RSPCBVQUKX6SIY,465,settled_streaming,1,1785452038
TOKEN-NXPTJLMCVVHBHV37LE3WK6IDPA,1785452020,1785452025,ACC-YRPLDQBRRHOQWDM6Q3WWM3VAWM,TOKEN-QBWKIE2XA3FJKHU2JHSHU5UT6U,295845,settled_streaming,1,1785452025
TOKEN-W7VSORECSBOZRPGOLW6F6ONU7E,1785452022,1785452032,ACC-YRPLDQBRRHOQWDM6Q3WWM3VAWM,TOKEN-EPZYGTOBRV2JSHKMNTBY6FBKIQ,138149,settled_streaming,1,1785452032
TOKEN-5EESDK3KWOT4XKNJOINRWX5KAQ,1785452022,1785452036,ACC-YRPLDQBRRHOQWDM6Q3WWM3VAWM,TOKEN-CWAEN2P7ZTLUUOV4QYKERXNTCE,327,settled_streaming,1,1785452036
TOKEN-XA4H2VHG2ZGPKHVFLCGH3CR77M,1785452023,1785452027,ACC-YRPLDQBRRHOQWDM6Q3WWM3VAWM,TOKEN-T3CTWWJFD5YQEZ3HC2QRRCEWS4,378,settled_streaming,1,1785452027
TOKEN-DSNVXNW3MIT5TMWJ7GVXAGMQ64,1785452028,1785452033,ACC-YRPLDQBRRHOQWDM6Q3WWM3VAWM,TOKEN-QBWKIE2XA3FJKHU2JHSHU5UT6U,296109,settled_streaming,1,1785452033
TOKEN-CLBN5XFNUYRL62SCNLE2APSSSA,1785452028,1785452031,ACC-YRPLDQBRRHOQWDM6Q3WWM3VAWM,TOKEN-ZOK4BZLP3WZILEG46BDACI2DMU,780,settled_streaming,1,1785452031
TOKEN-O6XAHM35I64XZLZFEFN3RLU2V4,1785452029,1785452040,ACC-YRPLDQBRRHOQWDM6Q3WWM3VAWM,TOKEN-ECQWOR2PMLGQQWK6PAJNTZGLJI,372000,settled_streaming,1,1785452040
TOKEN-DIATA3Z36NFVLRR3DZGQZP7WT4,1785452032,1785452037,ACC-YRPLDQBRRHOQWDM6Q3WWM3VAWM,TOKEN-SKV3GOEDF5KNH55AK5Z7KUYWM4,388,settled_streaming,1,1785452037
TOKEN-VVWX4EXIKGOK4JRVIPCD25MMZE,1785452034,1785452051,ACC-YRPLDQBRRHOQWDM6Q3WWM3VAWM,TOKEN-QBWKIE2XA3FJKHU2JHSHU5UT6U,296705,settled_streaming,1,1785452051
TOKEN-CVSSMMYNSWFAJYNAVWYOILW6VM,1785452035,1785452041,ACC-YRPLDQBRRHOQWDM6Q3WWM3VAWM,TOKEN-EPZYGTOBRV2JSHKMNTBY6FBKIQ,138805,settled_streaming,1,1785452041
TOKEN-QJK6RQEAVG5KYT6DHROIZFCCZ4,1785452036,1785452045,ACC-YRPLDQBRRHOQWDM6Q3WWM3VAWM,TOKEN-JC626TUBFSYJBVCXUM6NOF5FAE,380,settled_streaming,1,1785452045
TOKEN-LQHXSVJXBCEBVX2TUJ2NY6ASKE,1785452038,1785452045,ACC-YRPLDQBRRHOQWDM6Q3WWM3VAWM,TOKEN-76BPDHTK7L5BR4GOH5U3BH5N7Q,437,settled_streaming,1,1785452045
TOKEN-WM4RR4ZYE6NBLGKX2YYJ33TFDU,1785452039,1785452053,ACC-YRPLDQBRRHOQWDM6Q3WWM3VAWM,TOKEN-3Y2YKPX2VUN32CLOYGUCEZM3VY,563,settled_streaming,1,1785452053
TOKEN-5ACKOAQULP62EYYFPL46AM5EVM,1785452040,1785452153,ACC-YRPLDQBRRHOQWDM6Q3WWM3VAWM,TOKEN-ECQWOR2PMLGQQWK6PAJNTZGLJI,69512,settled_streaming,1,1785452153
TOKEN-DFZE4FV3IYMT4WMG4X4K4AU7OM,1785452042,1785452058,ACC-YRPLDQBRRHOQWDM6Q3WWM3VAWM,TOKEN-ECQWOR2PMLGQQWK6PAJNTZGLJI,372000,settled_streaming,1,1785452058
TOKEN-O5MGFACBHRVOGSENG2TY22JKYQ,1785452044,1785452082,ACC-YRPLDQBRRHOQWDM6Q3WWM3VAWM,TOKEN-EPZYGTOBRV2JSHKMNTBY6FBKIQ,139615,settled_streaming,1,1785452082
TOKEN-K6ROICRR6FUZLQV7IYAK64UVXA,1785452046,1785452069,ACC-YRPLDQBRRHOQWDM6Q3WWM3VAWM,TOKEN-S2W5KDXYSB5UU4SD2TW34JYL7A,541,settled_streaming,1,1785452069
TOKEN-5YJAUEJUCHCF4W4KZJFZITQY2A,1785452052,1785452065,ACC-YRPLDQBRRHOQWDM6Q3WWM3VAWM,TOKEN-3SR5RKNWLWCEDHPQO7RMIEBWB4,745,settled_streaming,1,1785452065
TOKEN-G3DVJBL376VQPHWPAQ7P5PFRSQ,1785452060,1785452080,ACC-YRPLDQBRRHOQWDM6Q3WWM3VAWM,TOKEN-ECQWOR2PMLGQQWK6PAJNTZGLJI,372000,settled_streaming,1,1785452080
TOKEN-5P3P3VVI7NVX3LNJJ43VRJ6A7Y,1785452062,1785452072,ACC-YRPLDQBRRHOQWDM6Q3WWM3VAWM,TOKEN-QBWKIE2XA3FJKHU2JHSHU5UT6U,297733,settled_streaming,1,1785452072
TOKEN-ON7SJEQ5Q7TXEW47BUBPRAF4YY,1785452064,1785452066,ACC-YRPLDQBRRHOQWDM6Q3WWM3VAWM,TOKEN-D2PVPZCI422QTU6TK3M3FWEALY,367,settled_streaming,1,1785452066
TOKEN-4UWQCFYWVSSV4W3325KBSN6IHY,1785452067,1785452073,ACC-YRPLDQBRRHOQWDM6Q3WWM3VAWM,TOKEN-JOEVCVSZNFE2RJOY6ZMSVFHVZA,377,settled_streaming,1,1785452073
TOKEN-EDQAPPTVBSMWZ2ORJE2QXEYMAM,1785452070,1785452074,ACC-YRPLDQBRRHOQWDM6Q3WWM3VAWM,TOKEN-SK5XXS6QX7NCJX7M5RHHCHCWNM,648,settled_streaming,1,1785452074
TOKEN-KYSZJMC7FLBEAMNRQKJQKQPLFU,1785452070,1785452078,ACC-YRPLDQBRRHOQWDM6Q3WWM3VAWM,TOKEN-GR4WAFBGHNUBDQTVUSMJE5X42I,465,settled_streaming,1,1785452078
TOKEN-KIZRFIK7Q3SJXHQOTDQ7M224V4,1785452074,1785452084,ACC-YRPLDQBRRHOQWDM6Q3WWM3VAWM,TOKEN-ECQWOR2PMLGQQWK6PAJNTZGLJI,62060,settled_streaming,1,1785452084
TOKEN-BK6DHPJY7BWENFZPUA2J74HVUE,1785452074,1785452079,ACC-YRPLDQBRRHOQWDM6Q3WWM3VAWM,TOKEN-ANBADTKFKCHR7DCTU465NX44FA,3281,settled_streaming,1,1785452079
TOKEN-N2ERNGZSZ6THATQZ7BW5R2XM6U,1785452079,1785452085,ACC-YRPLDQBRRHOQWDM6Q3WWM3VAWM,TOKEN-BGLXS4KSCPDNXNTNZ5Y5I2LTDI,900,settled_streaming,1,1785452085
TOKEN-ON2LQACVVGS3WAOBZZXOP7VL7I,1785452080,1785452080,ACC-YRPLDQBRRHOQWDM6Q3WWM3VAWM,TOKEN-TDOFFNCXLWUN5BK5AFEWFQ3TYA,5159,settled_streaming,1,1785452080
TOKEN-NIX7LJBKR7AY6G2YYKIW4U5SE4,1785452080,1785452081,ACC-YRPLDQBRRHOQWDM6Q3WWM3VAWM,TOKEN-TDOFFNCXLWUN5BK5AFEWFQ3TYA,9053,settled_streaming,1,1785452081
TOKEN-MOK7J4YTYNYUIB4UDASS2IAENI,1785452080,1785452083,ACC-YRPLDQBRRHOQWDM6Q3WWM3VAWM,TOKEN-3P5G7KLHX64JS5E42IEU2R4UDU,410,settled_streaming,1,1785452083
TOKEN-NIR4PNWB23JNZ4XFVCAIFFJXKM,1785452081,1785452086,ACC-YRPLDQBRRHOQWDM6Q3WWM3VAWM,TOKEN-IZ3DXPIVOA33OWCJU2PLYOOOCU,652,settled_streaming,1,1785452086
TOKEN-PDJ7V3PZO6MMEOKHDOUP6IEVUE,1785452081,1785452088,ACC-YRPLDQBRRHOQWDM6Q3WWM3VAWM,TOKEN-QBWKIE2XA3FJKHU2JHSHU5UT6U,297995,settled_streaming,1,1785452088
TOKEN-7AKUODESD3D22DN3DOK2W3HHDQ,1785452083,1785452092,ACC-YRPLDQBRRHOQWDM6Q3WWM3VAWM,TOKEN-3NUGDGCAPSIP7HUB6U773TZ7DY,535,settled_streaming,1,1785452092
TOKEN-3VAQ36XIEXEDWBLBGRJCF33GTY,1785452083,1785452099,ACC-YRPLDQBRRHOQWDM6Q3WWM3VAWM,TOKEN-ECQWOR2PMLGQQWK6PAJNTZGLJI,372000,settled_streaming,1,1785452099
TOKEN-Q6WQYHWEDKLGNXEWYA5MMQ4UOE,1785452087,1785452101,ACC-YRPLDQBRRHOQWDM6Q3WWM3VAWM,TOKEN-VRN4WT2MHOFEWSXTXPLH2WLP54,390,settled_streaming,1,1785452101
TOKEN-QQP3GDAM4ENSI6NJKW33EPCV7U,1785452087,1785452100,ACC-YRPLDQBRRHOQWDM6Q3WWM3VAWM,TOKEN-ECQWOR2PMLGQQWK6PAJNTZGLJI,62984,settled_streaming,1,1785452100
TOKEN-2PAX5HGDVY7VPR2BMMH2TA7K6E,1785452087,1785452094,ACC-YRPLDQBRRHOQWDM6Q3WWM3VAWM,TOKEN-EPZYGTOBRV2JSHKMNTBY6FBKIQ,145500,settled_streaming,1,1785452094
TOKEN-JZBTYZOJSIR2KFCG5I4GQJL3WI,1785452092,1785452102,ACC-YRPLDQBRRHOQWDM6Q3WWM3VAWM,TOKEN-EKZ57EYDHMEJP2FQUVZPM54F2Q,528,settled_streaming,1,1785452102
TOKEN-AAX7AJEAD5NW6R26F6Q64KMOJA,1785452092,1785452101,ACC-YRPLDQBRRHOQWDM6Q3WWM3VAWM,TOKEN-UQULCY2RYP2Z4WRKPNAEW2TWFM,1148,settled_streaming,1,1785452101
TOKEN-NB2UP6TZXDB5VWREJM6AV43VY4,1785452097,1785452104,ACC-YRPLDQBRRHOQWDM6Q3WWM3VAWM,TOKEN-EPZYGTOBRV2JSHKMNTBY6FBKIQ,146372,settled_streaming,1,1785452104
TOKEN-PLZMDCUGBDC5WL5GWWCG2H6GLA,1785452099,1785452103,ACC-YRPLDQBRRHOQWDM6Q3WWM3VAWM,TOKEN-QBWKIE2XA3FJKHU2JHSHU5UT6U,298460,settled_streaming,1,1785452103
TOKEN-2YURB4ZB6LQ5RJFHANETVTPUDE,1785452101,1785452111,ACC-YRPLDQBRRHOQWDM6Q3WWM3VAWM,TOKEN-ECQWOR2PMLGQQWK6PAJNTZGLJI,68803,settled_streaming,1,1785452111
TOKEN-QA3DM3ZU3HL5QIYNC3SRBL2MB4,1785452101,1785452106,ACC-YRPLDQBRRHOQWDM6Q3WWM3VAWM,TOKEN-S6MG5NIKWMANYXTCJPLO63T5EQ,435,settled_streaming,1,1785452106
TOKEN-F4WHQFDUZSY6Y3W2Z7M4GK4UAQ,1785452101,1785452109,ACC-YRPLDQBRRHOQWDM6Q3WWM3VAWM,TOKEN-Q22NVZXCJGFE63DOAASS4GDG7I,392,settled_streaming,1,1785452109
TOKEN-735U77XDFVGNQULUYKLPXKQIMQ,1785452105,1785452122,ACC-YRPLDQBRRHOQWDM6Q3WWM3VAWM,TOKEN-ECQWOR2PMLGQQWK6PAJNTZGLJI,372000,settled_streaming,1,1785452122
TOKEN-O7KH435NKXXO3TJQE5VSB2V5U4,1785452106,1785452126,ACC-YRPLDQBRRHOQWDM6Q3WWM3VAWM,TOKEN-YT2GOUE5MNGGHT6DUWPJPHBZBI,1240,settled_streaming,1,1785452126
TOKEN-DCYKOZMM5G4NJG3CYNVL7IB6JE,1785452108,1785452132,ACC-YRPLDQBRRHOQWDM6Q3WWM3VAWM,TOKEN-EPZYGTOBRV2JSHKMNTBY6FBKIQ,147495,settled_streaming,1,1785452132
TOKEN-66UN5FU4X53VLNWDS4YWNATTC4,1785452108,1785452116,ACC-YRPLDQBRRHOQWDM6Q3WWM3VAWM,TOKEN-QBWKIE2XA3FJKHU2JHSHU5UT6U,298725,settled_streaming,1,1785452116
TOKEN-WYRUYOQ2I7XTXKIUBLFZGRGFJU,1785452112,1785452122,ACC-YRPLDQBRRHOQWDM6Q3WWM3VAWM,TOKEN-ECQWOR2PMLGQQWK6PAJNTZGLJI,69494,settled_streaming,1,1785452122
TOKEN-E4SA7QGT3RY6NOGLIOUARNBT4U,1785452115,1785452126,ACC-YRPLDQBRRHOQWDM6Q3WWM3VAWM,TOKEN-7MF3WGTPTTBSIJNUPSXM7LDWAA,391,settled_streaming,1,1785452126
TOKEN-SHSYYDL5O5SVYGF7M3XYUPC5ZY,1785452124,1785452142,ACC-YRPLDQBRRHOQWDM6Q3WWM3VAWM,TOKEN-ECQWOR2PMLGQQWK6PAJNTZGLJI,372000,settled_streaming,1,1785452142
TOKEN-UEW7VHJA4RT4NQUMJXRJSQGVXQ,1785452126,1785452133,ACC-YRPLDQBRRHOQWDM6Q3WWM3VAWM,TOKEN-YQOFF3RROHOKULQPAUOOTXVOFI,418,settled_streaming,1,1785452133
TOKEN-C6PP7M42FCDO5B4TWCTELLC2Q4,1785452128,1785452133,ACC-YRPLDQBRRHOQWDM6Q3WWM3VAWM,TOKEN-QBWKIE2XA3FJKHU2JHSHU5UT6U,299267,settled_streaming,1,1785452133
TOKEN-WPT6BJ2T6NLCIMD3DZCUFCRM2M,1785452128,1785452149,ACC-YRPLDQBRRHOQWDM6Q3WWM3VAWM,TOKEN-ECQWOR2PMLGQQWK6PAJNTZGLJI,73376,settled_streaming,1,1785452149
TOKEN-EQOA2H3LQINCDXSAYZQNGXF7WI,1785452129,1785452135,ACC-YRPLDQBRRHOQWDM6Q3WWM3VAWM,TOKEN-XMJH23Y26XNEOUI34GDINHL3OI,10508,settled_streaming,1,1785452135
TOKEN-6WNZTEGFMCLMWEHBCQ7DAQ7VZE,1785452132,1785452135,ACC-YRPLDQBRRHOQWDM6Q3WWM3VAWM,TOKEN-LOWMEYXCWRNKVCG2L4CY3JSOAI,379,settled_streaming,1,1785452135
TOKEN-MJIFKZV6K62ZKHKGTZRZXQI2LA,1785452134,1785452156,ACC-YRPLDQBRRHOQWDM6Q3WWM3VAWM,TOKEN-ZG4T5ISQ76V6DLQSCDLSSAS2L4,506,settled_streaming,1,1785452156
TOKEN-MEOILGG64QMR7M2CQIEXZZBDIM,1785452135,1785452139,ACC-YRPLDQBRRHOQWDM6Q3WWM3VAWM,TOKEN-XU3M3NEIZENAM2ADVONYPEOQVI,404,settled_streaming,1,1785452139
TOKEN-4HUSEH4VW3NUQRE3GUCGYSN6XA,1785452139,1785452160,ACC-YRPLDQBRRHOQWDM6Q3WWM3VAWM,TOKEN-EPZYGTOBRV2JSHKMNTBY6FBKIQ,149476,settled_streaming,1,1785452160
TOKEN-EEVXRXMW22N677FTBOOJZNYQLY,1785452139,1785452147,ACC-YRPLDQBRRHOQWDM6Q3WWM3VAWM,TOKEN-WBZY7D5I6HGZT572VY37KCQGRM,637,settled_streaming,1,1785452147
TOKEN-DPAEFHYPCRXVGPDAX4TGQCORWY,1785452144,1785452162,ACC-YRPLDQBRRHOQWDM6Q3WWM3VAWM,TOKEN-ECQWOR2PMLGQQWK6PAJNTZGLJI,372000,settled_streaming,1,1785452162
TOKEN-MXBEM2OWSGQXKFBMLZN2UZ3U5E,1785452147,1785452153,ACC-YRPLDQBRRHOQWDM6Q3WWM3VAWM,TOKEN-QBWKIE2XA3FJKHU2JHSHU5UT6U,299529,settled_streaming,1,1785452153
TOKEN-AF6ULMO7EEY2CAPT7FNZ2SXZ3Y,1785452147,1785452171,ACC-YRPLDQBRRHOQWDM6Q3WWM3VAWM,TOKEN-NDFNYRUE4MDZG6335CYT5VMB5E,1977,settled_streaming,1,1785452171
TOKEN-7E54TPZ4YFAQJ3HWWGFSNGG6FQ,1785452156,1785452165,ACC-YRPLDQBRRHOQWDM6Q3WWM3VAWM,TOKEN-JIOZ2UTOULJKRMUB24Z7ODQXEI,469,settled_streaming,1,1785452165
TOKEN-HKIDWYTG7BGOYSOK6LT7Q3OIEA,1785452159,1785452171,ACC-YRPLDQBRRHOQWDM6Q3WWM3VAWM,TOKEN-ECQWOR2PMLGQQWK6PAJNTZGLJI,78415,settled_streaming,1,1785452171
TOKEN-Z7TJUXGZVQDDCST7QMVE5CXRQU,1785452164,1785452170,ACC-YRPLDQBRRHOQWDM6Q3WWM3VAWM,TOKEN-QBWKIE2XA3FJKHU2JHSHU5UT6U,299995,settled_streaming,1,1785452170
TOKEN-S46YPE34QZ3CJGXQO6PSYXQ7YI,1785452164,1785452188,ACC-YRPLDQBRRHOQWDM6Q3WWM3VAWM,TOKEN-ECQWOR2PMLGQQWK6PAJNTZGLJI,372000,settled_streaming,1,1785452188
TOKEN-3JQOC2QRPMSM7Q5B4QIDQWPC7M,1785452165,1785452168,ACC-YRPLDQBRRHOQWDM6Q3WWM3VAWM,TOKEN-PSK2BLH2ZLZHB4XLEGBHRW7S54,379,settled_streaming,1,1785452168
TOKEN-7BJOSZVUJK47GY7SVQUS2S47XQ,1785452166,1785452177,ACC-YRPLDQBRRHOQWDM6Q3WWM3VAWM,TOKEN-NZ2NZYUYT4TAYQNKLYDRH24LEU,410,settled_streaming,1,1785452177
TOKEN-FXTHLWCINISN5YYO2TJSDSENF4,1785452167,1785452167,ACC-YRPLDQBRRHOQWDM6Q3WWM3VAWM,TOKEN-IYHESMD7DN3CBB52HK2NXEDRQA,5159,settled_streaming,1,1785452168
TOKEN-5QSCADXHGFMB5WF6ZAB3BSYY2A,1785452168,1785452177,ACC-YRPLDQBRRHOQWDM6Q3WWM3VAWM,TOKEN-IYHESMD7DN3CBB52HK2NXEDRQA,9046,settled_streaming,1,1785452177
TOKEN-WEJGACE5BQUVYIDVF65ETUHSTQ,1785452171,1785452189,ACC-YRPLDQBRRHOQWDM6Q3WWM3VAWM,TOKEN-3CK5ORCTLBJ3ZMB6TEU7I5AOKA,1044,settled_streaming,1,1785452189
TOKEN-6YE53BX5TGN6UR6HD2QTRQTD5M,1785452171,1785452180,ACC-YRPLDQBRRHOQWDM6Q3WWM3VAWM,TOKEN-ECQWOR2PMLGQQWK6PAJNTZGLJI,16527,settled_streaming,1,1785452180
TOKEN-WH7OAANP7V4DL37UD3ZMASXSRA,1785452171,1785452218,ACC-YRPLDQBRRHOQWDM6Q3WWM3VAWM,TOKEN-ECQWOR2PMLGQQWK6PAJNTZGLJI,79302,settled_streaming,1,1785452218
TOKEN-3XROKT2L24S3H7VG7KDVK7L47Y,1785452173,1785452177,ACC-YRPLDQBRRHOQWDM6Q3WWM3VAWM,TOKEN-EPZYGTOBRV2JSHKMNTBY6FBKIQ,150630,settled_streaming,1,1785452177
TOKEN-5KEWWCOUQFN6IQSVGOTUOFN3K4,1785452173,1785452185,ACC-YRPLDQBRRHOQWDM6Q3WWM3VAWM,TOKEN-QBWKIE2XA3FJKHU2JHSHU5UT6U,300259,settled_streaming,1,1785452185
TOKEN-ZZQFTRXCTHPT4IDXY3IYFXSFJI,1785452177,1785452188,ACC-YRPLDQBRRHOQWDM6Q3WWM3VAWM,TOKEN-PAVJA73OO4MHGOX4SFYLUK5MJU,8113,settled_streaming,1,1785452188
TOKEN-4ZVSBXPE5DE36KS4H6VJADWPLA,1785452180,1785452184,ACC-YRPLDQBRRHOQWDM6Q3WWM3VAWM,TOKEN-ECQWOR2PMLGQQWK6PAJNTZGLJI,18374,settled_streaming,1,1785452184
TOKEN-ALICQ4QWMCOMWAS2ZXQLCT6Z4M,1785452184,1785452192,ACC-YRPLDQBRRHOQWDM6Q3WWM3VAWM,TOKEN-ECQWOR2PMLGQQWK6PAJNTZGLJI,19853,settled_streaming,1,1785452192
TOKEN-RBHVWEWMDFDEX67YXVG7XS2YXU,1785452188,1785452192,ACC-YRPLDQBRRHOQWDM6Q3WWM3VAWM,TOKEN-GHG4W6BK42IVENIDKRPAMYWABA,6642,settled_streaming,1,1785452192
TOKEN-DNVE3Y3X6TS42ETEZGXVGOMSKY,1785452189,1785452202,ACC-YRPLDQBRRHOQWDM6Q3WWM3VAWM,TOKEN-MNCM5PV575KBRKYJYZ6PKAMUHI,407,settled_streaming,1,1785452202
TOKEN-6YS665PLUCR422MW6A3PQZTHZI,1785452192,1785452206,ACC-YRPLDQBRRHOQWDM6Q3WWM3VAWM,TOKEN-ECQWOR2PMLGQQWK6PAJNTZGLJI,372000,settled_streaming,1,1785452207
TOKEN-ZMIQMTS2JF3PTNT27WHFYRLK4A,1785452192,1785452199,ACC-YRPLDQBRRHOQWDM6Q3WWM3VAWM,TOKEN-GF4JP3SLDKPWXTICZ7C3ZQ5NT4,6580,settled_streaming,1,1785452199
TOKEN-6FSV7XJQUUR3N4LEW5JBYAHP3A,1785452193,1785452202,ACC-YRPLDQBRRHOQWDM6Q3WWM3VAWM,TOKEN-EPZYGTOBRV2JSHKMNTBY6FBKIQ,151094,settled_streaming,1,1785452202
TOKEN-W3J47PEUCHLTFO55ALL2S4AIGI,1785452196,1785452200,ACC-YRPLDQBRRHOQWDM6Q3WWM3VAWM,TOKEN-QBWKIE2XA3FJKHU2JHSHU5UT6U,301290,settled_streaming,1,1785452200
TOKEN-6ELBRTYH2754H6NG2NKIT2EJEM,1785452197,1785452201,ACC-YRPLDQBRRHOQWDM6Q3WWM3VAWM,TOKEN-ECQWOR2PMLGQQWK6PAJNTZGLJI,20616,settled_streaming,1,1785452201
TOKEN-RT4MGQVH6OYXO7SMI3ODGUP2KA,1785452198,1785452201,ACC-YRPLDQBRRHOQWDM6Q3WWM3VAWM,TOKEN-P5BGEDJOA7YNAYEHEPSAAG4RNI,379,settled_streaming,1,1785452201
TOKEN-EJRYSD5UXXEXWJJLYSY54XWU4Q,1785452199,1785452211,ACC-YRPLDQBRRHOQWDM6Q3WWM3VAWM,TOKEN-5KPZH4737BMF3Q4MKZBFNQLJMM,16573,settled_streaming,1,1785452211
TOKEN-BUEO747FVJ4CRNXOJ35FWWOYQE,1785452206,1785452214,ACC-YRPLDQBRRHOQWDM6Q3WWM3VAWM,TOKEN-ECQWOR2PMLGQQWK6PAJNTZGLJI,21229,settled_streaming,1,1785452214
TOKEN-DTXPKNQ2XYDTGO7APJMO2LRR3Q,1785452207,1785452218,ACC-YRPLDQBRRHOQWDM6Q3WWM3VAWM,TOKEN-2AUYPWI3B22SQ7Y4IUXR3WDTSM,810,settled_streaming,1,1785452218
TOKEN-TPBQLURUZC4FQK63FJ5MW5XMVA,1785452209,1785452220,ACC-YRPLDQBRRHOQWDM6Q3WWM3VAWM,TOKEN-ECQWOR2PMLGQQWK6PAJNTZGLJI,372000,settled_streaming,1,1785452220
TOKEN-RV62RN4IOMPKXZQMFNBR2RYAQI,1785452211,1785452230,ACC-YRPLDQBRRHOQWDM6Q3WWM3VAWM,TOKEN-IL4DQSURN3525VMMZKCCQNOJBE,14530,settled_streaming,1,1785452230
TOKEN-YW7PMSNRTG2U6RV7VMSEOYYOZA,1785452212,1785452215,ACC-YRPLDQBRRHOQWDM6Q3WWM3VAWM,TOKEN-FNR4YCBA6YP4ZATSNLPSZBH5SI,367,settled_streaming,1,1785452215
TOKEN-UD3UDAHKCQPIHKUB65UEEMY7OU,1785452214,1785452218,ACC-YRPLDQBRRHOQWDM6Q3WWM3VAWM,TOKEN-ECQWOR2PMLGQQWK6PAJNTZGLJI,21920,settled_streaming,1,1785452218
TOKEN-PNX36RGCWD6VXSQIYDRLOBAVDQ,1785452215,1785452222,ACC-YRPLDQBRRHOQWDM6Q3WWM3VAWM,TOKEN-QBWKIE2XA3FJKHU2JHSHU5UT6U,301552,settled_streaming,1,1785452222
TOKEN-JFCONF6DS4426BXCZYMNMXUMUA,1785452219,1785452224,ACC-YRPLDQBRRHOQWDM6Q3WWM3VAWM,TOKEN-ECQWOR2PMLGQQWK6PAJNTZGLJI,82289,settled_streaming,1,1785452224
TOKEN-WZV6OBHMSUNLUSENN4YQJE6VRM,1785452219,1785452225,ACC-YRPLDQBRRHOQWDM6Q3WWM3VAWM,TOKEN-ECQWOR2PMLGQQWK6PAJNTZGLJI,22483,settled_streaming,1,1785452225
TOKEN-WHLQCMA7645LPGNOPFT74FDLFE,1785452223,1785452253,ACC-YRPLDQBRRHOQWDM6Q3WWM3VAWM,TOKEN-ECQWOR2PMLGQQWK6PAJNTZGLJI,372000,settled_streaming,1,1785452253
TOKEN-IDJZ4NFXWPLW7PHHZKWUIKNDDQ,1785452224,1785452232,ACC-YRPLDQBRRHOQWDM6Q3WWM3VAWM,TOKEN-DCRHF4T2IGBVVXRH6EHDHXQ2CY,601,settled_streaming,1,1785452232
TOKEN-JDH3HLOO3AIOUHDZR43OKUJYDY,1785452225,1785452233,ACC-YRPLDQBRRHOQWDM6Q3WWM3VAWM,TOKEN-LNCLCWIQVK7JSMGG2WWB3P2S5M,377,settled_streaming,1,1785452233
TOKEN-HQSMC2W7XH7HXIUSB4CBKX2AO4,1785452227,1785452232,ACC-YRPLDQBRRHOQWDM6Q3WWM3VAWM,TOKEN-ECQWOR2PMLGQQWK6PAJNTZGLJI,23047,settled_streaming,1,1785452232
TOKEN-O3FXRZI7DIDR23GS7WZSFNIFDQ,1785452229,1785452239,ACC-YRPLDQBRRHOQWDM6Q3WWM3VAWM,TOKEN-EPZYGTOBRV2JSHKMNTBY6FBKIQ,151094,settled_streaming,1,1785452239
TOKEN-YAWELW2UOT32J44QSIWKJSWR54,1785452230,1785452243,ACC-YRPLDQBRRHOQWDM6Q3WWM3VAWM,TOKEN-AMZ5DYXLRHVZP5DM5NHRZRJCP4,16516,settled_streaming,1,1785452243
TOKEN-7W3EU7ULBZC5B2AKJGBYZOATXU,1785452231,1785452256,ACC-YRPLDQBRRHOQWDM6Q3WWM3VAWM,TOKEN-ECQWOR2PMLGQQWK6PAJNTZGLJI,84484,settled_streaming,1,1785452256
TOKEN-GCCUMAR7DENG6GZ5FQ4H45K7UA,1785452232,1785452239,ACC-YRPLDQBRRHOQWDM6Q3WWM3VAWM,TOKEN-ECQWOR2PMLGQQWK6PAJNTZGLJI,24076,settled_streaming,1,1785452239
TOKEN-VO4AH5LGWIRO6IU32MPE7N5OWM,1785452233,1785452238,ACC-YRPLDQBRRHOQWDM6Q3WWM3VAWM,TOKEN-QBWKIE2XA3FJKHU2JHSHU5UT6U,302018,settled_streaming,1,1785452238
TOKEN-5UVEQCYU7RUYOIITLAR647HPI4,1785452234,1785452252,ACC-YRPLDQBRRHOQWDM6Q3WWM3VAWM,TOKEN-OIJYW3Q5VLUHTGOY4YOOQ2UB5U,454,settled_streaming,1,1785452252
TOKEN-L6HQPWLKXOXAMOO5YSWIB4WSGQ,1785452237,1785452243,ACC-YRPLDQBRRHOQWDM6Q3WWM3VAWM,TOKEN-JF3BUZX35EXJUAX6MGC2MUWSXY,377,settled_streaming,1,1785452243
TOKEN-KFWULKC4HMOIBWK33OUW3DOFTI,1785452239,1785452242,ACC-YRPLDQBRRHOQWDM6Q3WWM3VAWM,TOKEN-ECQWOR2PMLGQQWK6PAJNTZGLJI,25008,settled_streaming,1,1785452242
TOKEN-VY4LNQC6P6ZVVLXSSAU3JVFF5Q,1785452241,1785452419,ACC-YRPLDQBRRHOQWDM6Q3WWM3VAWM,TOKEN-EPZYGTOBRV2JSHKMNTBY6FBKIQ,151741,stream_interrupted_compensated,1,1785452419
TOKEN-WGT26WUK24UTSHEGADWRG6THKI,1785452242,1785452251,ACC-YRPLDQBRRHOQWDM6Q3WWM3VAWM,TOKEN-ECQWOR2PMLGQQWK6PAJNTZGLJI,25566,settled_streaming,1,1785452251
TOKEN-4T4PBWMKPVAZNUGTZLRQ3O3GVU,1785452242,1785452256,ACC-YRPLDQBRRHOQWDM6Q3WWM3VAWM,TOKEN-QBWKIE2XA3FJKHU2JHSHU5UT6U,302282,settled_streaming,1,1785452256
TOKEN-VMG6Y4R2RZAH5MBUKFAKQQJN5U,1785452243,1785452291,ACC-YRPLDQBRRHOQWDM6Q3WWM3VAWM,TOKEN-LTXUG5PQJCS76GF2HALWBEJL7M,16493,settled_streaming,1,1785452291
TOKEN-7YL6HW5ZQMHOXTH5Q477VJHEPM,1785452249,1785452262,ACC-YRPLDQBRRHOQWDM6Q3WWM3VAWM,TOKEN-MMGHPZTCMVTQO3DE2NUVXBNPKM,413,settled_streaming,1,1785452262
TOKEN-DO3WK6QLJNVUNPUWEWIVG2QZ5I,1785452252,1785452256,ACC-YRPLDQBRRHOQWDM6Q3WWM3VAWM,TOKEN-ECQWOR2PMLGQQWK6PAJNTZGLJI,26168,settled_streaming,1,1785452256
TOKEN-4E7Y6RDLOZRZO7JUPVBE2NBHMM,1785452256,1785452277,ACC-YRPLDQBRRHOQWDM6Q3WWM3VAWM,TOKEN-ECQWOR2PMLGQQWK6PAJNTZGLJI,88166,settled_streaming,1,1785452277
TOKEN-NKQJLSI56NIK5DOWEENCAWCUPU,1785452257,1785452263,ACC-YRPLDQBRRHOQWDM6Q3WWM3VAWM,TOKEN-ECQWOR2PMLGQQWK6PAJNTZGLJI,26693,settled_streaming,1,1785452263
TOKEN-KQBZJWML25IJBJVSWJJRRT4WJM,1785452262,1785452266,ACC-YRPLDQBRRHOQWDM6Q3WWM3VAWM,TOKEN-AJWEEUT2PYTDFR4LQVSII5WFL4,367,settled_streaming,1,1785452266
TOKEN-OESDXMUVURI4VOX52WBY7TIEFQ,1785452263,1785452296,ACC-YRPLDQBRRHOQWDM6Q3WWM3VAWM,TOKEN-ECQWOR2PMLGQQWK6PAJNTZGLJI,27304,settled_streaming,1,1785452296
TOKEN-JZRXLURPMZOOK2JDZXAY5WXONE,1785452265,1785452276,ACC-YRPLDQBRRHOQWDM6Q3WWM3VAWM,TOKEN-ECQWOR2PMLGQQWK6PAJNTZGLJI,372000,settled_streaming,1,1785452276
TOKEN-LSIWFTOK75ZEU4SCXPLQ4A74LE,1785452267,1785452276,ACC-YRPLDQBRRHOQWDM6Q3WWM3VAWM,TOKEN-QBWKIE2XA3FJKHU2JHSHU5UT6U,302825,settled_streaming,1,1785452276
TOKEN-X3KF6L65HEAN64NT2P4MAGIBJU,1785452267,1785452271,ACC-YRPLDQBRRHOQWDM6Q3WWM3VAWM,TOKEN-GDWZK76JSVF6X7XQMYX2A4FKSM,463,settled_streaming,1,1785452271
TOKEN-HI67KKXX7GJIHH4PJJU2KB2AJI,1785452271,1785452281,ACC-YRPLDQBRRHOQWDM6Q3WWM3VAWM,TOKEN-F7ML5DAWN52T7QHMIJVMMSMBUI,372000,settled_streaming,1,1785452281
TOKEN-CP55MHE4R7O7JNKLN6OTUPMZQM,1785452278,1785452286,ACC-YRPLDQBRRHOQWDM6Q3WWM3VAWM,TOKEN-ECQWOR2PMLGQQWK6PAJNTZGLJI,91334,settled_streaming,1,1785452286
TOKEN-RKNMAZ36ANWNG7JOYQT4WLTXCI,1785452279,1785452296,ACC-YRPLDQBRRHOQWDM6Q3WWM3VAWM,TOKEN-ECQWOR2PMLGQQWK6PAJNTZGLJI,372000,settled_streaming,1,1785452296
TOKEN-NXN2324FL2Z7FSZHH3FFYPFKOI,1785452281,1785452287,ACC-YRPLDQBRRHOQWDM6Q3WWM3VAWM,TOKEN-VW576CG3C7RDZ77G4KDR3EYV6I,372000,settled_streaming,1,1785452287
TOKEN-EV4HN2ZSPA6REERLT65IZ4ATAA,1785452286,1785452302,ACC-YRPLDQBRRHOQWDM6Q3WWM3VAWM,TOKEN-ECQWOR2PMLGQQWK6PAJNTZGLJI,16534,settled_streaming,1,1785452302
TOKEN-RULIRYHPKIP3EWUL2HPY76HXEU,1785452286,1785452292,ACC-YRPLDQBRRHOQWDM6Q3WWM3VAWM,TOKEN-QBWKIE2XA3FJKHU2JHSHU5UT6U,303087,settled_streaming,1,1785452292
TOKEN-JWFBZFUCDQNAYXVPXSALQGJG7Q,1785452287,1785452294,ACC-YRPLDQBRRHOQWDM6Q3WWM3VAWM,TOKEN-ECQWOR2PMLGQQWK6PAJNTZGLJI,92121,settled_streaming,1,1785452294
TOKEN-XUOHVUB2UXDFOGEPGCFYTDDZ4M,1785452288,1785452293,ACC-YRPLDQBRRHOQWDM6Q3WWM3VAWM,TOKEN-N2JSJ5JO3QXBIAEBP3EA3VQGEI,368150,settled_streaming,1,1785452293
TOKEN-2KGNVVK4BUZF34W6UA2F5WY6TU,1785452291,1785452315,ACC-YRPLDQBRRHOQWDM6Q3WWM3VAWM,TOKEN-TEOXEJYTMNQ5JVVC35IH6CMXJ4,8237,settled_streaming,1,1785452315
TOKEN-LCHA2A3WIDZ5CJIM5DKOR4ZLDQ,1785452292,1785452294,ACC-YRPLDQBRRHOQWDM6Q3WWM3VAWM,TOKEN-6MI3OIRBHEDHDX7PNGBKOC6CJ4,379,settled_streaming,1,1785452294
TOKEN-W6PBQD4DKGY7AQBRML4SEPGX2Q,1785452294,1785452298,ACC-YRPLDQBRRHOQWDM6Q3WWM3VAWM,TOKEN-U72F46HBC5LBPRRMDR6SQ7OY7U,372000,settled_streaming,1,1785452298
TOKEN-VWDBJXQU4U5JW2A7SM64Q3DMBQ,1785452297,1785452301,ACC-YRPLDQBRRHOQWDM6Q3WWM3VAWM,TOKEN-ECQWOR2PMLGQQWK6PAJNTZGLJI,29786,settled_streaming,1,1785452301
TOKEN-ZW67BKWEMWWOODIXCSPMWUTIJE,1785452298,1785452304,ACC-YRPLDQBRRHOQWDM6Q3WWM3VAWM,TOKEN-HZKJ3V6BWL5QLY7JN2MY3W2DGM,22685,settled_streaming,1,1785452304
TOKEN-G6RY7BPH4PE4GJXX4M6GCTBFLQ,1785452301,1785452306,ACC-YRPLDQBRRHOQWDM6Q3WWM3VAWM,TOKEN-ECQWOR2PMLGQQWK6PAJNTZGLJI,31146,settled_streaming,1,1785452306
TOKEN-F5CEZ7IKQS36N3GZT6CQPIDH3U,1785452302,1785452307,ACC-YRPLDQBRRHOQWDM6Q3WWM3VAWM,TOKEN-ECQWOR2PMLGQQWK6PAJNTZGLJI,17473,settled_streaming,1,1785452307
TOKEN-MY24XVOSKCMOMITMLW7VV6A3T4,1785452302,1785452310,ACC-YRPLDQBRRHOQWDM6Q3WWM3VAWM,TOKEN-ECQWOR2PMLGQQWK6PAJNTZGLJI,94444,settled_streaming,1,1785452310
TOKEN-TWV3IOZUNAKLVKA6UQ2RM53HJQ,1785452303,1785452309,ACC-YRPLDQBRRHOQWDM6Q3WWM3VAWM,TOKEN-QBWKIE2XA3FJKHU2JHSHU5UT6U,303552,settled_streaming,1,1785452309
TOKEN-KMBD4NL7R7KA6A353675E42NPI,1785452305,1785452320,ACC-YRPLDQBRRHOQWDM6Q3WWM3VAWM,TOKEN-ECQWOR2PMLGQQWK6PAJNTZGLJI,372000,settled_streaming,1,1785452320
TOKEN-H57FY6R736YQLAUIHUM6AUP5JE,1785452305,1785452314,ACC-YRPLDQBRRHOQWDM6Q3WWM3VAWM,TOKEN-DWFYJMJI2R5X5R5RIAMHP5HSGY,372000,settled_streaming,1,1785452314
TOKEN-VJW4WKMRFXY2KPWFTNJ5ERZIYI,1785452310,1785452313,ACC-YRPLDQBRRHOQWDM6Q3WWM3VAWM,TOKEN-ECQWOR2PMLGQQWK6PAJNTZGLJI,19866,settled_streaming,1,1785452313
TOKEN-ATIT5BKWDTY5NAYHPZJ3WBHCS4,1785452310,1785452317,ACC-YRPLDQBRRHOQWDM6Q3WWM3VAWM,TOKEN-ECQWOR2PMLGQQWK6PAJNTZGLJI,32299,settled_streaming,1,1785452317
TOKEN-KIC3XEQMIQ2UUT56MOMQ3ZVDGU,1785452311,1785452416,ACC-YRPLDQBRRHOQWDM6Q3WWM3VAWM,TOKEN-ECQWOR2PMLGQQWK6PAJNTZGLJI,95134,settled_streaming,1,1785452416
TOKEN-4LECYZ3S4FOGOJRGMTNC3VJ5HE,1785452312,1785452318,ACC-YRPLDQBRRHOQWDM6Q3WWM3VAWM,TOKEN-QBWKIE2XA3FJKHU2JHSHU5UT6U,303817,settled_streaming,1,1785452318
TOKEN-2T2QWCJTMOHELBA7LUCZICWL5M,1785452313,1785452320,ACC-YRPLDQBRRHOQWDM6Q3WWM3VAWM,TOKEN-ECQWOR2PMLGQQWK6PAJNTZGLJI,21480,settled_streaming,1,1785452320
TOKEN-JUXIS2UI4DQOYOZ6SODPVDBB6Y,1785452314,1785452320,ACC-YRPLDQBRRHOQWDM6Q3WWM3VAWM,TOKEN-FSCKR3ECPZL3JYGE44BEGN4Y2E,372000,settled_streaming,1,1785452320
TOKEN-IZNYKBP2FCOS6PP2ZL7TFRUNKE,1785452315,1785452676,ACC-YRPLDQBRRHOQWDM6Q3WWM3VAWM,TOKEN-5YXURHCZDYMJHT5WABDR7YT3QE,8217,settled_streaming,1,1785452676
TOKEN-VOYSAZMHNSNYKKGKKU7WS5IXEQ,1785452317,1785452323,ACC-YRPLDQBRRHOQWDM6Q3WWM3VAWM,TOKEN-ECQWOR2PMLGQQWK6PAJNTZGLJI,34259,settled_streaming,1,1785452323
TOKEN-4W55FTXYVUZIAOBMQ6FWFPKQZU,1785452319,1785452328,ACC-YRPLDQBRRHOQWDM6Q3WWM3VAWM,TOKEN-QBWKIE2XA3FJKHU2JHSHU5UT6U,304413,settled_streaming,1,1785452328
TOKEN-DB5EVPJ7OHQJZWD32MRRLTVJKE,1785452321,1785452331,ACC-YRPLDQBRRHOQWDM6Q3WWM3VAWM,TOKEN-W7VETRVWVVFJPFLMRUP5AGFYJQ,130331,settled_streaming,1,1785452331
TOKEN-BYUUFMDJPBOKBK6HXMC54DHMXU,1785452322,1785452354,ACC-YRPLDQBRRHOQWDM6Q3WWM3VAWM,TOKEN-ECQWOR2PMLGQQWK6PAJNTZGLJI,372000,settled_streaming,1,1785452354
TOKEN-IBBL4EU4Y2ZOVQWTG4ZTK6UAYY,1785452324,1785452328,ACC-YRPLDQBRRHOQWDM6Q3WWM3VAWM,TOKEN-VPOQNAW2GFAKYFCEXY44TZGRTA,379,settled_streaming,1,1785452328
TOKEN-BWH4N4HKFJLKYVIC7WKZT7NUAY,1785452330,1785452338,ACC-YRPLDQBRRHOQWDM6Q3WWM3VAWM,TOKEN-ECQWOR2PMLGQQWK6PAJNTZGLJI,22306,settled_streaming,1,1785452338
TOKEN-2I5QZD4XQXWNEMFVOCN7Y5TGJM,1785452330,1785452335,ACC-YRPLDQBRRHOQWDM6Q3WWM3VAWM,TOKEN-ECQWOR2PMLGQQWK6PAJNTZGLJI,35117,settled_streaming,1,1785452335
TOKEN-IFPPK3F5VFQQ6F2GJAU2DTKGPM,1785452335,1785452342,ACC-YRPLDQBRRHOQWDM6Q3WWM3VAWM,TOKEN-ECQWOR2PMLGQQWK6PAJNTZGLJI,36731,settled_streaming,1,1785452342
TOKEN-UYKIYX7LDWOMPNSX57ZOIWO5KE,1785452337,1785452346,ACC-YRPLDQBRRHOQWDM6Q3WWM3VAWM,TOKEN-B2GMIT6R53MCXEXJIU5M5DL5WY,615,settled_streaming,1,1785452346
TOKEN-ORHRYSAAHXXMXZM7DNTKTNQCNQ,1785452339,1785452344,ACC-YRPLDQBRRHOQWDM6Q3WWM3VAWM,TOKEN-QBWKIE2XA3FJKHU2JHSHU5UT6U,304955,settled_streaming,1,1785452344
TOKEN-WR5M222LNQEZSUSCMCVDTIVY2U,1785452342,1785452348,ACC-YRPLDQBRRHOQWDM6Q3WWM3VAWM,TOKEN-ECQWOR2PMLGQQWK6PAJNTZGLJI,38631,settled_streaming,1,1785452348
TOKEN-KGNWTTTLMVWJGDJFQTCJQWFI7E,1785452343,1785452353,ACC-YRPLDQBRRHOQWDM6Q3WWM3VAWM,TOKEN-ECQWOR2PMLGQQWK6PAJNTZGLJI,22908,settled_streaming,1,1785452353
TOKEN-43YEMXT7DEOT3HBRLNM2FM4DMQ,1785452346,1785452355,ACC-YRPLDQBRRHOQWDM6Q3WWM3VAWM,TOKEN-BQUAL57VYZAY2G4TAIRA2D36Z4,387,settled_streaming,1,1785452355
TOKEN-R7LYJN73W76APG647E2HKAHKBU,1785452348,1785452354,ACC-YRPLDQBRRHOQWDM6Q3WWM3VAWM,TOKEN-ECQWOR2PMLGQQWK6PAJNTZGLJI,40102,settled_streaming,1,1785452354
TOKEN-SABCEZCS7TNJPWNUSQWZ45DR4I,1785452354,1785452359,ACC-YRPLDQBRRHOQWDM6Q3WWM3VAWM,TOKEN-ECQWOR2PMLGQQWK6PAJNTZGLJI,24207,settled_streaming,1,1785452359
TOKEN-7635OIDKVBV7BMT5VNYS7VAHKY,1785452354,1785452362,ACC-YRPLDQBRRHOQWDM6Q3WWM3VAWM,TOKEN-ECQWOR2PMLGQQWK6PAJNTZGLJI,40713,settled_streaming,1,1785452362
TOKEN-BUZ7D7WF6X5NJDXOPQGJPPINRY,1785452357,1785452369,ACC-YRPLDQBRRHOQWDM6Q3WWM3VAWM,TOKEN-ECQWOR2PMLGQQWK6PAJNTZGLJI,372000,settled_streaming,1,1785452369
TOKEN-SDYSWVMUAR7YQ7ISQQ3H5LWKZA,1785452358,1785452362,ACC-YRPLDQBRRHOQWDM6Q3WWM3VAWM,TOKEN-ENYF4I3ZQ4FCFNRS6ZJB7MOAX4,379,settled_streaming,1,1785452362
TOKEN-OXZAJDZXLCSX5RD7MZN5CPXL5Y,1785452358,1785452368,ACC-YRPLDQBRRHOQWDM6Q3WWM3VAWM,TOKEN-QBWKIE2XA3FJKHU2JHSHU5UT6U,305217,settled_streaming,1,1785452368
TOKEN-VUHRTIWXXOTKOALQD7CJCBOK5Q,1785452360,1785452366,ACC-YRPLDQBRRHOQWDM6Q3WWM3VAWM,TOKEN-ECQWOR2PMLGQQWK6PAJNTZGLJI,25554,settled_streaming,1,1785452366
TOKEN-U3WG7EX3U3PSTBRHZI4X6NZSI4,1785452362,1785452366,ACC-YRPLDQBRRHOQWDM6Q3WWM3VAWM,TOKEN-ECQWOR2PMLGQQWK6PAJNTZGLJI,41397,settled_streaming,1,1785452366
TOKEN-IKVPY2XZHOL6EBLPU7O7V66QUQ,1785452365,1785452368,ACC-YRPLDQBRRHOQWDM6Q3WWM3VAWM,TOKEN-NI7WQY5YSSWY42CQNITPW7E5KM,367,settled_streaming,1,1785452368
TOKEN-V6WB5U6XQKUT2GDACFZXAQLUHY,1785452366,1785452371,ACC-YRPLDQBRRHOQWDM6Q3WWM3VAWM,TOKEN-ECQWOR2PMLGQQWK6PAJNTZGLJI,42535,settled_streaming,1,1785452371
TOKEN-HWARCCEU7ZURZJJBJ5HTFED7BA,1785452367,1785452373,ACC-YRPLDQBRRHOQWDM6Q3WWM3VAWM,TOKEN-ECQWOR2PMLGQQWK6PAJNTZGLJI,26177,settled_streaming,1,1785452373
TOKEN-34EHXHWSFV32K4S36RFS66TXHE,1785452369,1785452373,ACC-YRPLDQBRRHOQWDM6Q3WWM3VAWM,TOKEN-L7AO2CEWVVIKZYCVRTGVSHMMS4,418,settled_streaming,1,1785452373
TOKEN-GSFMDRD3HFFLOTORXNJH47WPX4,1785452371,1785452434,ACC-YRPLDQBRRHOQWDM6Q3WWM3VAWM,TOKEN-ECQWOR2PMLGQQWK6PAJNTZGLJI,372000,settled_streaming,1,1785452434
TOKEN-ARIKPVL7GGP65VFBQKBEQ7X6HM,1785452374,1785452377,ACC-YRPLDQBRRHOQWDM6Q3WWM3VAWM,TOKEN-EYGD74DT2SNRCRKR5TOLFJZMP4,378,settled_streaming,1,1785452377
TOKEN-JSWJTM764EUS57IIEGI5MH6IUM,1785452376,1785452380,ACC-YRPLDQBRRHOQWDM6Q3WWM3VAWM,TOKEN-ECQWOR2PMLGQQWK6PAJNTZGLJI,26695,settled_streaming,1,1785452380
TOKEN-SOFEGUE2F57BRXYEYHI5JKKEBQ,1785452376,1785452382,ACC-YRPLDQBRRHOQWDM6Q3WWM3VAWM,TOKEN-ECQWOR2PMLGQQWK6PAJNTZGLJI,43597,settled_streaming,1,1785452382
TOKEN-CXL3VWLBP5HQC37SU4ZYALY3VQ,1785452378,1785452391,ACC-YRPLDQBRRHOQWDM6Q3WWM3VAWM,TOKEN-APBYRMZUXUAFK7AWXRIF2PAVHU,116625,settled_streaming,1,1785452391
TOKEN-SOW2N3K4KREE7V6DSKGOKQJUCI,1785452379,1785452386,ACC-YRPLDQBRRHOQWDM6Q3WWM3VAWM,TOKEN-QBWKIE2XA3FJKHU2JHSHU5UT6U,305683,settled_streaming,1,1785452386
TOKEN-KRVV37RPFF5FIZXLXM4XO4QZE4,1785452380,1785452385,ACC-YRPLDQBRRHOQWDM6Q3WWM3VAWM,TOKEN-ECQWOR2PMLGQQWK6PAJNTZGLJI,27249,settled_streaming,1,1785452385
TOKEN-7OZA4KMNWVYOROXHLZ5HYSZYZY,1785452382,1785452387,ACC-YRPLDQBRRHOQWDM6Q3WWM3VAWM,TOKEN-ECQWOR2PMLGQQWK6PAJNTZGLJI,45151,settled_streaming,1,1785452387
TOKEN-XDS66THD2DGCOWQWVTQAUX3OME,1785452387,1785452393,ACC-YRPLDQBRRHOQWDM6Q3WWM3VAWM,TOKEN-ECQWOR2PMLGQQWK6PAJNTZGLJI,27829,settled_streaming,1,1785452393
TOKEN-3C3PDUNZR5LTBTTQ46RJM3F2FA,1785452388,1785452393,ACC-YRPLDQBRRHOQWDM6Q3WWM3VAWM,TOKEN-ECQWOR2PMLGQQWK6PAJNTZGLJI,46463,settled_streaming,1,1785452393
TOKEN-3YU3N33QKDX2XM3RNGATON6DJA,1785452388,1785452402,ACC-YRPLDQBRRHOQWDM6Q3WWM3VAWM,TOKEN-QBWKIE2XA3FJKHU2JHSHU5UT6U,305947,settled_streaming,1,1785452402
TOKEN-44PWCPIKQRF5ZNCMRW6SXQZSLY,1785452391,1785452396,ACC-YRPLDQBRRHOQWDM6Q3WWM3VAWM,TOKEN-6DFWQS2LTGRBEIHRBJCJAZUQKA,759,settled_streaming,1,1785452396
TOKEN-BPLKCKNLMVRDQYQHDOTRFNVSMQ,1785452393,1785452399,ACC-YRPLDQBRRHOQWDM6Q3WWM3VAWM,TOKEN-ECQWOR2PMLGQQWK6PAJNTZGLJI,47726,settled_streaming,1,1785452399
TOKEN-LLUPYVMCZ7ZW7RJ2DNTTLAEUCE,1785452393,1785452403,ACC-YRPLDQBRRHOQWDM6Q3WWM3VAWM,TOKEN-3XWQBYMFBR2Q3HGIAOHOPA7WFA,379,settled_streaming,1,1785452403
TOKEN-7M45X7ACX5Q5H3QBISTMYOBZZY,1785452394,1785452405,ACC-YRPLDQBRRHOQWDM6Q3WWM3VAWM,TOKEN-ECQWOR2PMLGQQWK6PAJNTZGLJI,28446,settled_streaming,1,1785452405
TOKEN-EAX6OBUBNFE42IQVPE4LYDVUB4,1785452397,1785452410,ACC-YRPLDQBRRHOQWDM6Q3WWM3VAWM,TOKEN-VCONNNYUIGWTSOIU2UGJJATYFA,378,settled_streaming,1,1785452410
TOKEN-HC5ON2TPBKRFFRZCODSSVUWHVY,1785452399,1785452404,ACC-YRPLDQBRRHOQWDM6Q3WWM3VAWM,TOKEN-ECQWOR2PMLGQQWK6PAJNTZGLJI,48521,settled_streaming,1,1785452404
TOKEN-HD2U2DYJF77RYNMLUMGNNMPZCQ,1785452404,1785452413,ACC-YRPLDQBRRHOQWDM6Q3WWM3VAWM,TOKEN-ECQWOR2PMLGQQWK6PAJNTZGLJI,49279,settled_streaming,1,1785452413
TOKEN-O7B5NABTYATHRAU7REMADHAZUM,1785452408,1785452455,ACC-YRPLDQBRRHOQWDM6Q3WWM3VAWM,TOKEN-ECQWOR2PMLGQQWK6PAJNTZGLJI,32182,settled_streaming,1,1785452455
TOKEN-BXQ4KRFHSIY3YJSIPNNYXSY6TA,1785452410,1785452424,ACC-YRPLDQBRRHOQWDM6Q3WWM3VAWM,TOKEN-7ZATH66KF6DLUFMXC6HP5AOS4I,413,settled_streaming,1,1785452424
TOKEN-3SU7JB23OLOHPPNQGXOGOHLYLY,1785452413,1785452417,ACC-YRPLDQBRRHOQWDM6Q3WWM3VAWM,TOKEN-ECQWOR2PMLGQQWK6PAJNTZGLJI,50112,settled_streaming,1,1785452417
TOKEN-LSIGHOKDC4UMPGFT6OBJRKTNSA,1785452414,1785452418,ACC-YRPLDQBRRHOQWDM6Q3WWM3VAWM,TOKEN-QBWKIE2XA3FJKHU2JHSHU5UT6U,306502,settled_streaming,1,1785452418
TOKEN-H3ULXCA6SOJSN5JF67QDPCQYFM,1785452417,1785452426,ACC-YRPLDQBRRHOQWDM6Q3WWM3VAWM,TOKEN-ECQWOR2PMLGQQWK6PAJNTZGLJI,103510,settled_streaming,1,1785452426
TOKEN-N4FNYC7OWTTYKMYG7PRDFVJNYU,1785452421,1785452431,ACC-YRPLDQBRRHOQWDM6Q3WWM3VAWM,TOKEN-ECQWOR2PMLGQQWK6PAJNTZGLJI,51097,settled_streaming,1,1785452431
TOKEN-YO63WGYBLNWYA37MUTKRGEVFAM,1785452427,1785452433,ACC-YRPLDQBRRHOQWDM6Q3WWM3VAWM,TOKEN-ECQWOR2PMLGQQWK6PAJNTZGLJI,104188,settled_streaming,1,1785452433
TOKEN-MA2JG32QQJ5KYOHDEUGWXC6NG4,1785452431,1785452437,ACC-YRPLDQBRRHOQWDM6Q3WWM3VAWM,TOKEN-ECQWOR2PMLGQQWK6PAJNTZGLJI,52228,settled_streaming,1,1785452437
TOKEN-LKZBSYSHHZ7HO76I5WUMQUMXMA,1785452433,1785452439,ACC-YRPLDQBRRHOQWDM6Q3WWM3VAWM,TOKEN-JSAOWF2G3UJ5M2P72P5PDGRXAI,379,settled_streaming,1,1785452439
TOKEN-YNI347IAUSF4NQDEGYMXUIQB7M,1785452433,1785452444,ACC-YRPLDQBRRHOQWDM6Q3WWM3VAWM,TOKEN-QBWKIE2XA3FJKHU2JHSHU5UT6U,306766,settled_streaming,1,1785452444
TOKEN-TVT43A2AKDUEP6M532Y7HE6NKY,1785452434,1785452452,ACC-YRPLDQBRRHOQWDM6Q3WWM3VAWM,TOKEN-HAZGFTSBJZYNFB2BV3S3RGP7JM,393,settled_streaming,1,1785452452
TOKEN-YMRHKUNWVLQ5TNQ7VG26ZF4TWE,1785452434,1785452514,ACC-YRPLDQBRRHOQWDM6Q3WWM3VAWM,TOKEN-ECQWOR2PMLGQQWK6PAJNTZGLJI,104745,settled_streaming,1,1785452514
TOKEN-RLX2AH4HAJK62STTP7QCGRDGWY,1785452436,1785452454,ACC-YRPLDQBRRHOQWDM6Q3WWM3VAWM,TOKEN-ECQWOR2PMLGQQWK6PAJNTZGLJI,372000,settled_streaming,1,1785452454
TOKEN-PJST5D3IHW5DSOKNKG4UX3KAQY,1785452442,1785452456,ACC-YRPLDQBRRHOQWDM6Q3WWM3VAWM,TOKEN-TEL4B6DZA3UA76AUTLSIWCFEHI,969,settled_streaming,1,1785452456
TOKEN-3OWVSDVWQTJBJ23DUFAVHMZ2HM,1785452442,1785452453,ACC-YRPLDQBRRHOQWDM6Q3WWM3VAWM,TOKEN-ECQWOR2PMLGQQWK6PAJNTZGLJI,53176,settled_streaming,1,1785452453
TOKEN-2NOKYHYIFMNWN3QJXJ7V666J3E,1785452452,1785452460,ACC-YRPLDQBRRHOQWDM6Q3WWM3VAWM,TOKEN-LNXN4AIJVYTMXOI5LZLV6W6VIM,614,settled_streaming,1,1785452460
TOKEN-VQGAHQAUHW5VSMJYBFDNKVTOM4,1785452454,1785452461,ACC-YRPLDQBRRHOQWDM6Q3WWM3VAWM,TOKEN-ECQWOR2PMLGQQWK6PAJNTZGLJI,54362,settled_streaming,1,1785452461
TOKEN-FJNW64HPCMRVROEHGLBJO7LJKM,1785452455,1785452464,ACC-YRPLDQBRRHOQWDM6Q3WWM3VAWM,TOKEN-QBWKIE2XA3FJKHU2JHSHU5UT6U,307232,settled_streaming,1,1785452464
TOKEN-VNDLUZVRGZA425CX4SWBQFW46Q,1785452456,1785452503,ACC-YRPLDQBRRHOQWDM6Q3WWM3VAWM,TOKEN-ECQWOR2PMLGQQWK6PAJNTZGLJI,372000,settled_streaming,1,1785452503
TOKEN-Y22PB2KEJYJCY3LRYGWYWGVMJM,1785452461,1785452471,ACC-YRPLDQBRRHOQWDM6Q3WWM3VAWM,TOKEN-ECQWOR2PMLGQQWK6PAJNTZGLJI,55395,settled_streaming,1,1785452471
TOKEN-R2NIVSMUHOSFHJ7B6I6SKUJAVM,1785452461,1785452469,ACC-YRPLDQBRRHOQWDM6Q3WWM3VAWM,TOKEN-ECQWOR2PMLGQQWK6PAJNTZGLJI,37742,settled_streaming,1,1785452469
TOKEN-IAF7ZTIZZXKF7RISGBUZNVMH4I,1785452463,1785452478,ACC-YRPLDQBRRHOQWDM6Q3WWM3VAWM,TOKEN-OVJKAOULMW5XHKH7MHU2WEZQBM,874,settled_streaming,1,1785452478
TOKEN-QBHIGC5XASJCJHJW5C5NEMPCB4,1785452465,1785452499,ACC-YRPLDQBRRHOQWDM6Q3WWM3VAWM,TOKEN-QBWKIE2XA3FJKHU2JHSHU5UT6U,307627,settled_streaming,1,1785452499
TOKEN-AURDJCBKJCCZJXVUL25ZTWWPRQ,1785452470,1785452479,ACC-YRPLDQBRRHOQWDM6Q3WWM3VAWM,TOKEN-ECQWOR2PMLGQQWK6PAJNTZGLJI,40045,settled_streaming,1,1785452479
TOKEN-2FH6MACV3LUSCKZIQMDBBAO3DU,1785452472,1785452477,ACC-YRPLDQBRRHOQWDM6Q3WWM3VAWM,TOKEN-ECQWOR2PMLGQQWK6PAJNTZGLJI,56941,settled_streaming,1,1785452477
TOKEN-B5U7BQPTNOR3C42RRL4K6C6AA4,1785452477,1785452477,ACC-YRPLDQBRRHOQWDM6Q3WWM3VAWM,TOKEN-4QK52C5AMPKROEZ5EYSATO7DDE,411,websocket_fallback_context_recovering,0,0
TOKEN-HEWVQBX5UENLYJWSG4SCJD2BC4,1785452477,1785452484,ACC-YRPLDQBRRHOQWDM6Q3WWM3VAWM,TOKEN-ECQWOR2PMLGQQWK6PAJNTZGLJI,58209,settled_streaming,1,1785452484
TOKEN-SRUOVHFDZJV5HUP33ZKGTCNLWI,1785452478,1785452489,ACC-YRPLDQBRRHOQWDM6Q3WWM3VAWM,TOKEN-IDX2XDKCEOIPE2KS4ROGMGXVZM,577,settled_streaming,1,1785452489
TOKEN-IT3VX564RVZCBGERQHIXDVHKU4,1785452479,1785452486,ACC-YRPLDQBRRHOQWDM6Q3WWM3VAWM,TOKEN-ECQWOR2PMLGQQWK6PAJNTZGLJI,41611,settled_streaming,1,1785452486
TOKEN-7EHPZV7A6V62NLQF26P6ZXV7LA,1785452483,1785452489,ACC-YRPLDQBRRHOQWDM6Q3WWM3VAWM,TOKEN-7LYJZ3VHRJXHW7SLGQH7C32AFI,372000,stream_interrupted_compensated,1,1785452489
TOKEN-3WEG5TNF2VSP4CWGAK3AJS4NMQ,1785452484,1785452490,ACC-YRPLDQBRRHOQWDM6Q3WWM3VAWM,TOKEN-ECQWOR2PMLGQQWK6PAJNTZGLJI,59339,settled_streaming,1,1785452490
TOKEN-IDG22NUDZUEMGV2GK353WKXVTU,1785452486,1785452490,ACC-YRPLDQBRRHOQWDM6Q3WWM3VAWM,TOKEN-RMLBI7XZL4TNX5T3NUCAQ7HV4M,379,settled_streaming,1,1785452490
TOKEN-4TDHFC465XEB3ZSOKEK7KXU6XY,1785452487,1785452499,ACC-YRPLDQBRRHOQWDM6Q3WWM3VAWM,TOKEN-ECQWOR2PMLGQQWK6PAJNTZGLJI,42556,settled_streaming,1,1785452499
TOKEN-SYV367U26NFREB3V2WJUQVF4YY,1785452489,1785452497,ACC-YRPLDQBRRHOQWDM6Q3WWM3VAWM,TOKEN-EDDVVTJHYVVMIOUBDJXXSXH3EI,392,settled_streaming,1,1785452497
TOKEN-353IFZ3YQWDX4Z64G4DBRVHIOU,1785452491,1785452495,ACC-YRPLDQBRRHOQWDM6Q3WWM3VAWM,TOKEN-ECQWOR2PMLGQQWK6PAJNTZGLJI,59919,settled_streaming,1,1785452495
TOKEN-VUXMBHZC322KPLD2GJFZXTBWXY,1785452495,1785452501,ACC-YRPLDQBRRHOQWDM6Q3WWM3VAWM,TOKEN-7LYJZ3VHRJXHW7SLGQH7C32AFI,372000,stream_interrupted_compensated,1,1785452501
TOKEN-HTQXZZGS23CFO5D4IY4QYSJ5PY,1785452495,1785452503,ACC-YRPLDQBRRHOQWDM6Q3WWM3VAWM,TOKEN-ECQWOR2PMLGQQWK6PAJNTZGLJI,60364,settled_streaming,1,1785452503
TOKEN-QNQRZNVBZZF4LQHNIZX3WXTQ2I,1785452497,1785452505,ACC-YRPLDQBRRHOQWDM6Q3WWM3VAWM,TOKEN-T4RQ4QRPDTGZMQBUDGQGUCBLZY,424,settled_streaming,1,1785452505
TOKEN-7M3BBXPYLDDOHTFBC7MEM65K7M,1785452500,1785452507,ACC-YRPLDQBRRHOQWDM6Q3WWM3VAWM,TOKEN-ECQWOR2PMLGQQWK6PAJNTZGLJI,44939,settled_streaming,1,1785452507
TOKEN-HCCKWP5ZEOGKOKFIOB5EESZ35I,1785452500,1785452507,ACC-YRPLDQBRRHOQWDM6Q3WWM3VAWM,TOKEN-QBWKIE2XA3FJKHU2JHSHU5UT6U,309692,settled_streaming,1,1785452507
TOKEN-53M7KKAK36SI3352EODMB7DAUE,1785452503,1785452542,ACC-YRPLDQBRRHOQWDM6Q3WWM3VAWM,TOKEN-ECQWOR2PMLGQQWK6PAJNTZGLJI,61931,settled_streaming,1,1785452542
TOKEN-CR6OCAIFAMRQQ6GQI35X244XMA,1785452505,1785452569,ACC-YRPLDQBRRHOQWDM6Q3WWM3VAWM,TOKEN-ECQWOR2PMLGQQWK6PAJNTZGLJI,372000,settled_streaming,1,1785452569
TOKEN-ZFIFMBV45DCPFFQIKB3KWAFYUY,1785452506,1785452517,ACC-YRPLDQBRRHOQWDM6Q3WWM3VAWM,TOKEN-5DTN7NW56BUBMYEZP4J2XDEDZY,954,settled_streaming,1,1785452517
TOKEN-TQMAUULCZXEILF47DROONSUGJM,1785452507,1785452519,ACC-YRPLDQBRRHOQWDM6Q3WWM3VAWM,TOKEN-7LYJZ3VHRJXHW7SLGQH7C32AFI,372000,stream_interrupted_compensated,1,1785452519
TOKEN-KFN5HVQCAV37IJ4B7ULZSAY6QY,1785452508,1785452517,ACC-YRPLDQBRRHOQWDM6Q3WWM3VAWM,TOKEN-QBWKIE2XA3FJKHU2JHSHU5UT6U,310261,settled_streaming,1,1785452517
TOKEN-GS7DDNFCL5Z7SRQU4IJDIMRYOQ,1785452513,1785452526,ACC-YRPLDQBRRHOQWDM6Q3WWM3VAWM,TOKEN-ECQWOR2PMLGQQWK6PAJNTZGLJI,46835,settled_streaming,1,1785452526
TOKEN-XPRCF7JJEG2BDADFSC4G42VOR4,1785452515,1785452523,ACC-YRPLDQBRRHOQWDM6Q3WWM3VAWM,TOKEN-ECQWOR2PMLGQQWK6PAJNTZGLJI,111184,settled_streaming,1,1785452523
TOKEN-YMGWIPBAXO47QTET46NKDJFGGI,1785452517,1785452524,ACC-YRPLDQBRRHOQWDM6Q3WWM3VAWM,TOKEN-7DUUCKPLA2WOWINOAALTVNL4UI,1119,settled_streaming,1,1785452524
TOKEN-R7IAIYKPXM4FZTNQVA54MV5Y6U,1785452520,1785452522,ACC-YRPLDQBRRHOQWDM6Q3WWM3VAWM,TOKEN-VUGUFH5W7NEXZATWCKANLY4GHI,379,settled_streaming,1,1785452522
TOKEN-PWLO27TODIB2KWBDYTRAMBPKT4,1785452522,1785452542,ACC-YRPLDQBRRHOQWDM6Q3WWM3VAWM,TOKEN-QBWKIE2XA3FJKHU2JHSHU5UT6U,310757,settled_streaming,1,1785452542
TOKEN-NPYCR5OE5UWJCCY5VGXQHQRF5Q,1785452524,1785452537,ACC-YRPLDQBRRHOQWDM6Q3WWM3VAWM,TOKEN-ECQWOR2PMLGQQWK6PAJNTZGLJI,111943,settled_streaming,1,1785452537
TOKEN-OAIKGHG62QPAUAGF34EBW66NBU,1785452525,1785452533,ACC-YRPLDQBRRHOQWDM6Q3WWM3VAWM,TOKEN-FBJB6VPWXCUXPD3LRN3TVAOWQQ,697,settled_streaming,1,1785452533
TOKEN-CWOAVEASARF2UMLSYQFCKLGZRY,1785452526,1785452532,ACC-YRPLDQBRRHOQWDM6Q3WWM3VAWM,TOKEN-7LYJZ3VHRJXHW7SLGQH7C32AFI,372000,stream_interrupted_compensated,1,1785452532
TOKEN-MFSNJV3ON4QT3JWQN5ROBF2ZGY,1785452527,1785452539,ACC-YRPLDQBRRHOQWDM6Q3WWM3VAWM,TOKEN-ECQWOR2PMLGQQWK6PAJNTZGLJI,49914,settled_streaming,1,1785452539
TOKEN-7RIQV5Q36FM4B2FFKDCX5DH52E,1785452527,1785452537,ACC-YRPLDQBRRHOQWDM6Q3WWM3VAWM,TOKEN-667DMROWWZBCUJONZNKJR7SYEE,741,settled_streaming,1,1785452537
TOKEN-JJNBL3M67P6KXKOM7V4WCEQ4ZQ,1785452534,1785452557,ACC-YRPLDQBRRHOQWDM6Q3WWM3VAWM,TOKEN-5DDQXLPL35A52ZKFSJQODCL43Y,952,settled_streaming,1,1785452557
TOKEN-OHHGWJ5QFMIFF4QN7GHBGWQIG4,1785452538,1785452555,ACC-YRPLDQBRRHOQWDM6Q3WWM3VAWM,TOKEN-ECQWOR2PMLGQQWK6PAJNTZGLJI,113092,settled_streaming,1,1785452555
TOKEN-VX6BMLWTGLK3W77L32GPE6IF7I,1785452539,1785452548,ACC-YRPLDQBRRHOQWDM6Q3WWM3VAWM,TOKEN-ECQWOR2PMLGQQWK6PAJNTZGLJI,52714,settled_streaming,1,1785452548
TOKEN-BVL4AVP3U3V2ZE7JVCPLXQDMNU,1785452540,1785452547,ACC-YRPLDQBRRHOQWDM6Q3WWM3VAWM,TOKEN-7LYJZ3VHRJXHW7SLGQH7C32AFI,372000,stream_interrupted_compensated,1,1785452547
TOKEN-EAV3LB4YAZ7AIA25WXLF5WKMBQ,1785452542,1785452566,ACC-YRPLDQBRRHOQWDM6Q3WWM3VAWM,TOKEN-ECQWOR2PMLGQQWK6PAJNTZGLJI,65000,settled_streaming,1,1785452566
TOKEN-Y5653PWKITJHJ3XLJSHDUIYYTY,1785452543,1785452552,ACC-YRPLDQBRRHOQWDM6Q3WWM3VAWM,TOKEN-QBWKIE2XA3FJKHU2JHSHU5UT6U,311241,settled_streaming,1,1785452552
TOKEN-YYMRN5ZKRNFK57TFVZ4IASYNV4,1785452550,1785452557,ACC-YRPLDQBRRHOQWDM6Q3WWM3VAWM,TOKEN-ECQWOR2PMLGQQWK6PAJNTZGLJI,56356,settled_streaming,1,1785452557
TOKEN-RBFPVZFP3EUIWVBAU6EY2JYPZA,1785452551,1785452574,ACC-YRPLDQBRRHOQWDM6Q3WWM3VAWM,TOKEN-7LYJZ3VHRJXHW7SLGQH7C32AFI,372000,settled_streaming,1,1785452574
TOKEN-ZLOZUQH634PCST3CL4Q4UUYKUQ,1785452552,1785452560,ACC-YRPLDQBRRHOQWDM6Q3WWM3VAWM,TOKEN-WQRHCZUCTH7U25TPIGUSVYNADQ,3910,settled_streaming,1,1785452560
TOKEN-UJV6VSVYFQ5AOKGRBFFZYQAY4E,1785452553,1785452568,ACC-YRPLDQBRRHOQWDM6Q3WWM3VAWM,TOKEN-QBWKIE2XA3FJKHU2JHSHU5UT6U,311803,settled_streaming,1,1785452568
TOKEN-U24PNEOHSOWJ7DWQBGVT7YYXQU,1785452556,1785452562,ACC-YRPLDQBRRHOQWDM6Q3WWM3VAWM,TOKEN-ECQWOR2PMLGQQWK6PAJNTZGLJI,115478,settled_streaming,1,1785452562
TOKEN-X6BYCQMATRBXE5LOUE23FHQ4PM,1785452557,1785452577,ACC-YRPLDQBRRHOQWDM6Q3WWM3VAWM,TOKEN-TRRPIW6ULKJIMXJEJCCWMTD7XE,390,settled_streaming,1,1785452577
TOKEN-R4HAVUOTB5WDP77FZ4DNP54GZU,1785452558,1785452567,ACC-YRPLDQBRRHOQWDM6Q3WWM3VAWM,TOKEN-ECQWOR2PMLGQQWK6PAJNTZGLJI,59645,settled_streaming,1,1785452567
TOKEN-HXL2WENDO4OMZMC54NVZRE2E6U,1785452562,1785452568,ACC-YRPLDQBRRHOQWDM6Q3WWM3VAWM,TOKEN-ECQWOR2PMLGQQWK6PAJNTZGLJI,119032,settled_streaming,1,1785452568
TOKEN-RQQVSTIHZAGTRKB3SHT7GQBIAY,1785452567,1785452575,ACC-YRPLDQBRRHOQWDM6Q3WWM3VAWM,TOKEN-ECQWOR2PMLGQQWK6PAJNTZGLJI,65781,settled_streaming,1,1785452575
TOKEN-SSR4VUDF5QQE7ESGJFNK7M3YOA,1785452569,1785452625,ACC-YRPLDQBRRHOQWDM6Q3WWM3VAWM,TOKEN-ECQWOR2PMLGQQWK6PAJNTZGLJI,120737,settled_streaming,1,1785452625
TOKEN-VQFSXOKKA2BOKHPBLOVOVB6XP4,1785452569,1785452579,ACC-YRPLDQBRRHOQWDM6Q3WWM3VAWM,TOKEN-ECQWOR2PMLGQQWK6PAJNTZGLJI,62830,settled_streaming,1,1785452579
TOKEN-43LXOKEXFHDRFPUEJZAZFXK5PU,1785452569,1785452620,ACC-YRPLDQBRRHOQWDM6Q3WWM3VAWM,TOKEN-7Q4RXM7XPK4XFGYBBSEVMKJ52Q,13577,settled_streaming,1,1785452620
TOKEN-6QI6AUNHXWEVWPVBAKICEHPDYY,1785452572,1785452592,ACC-YRPLDQBRRHOQWDM6Q3WWM3VAWM,TOKEN-ECQWOR2PMLGQQWK6PAJNTZGLJI,372000,settled_streaming,1,1785452592
TOKEN-CHZG2MIEU2LBMO4SWA5NINJJR4,1785452574,1785452584,ACC-YRPLDQBRRHOQWDM6Q3WWM3VAWM,TOKEN-QBWKIE2XA3FJKHU2JHSHU5UT6U,313085,settled_streaming,1,1785452584
TOKEN-KXAURBWW6YQLHOUFTGRMJTRZRM,1785452578,1785452608,ACC-YRPLDQBRRHOQWDM6Q3WWM3VAWM,TOKEN-ECQWOR2PMLGQQWK6PAJNTZGLJI,66704,settled_streaming,1,1785452608
TOKEN-YBA44J6TB7JAGY6J7AMDT7EXC4,1785452580,1785452667,ACC-YRPLDQBRRHOQWDM6Q3WWM3VAWM,TOKEN-ECQWOR2PMLGQQWK6PAJNTZGLJI,65305,settled_streaming,1,1785452667
TOKEN-XQ5BGYM7RDBNRWHBMKAUC6M7P4,1785452585,1785452594,ACC-YRPLDQBRRHOQWDM6Q3WWM3VAWM,TOKEN-QBWKIE2XA3FJKHU2JHSHU5UT6U,313704,settled_streaming,1,1785452594
TOKEN-6EBF7WHVW72NDZU3FTUEDSC36Q,1785452587,1785452591,ACC-YRPLDQBRRHOQWDM6Q3WWM3VAWM,TOKEN-OIWSWYRNS46E57TDKYAY3O4ZJQ,367,settled_streaming,1,1785452591
TOKEN-ZNBDNMBI3F6UYZBLQAP6M2CXUQ,1785452590,1785452592,ACC-YRPLDQBRRHOQWDM6Q3WWM3VAWM,TOKEN-RQXP2WI7MMCV42B6JL4BXDTSSE,379,settled_streaming,1,1785452592
TOKEN-WKYDQDZ7GQEJ52F7JFJJUJ7OPI,1785452595,1785452620,ACC-YRPLDQBRRHOQWDM6Q3WWM3VAWM,TOKEN-ECQWOR2PMLGQQWK6PAJNTZGLJI,372000,settled_streaming,1,1785452620
TOKEN-KUU4NFFXDBX6NX5DLFFKVWFT3Q,1785452599,1785452606,ACC-YRPLDQBRRHOQWDM6Q3WWM3VAWM,TOKEN-QBWKIE2XA3FJKHU2JHSHU5UT6U,314200,settled_streaming,1,1785452606
TOKEN-QOLWLA2FQ4ZAIQS427VUP3XOWM,1785452606,1785452625,ACC-YRPLDQBRRHOQWDM6Q3WWM3VAWM,TOKEN-M2JMPC2S5LMGNFII6FOKKDQ6AE,443,settled_streaming,1,1785452625
TOKEN-X5PK7UBLPEZDAENQF6EAA3ISAU,1785452607,1785452612,ACC-YRPLDQBRRHOQWDM6Q3WWM3VAWM,TOKEN-QBWKIE2XA3FJKHU2JHSHU5UT6U,314392,settled_streaming,1,1785452612
TOKEN-LB4LKM74J6ZQGQO2QJFAFMH3OQ,1785452608,1785452614,ACC-YRPLDQBRRHOQWDM6Q3WWM3VAWM,TOKEN-ECQWOR2PMLGQQWK6PAJNTZGLJI,69847,settled_streaming,1,1785452614
TOKEN-GZCH32JEAQT7S6RY737WJZEE5I,1785452614,1785452651,ACC-YRPLDQBRRHOQWDM6Q3WWM3VAWM,TOKEN-ECQWOR2PMLGQQWK6PAJNTZGLJI,70445,settled_streaming,1,1785452651
TOKEN-XRTASXXKEM2LTHN32UWICAKRE4,1785452615,1785452622,ACC-YRPLDQBRRHOQWDM6Q3WWM3VAWM,TOKEN-QBWKIE2XA3FJKHU2JHSHU5UT6U,314704,settled_streaming,1,1785452622
TOKEN-AOHN6JLNGJDJDBKS5RHV7M7GU4,1785452622,1785452798,ACC-YRPLDQBRRHOQWDM6Q3WWM3VAWM,TOKEN-ECQWOR2PMLGQQWK6PAJNTZGLJI,372000,settled_streaming,1,1785452798
TOKEN-JVRJXIXN5GBEPIMEHQIGNCNPKY,1785452622,1785452627,ACC-YRPLDQBRRHOQWDM6Q3WWM3VAWM,TOKEN-F6POXHAJ7MNVGJCZEQK7FDWZWI,379,settled_streaming,1,1785452627
TOKEN-FPBSRQDHI2AOPV5CDYXJTRTV6I,1785452623,1785452636,ACC-YRPLDQBRRHOQWDM6Q3WWM3VAWM,TOKEN-QBWKIE2XA3FJKHU2JHSHU5UT6U,315503,settled_streaming,1,1785452636
TOKEN-DOF3YESFS4QF4OKMLBDALPM7K4,1785452626,1785452635,ACC-YRPLDQBRRHOQWDM6Q3WWM3VAWM,TOKEN-S7SMNDUK3QZE7H44CZJ3KQGW4I,378,settled_streaming,1,1785452635
TOKEN-MWTXEOKOM52YQMDH3JXC37CONM,1785452629,1785452637,ACC-YRPLDQBRRHOQWDM6Q3WWM3VAWM,TOKEN-ECQWOR2PMLGQQWK6PAJNTZGLJI,125034,settled_streaming,1,1785452637
TOKEN-ZTZFSKPVZ52JTFEKSBQHO5YTM4,1785452636,1785452648,ACC-YRPLDQBRRHOQWDM6Q3WWM3VAWM,TOKEN-2J7AEL6VAWG5YVOR7D2TKA4KQM,349,settled_streaming,1,1785452648
TOKEN-UZTHUW7LYRM4JHBUSSCZGVFPU4,1785452639,1785452658,ACC-YRPLDQBRRHOQWDM6Q3WWM3VAWM,TOKEN-7WG6CHUA6HJLLA4XNG4QBVZWTI,372000,settled_streaming,1,1785452658
TOKEN-KZGD2T57WFW3BEFAJODW74RSPI,1785452642,1785452664,ACC-YRPLDQBRRHOQWDM6Q3WWM3VAWM,TOKEN-QBWKIE2XA3FJKHU2JHSHU5UT6U,316342,settled_streaming,1,1785452664
TOKEN-XAKFA6CKD6M63YTWIYFWW62AFE,1785452648,1785452651,ACC-YRPLDQBRRHOQWDM6Q3WWM3VAWM,TOKEN-ECQWOR2PMLGQQWK6PAJNTZGLJI,125720,settled_streaming,1,1785452651
TOKEN-IOKJL6A6SVIS2YO35GMYMW75SM,1785452648,1785452658,ACC-YRPLDQBRRHOQWDM6Q3WWM3VAWM,TOKEN-SX7I7CX6XHXMPJ5X66BVHI25SE,349,settled_streaming,1,1785452658
TOKEN-EMD7QRPI4AL7D42TDQQSPJMWEU,1785452649,1785452658,ACC-YRPLDQBRRHOQWDM6Q3WWM3VAWM,TOKEN-7WG6CHUA6HJLLA4XNG4QBVZWTI,123688,settled_streaming,1,1785452658
TOKEN-TIC4LX65LXS7OMWH35K2TFNMMM,1785452651,1785452655,ACC-YRPLDQBRRHOQWDM6Q3WWM3VAWM,TOKEN-ECQWOR2PMLGQQWK6PAJNTZGLJI,74426,settled_streaming,1,1785452655
TOKEN-BTWNPYIM2QNEONLXFBCN7BGD6U,1785452655,1785452772,ACC-YRPLDQBRRHOQWDM6Q3WWM3VAWM,TOKEN-ECQWOR2PMLGQQWK6PAJNTZGLJI,75280,settled_streaming,1,1785452772
TOKEN-H7WCFAOX6OREFHUT3KGSILFTTQ,1785452657,1785452663,ACC-YRPLDQBRRHOQWDM6Q3WWM3VAWM,TOKEN-ECQWOR2PMLGQQWK6PAJNTZGLJI,126235,settled_streaming,1,1785452663
TOKEN-LSCMMUFHVFESQJBNRRQORK6OYQ,1785452657,1785452669,ACC-YRPLDQBRRHOQWDM6Q3WWM3VAWM,TOKEN-RTDFMD3WRB2F3FW3X6ZFWZ4BUI,379,settled_streaming,1,1785452669
TOKEN-MAUPN44GINDEYYFLWIM4TGL5EQ,1785452658,1785452685,ACC-YRPLDQBRRHOQWDM6Q3WWM3VAWM,TOKEN-7HZQD4Z6XIDI6DVQGWTJ3OI3QI,349,settled_streaming,1,1785452685
TOKEN-UYKMMIFDKQUL2MDDI6XTPFJE3I,1785452659,1785452666,ACC-YRPLDQBRRHOQWDM6Q3WWM3VAWM,TOKEN-7WG6CHUA6HJLLA4XNG4QBVZWTI,124545,settled_streaming,1,1785452666
TOKEN-6O4OAE5HYWUOXG3UGBPXQ3VHOQ,1785452659,1785452677,ACC-YRPLDQBRRHOQWDM6Q3WWM3VAWM,TOKEN-7WG6CHUA6HJLLA4XNG4QBVZWTI,171339,settled_streaming,1,1785452677
TOKEN-33FNJIJVOYBHLQR2F3YTFRFZNQ,1785452661,1785452681,ACC-YRPLDQBRRHOQWDM6Q3WWM3VAWM,TOKEN-7WG6CHUA6HJLLA4XNG4QBVZWTI,372000,settled_streaming,1,1785452681
TOKEN-UTXGWV2W5HRFAJHZJGUAKVTSBA,1785452663,1785452674,ACC-YRPLDQBRRHOQWDM6Q3WWM3VAWM,TOKEN-ECQWOR2PMLGQQWK6PAJNTZGLJI,127124,settled_streaming,1,1785452674
TOKEN-EOB4J3HRZD52SYMIMOH6XKW75U,1785452665,1785452672,ACC-YRPLDQBRRHOQWDM6Q3WWM3VAWM,TOKEN-QBWKIE2XA3FJKHU2JHSHU5UT6U,317536,settled_streaming,1,1785452672
TOKEN-WLJOPHPNJJJMSGKXAKADTPY3PU,1785452668,1785452729,ACC-YRPLDQBRRHOQWDM6Q3WWM3VAWM,TOKEN-ECQWOR2PMLGQQWK6PAJNTZGLJI,72131,settled_streaming,1,1785452729
TOKEN-AUJSCX6AHDGN5254MLM3GG5WZE,1785452668,1785452677,ACC-YRPLDQBRRHOQWDM6Q3WWM3VAWM,TOKEN-7WG6CHUA6HJLLA4XNG4QBVZWTI,125268,settled_streaming,1,1785452677
TOKEN-FVDHAKW6KI7XCN6RYTKR74NUKE,1785452674,1785452678,ACC-YRPLDQBRRHOQWDM6Q3WWM3VAWM,TOKEN-QBWKIE2XA3FJKHU2JHSHU5UT6U,318090,settled_streaming,1,1785452678
TOKEN-I2EANMNUDVEGRU5MY2X77WG3NA,1785452674,1785452744,ACC-YRPLDQBRRHOQWDM6Q3WWM3VAWM,TOKEN-ECQWOR2PMLGQQWK6PAJNTZGLJI,127889,settled_streaming,1,1785452744
TOKEN-KVFRSVMGQYB7XQ4LI3VQ5KNT3A,1785452677,1785453039,ACC-YRPLDQBRRHOQWDM6Q3WWM3VAWM,TOKEN-IYHESMD7DN3CBB52HK2NXEDRQA,70154,settled_streaming,1,1785453038
TOKEN-JLWAXDGROLWTUQ7WJEZYIH6QDI,1785452678,1785452688,ACC-YRPLDQBRRHOQWDM6Q3WWM3VAWM,TOKEN-7WG6CHUA6HJLLA4XNG4QBVZWTI,172548,settled_streaming,1,1785452688
TOKEN-D5N6IWQLDZWLIXVAUEV4XNJAFA,1785452679,1785452690,ACC-YRPLDQBRRHOQWDM6Q3WWM3VAWM,TOKEN-7WG6CHUA6HJLLA4XNG4QBVZWTI,128216,settled_streaming,1,1785452690
TOKEN-U5SE7NMFX3OUY7BHZMAKMSXIAA,1785452683,1785452690,ACC-YRPLDQBRRHOQWDM6Q3WWM3VAWM,TOKEN-QBWKIE2XA3FJKHU2JHSHU5UT6U,318289,settled_streaming,1,1785452690
TOKEN-DZGE346VB7GYMU6MSZC5UF7XWM,1785452684,1785452707,ACC-YRPLDQBRRHOQWDM6Q3WWM3VAWM,TOKEN-7WG6CHUA6HJLLA4XNG4QBVZWTI,372000,settled_streaming,1,1785452707
TOKEN-6EKB2JFITCXWTBQYLNTVG35L4I,1785452686,1785452696,ACC-YRPLDQBRRHOQWDM6Q3WWM3VAWM,TOKEN-VA6CEQGXLUPXKU5RQZR5SJDFNQ,886,settled_streaming,1,1785452696
TOKEN-I4RX4QTWLAM7RLJAVXTSXJXTHQ,1785452689,1785452697,ACC-YRPLDQBRRHOQWDM6Q3WWM3VAWM,TOKEN-7WG6CHUA6HJLLA4XNG4QBVZWTI,172782,settled_streaming,1,1785452697
TOKEN-D2E3YPG6OGDRQPPFOAJMY74KUM,1785452692,1785452700,ACC-YRPLDQBRRHOQWDM6Q3WWM3VAWM,TOKEN-QBWKIE2XA3FJKHU2JHSHU5UT6U,318482,settled_streaming,1,1785452700
TOKEN-PMKW6AVQFEQGAXQDYKOAZIU4X4,1785452692,1785452699,ACC-YRPLDQBRRHOQWDM6Q3WWM3VAWM,TOKEN-LJEOCB57SRMOPUFUYHDIHCN2IA,2998,settled_streaming,1,1785452699
TOKEN-QJZ5NGSO2SYQ52QZDUCDJILWHU,1785452696,1785452714,ACC-YRPLDQBRRHOQWDM6Q3WWM3VAWM,TOKEN-JUT2AZPLQQSOOIKSB7EYFJA3XE,4110,settled_streaming,1,1785452714
TOKEN-J364SH2BFWWMXHXYAFDD6OLAOY,1785452696,1785452703,ACC-YRPLDQBRRHOQWDM6Q3WWM3VAWM,TOKEN-7WG6CHUA6HJLLA4XNG4QBVZWTI,130113,settled_streaming,1,1785452703
TOKEN-XQKP7773OGRT2WFLB2DTU3IID4,1785452699,1785452727,ACC-YRPLDQBRRHOQWDM6Q3WWM3VAWM,TOKEN-7WG6CHUA6HJLLA4XNG4QBVZWTI,173325,settled_streaming,1,1785452727
TOKEN-RFWNSF4NUQMK7RMVORHDAZCW5Q,1785452701,1785452722,ACC-YRPLDQBRRHOQWDM6Q3WWM3VAWM,TOKEN-QBWKIE2XA3FJKHU2JHSHU5UT6U,318711,settled_streaming,1,1785452722
TOKEN-ERDKDTGWKO7Z6A6OJILYDA22KI,1785452705,1785452712,ACC-YRPLDQBRRHOQWDM6Q3WWM3VAWM,TOKEN-7WG6CHUA6HJLLA4XNG4QBVZWTI,140062,settled_streaming,1,1785452712
TOKEN-RQGHL7LBUTOIP3HY4BSBGMWHRE,1785452706,1785452714,ACC-YRPLDQBRRHOQWDM6Q3WWM3VAWM,TOKEN-JOLSHYLTYTLYW3XJWWAOR2ZGWI,686,settled_streaming,1,1785452714
TOKEN-BXJUNKMQZY4Q7PBFP3HKXIVRMQ,1785452711,1785452734,ACC-YRPLDQBRRHOQWDM6Q3WWM3VAWM,TOKEN-7WG6CHUA6HJLLA4XNG4QBVZWTI,372000,settled_streaming,1,1785452734
TOKEN-CN6ECQWTVV5PXVR7PHJL777OJU,1785452714,1785452727,ACC-YRPLDQBRRHOQWDM6Q3WWM3VAWM,TOKEN-7WG6CHUA6HJLLA4XNG4QBVZWTI,144262,settled_streaming,1,1785452727
TOKEN-ASLDTQ33WPFZL7XKADIC3QGFBA,1785452714,1785452724,ACC-YRPLDQBRRHOQWDM6Q3WWM3VAWM,TOKEN-7U2DXIE7RQL3PUUD77E3SNODV4,716,settled_streaming,1,1785452724
TOKEN-6S5UE7BJEREV3NYPRDLK7LCDEI,1785452720,1785452724,ACC-YRPLDQBRRHOQWDM6Q3WWM3VAWM,TOKEN-MQSE73AH75VAYGQ4TNLXEV2TOI,7274,settled_streaming,1,1785452724
TOKEN-YHLJE5AZB3FDZVXFEJ3IXPGAEI,1785452723,1785452805,ACC-YRPLDQBRRHOQWDM6Q3WWM3VAWM,TOKEN-RYGAYETVHXP2JUF5AZOIFTRDZU,21374,settled_streaming,1,1785452805
TOKEN-NI5JTX2EG7PXMCUGBHEFYI5H34,1785452724,1785452731,ACC-YRPLDQBRRHOQWDM6Q3WWM3VAWM,TOKEN-KBTENCHQVVV4P3VNWP3K2FZUNQ,454,settled_streaming,1,1785452731
TOKEN-XY7EJQLLUVY5QQTHYBKYOTWLLY,1785452727,1785452734,ACC-YRPLDQBRRHOQWDM6Q3WWM3VAWM,TOKEN-QBWKIE2XA3FJKHU2JHSHU5UT6U,320456,settled_streaming,1,1785452734
TOKEN-U64ORYECHZLOQYLDFXI6QXJT44,1785452729,1785452742,ACC-YRPLDQBRRHOQWDM6Q3WWM3VAWM,TOKEN-7WG6CHUA6HJLLA4XNG4QBVZWTI,176460,settled_streaming,1,1785452742
TOKEN-JZPZKTMGACB3YRVDLRDKKRON24,1785452730,1785452762,ACC-YRPLDQBRRHOQWDM6Q3WWM3VAWM,TOKEN-ECQWOR2PMLGQQWK6PAJNTZGLJI,77566,settled_streaming,1,1785452762
TOKEN-HU5IXXTUVBDAJAN2DJIET46OQ4,1785452730,1785452740,ACC-YRPLDQBRRHOQWDM6Q3WWM3VAWM,TOKEN-7WG6CHUA6HJLLA4XNG4QBVZWTI,154185,settled_streaming,1,1785452740
TOKEN-Y7ZVJQIXV6MS7RMC3FGCUOVLWI,1785452730,1785452741,ACC-YRPLDQBRRHOQWDM6Q3WWM3VAWM,TOKEN-NAGHOKSVDVC42HBTNUXCVLHC2Q,10463,settled_streaming,1,1785452741
TOKEN-BCI4VUXJOMR5CPBCJJK6N7C7XM,1785452731,1785452756,ACC-YRPLDQBRRHOQWDM6Q3WWM3VAWM,TOKEN-5JKELBH2LMRLLCNDERMR4YQY2M,10686,settled_streaming,1,1785452756
TOKEN-FN52ERVYO3JFS2SNWTBHJDZKFY,1785452738,1785452764,ACC-YRPLDQBRRHOQWDM6Q3WWM3VAWM,TOKEN-7WG6CHUA6HJLLA4XNG4QBVZWTI,372000,settled_streaming,1,1785452764
TOKEN-TXEF4N43AXLM45KVTOKAZHMNZ4,1785452742,1785452762,ACC-YRPLDQBRRHOQWDM6Q3WWM3VAWM,TOKEN-7WG6CHUA6HJLLA4XNG4QBVZWTI,165047,settled_streaming,1,1785452762
TOKEN-YPQ4F6YIZ7CCO5G473S7FBUAWI,1785452743,1785452755,ACC-YRPLDQBRRHOQWDM6Q3WWM3VAWM,TOKEN-7WG6CHUA6HJLLA4XNG4QBVZWTI,177350,settled_streaming,1,1785452755
TOKEN-MH6AJIGT5RBQCE2AETPEZIJNPQ,1785452743,1785452748,ACC-YRPLDQBRRHOQWDM6Q3WWM3VAWM,TOKEN-QBWKIE2XA3FJKHU2JHSHU5UT6U,321172,settled_streaming,1,1785452748
TOKEN-GLUAMOM2XN2ZGEQNTTJWOADF4Q,1785452744,1785452749,ACC-YRPLDQBRRHOQWDM6Q3WWM3VAWM,TOKEN-ECQWOR2PMLGQQWK6PAJNTZGLJI,132305,settled_streaming,1,1785452749
TOKEN-FBSVZXVVSEVYRKBKR5HOIXDCUA,1785452749,1785452755,ACC-YRPLDQBRRHOQWDM6Q3WWM3VAWM,TOKEN-THCTUFZ5JOK55C253NVF2SJP6M,1295,settled_streaming,1,1785452755
TOKEN-NLZ7XZJFRSOAKHNFWNTQYFS3NE,1785452750,1785452802,ACC-YRPLDQBRRHOQWDM6Q3WWM3VAWM,TOKEN-ECQWOR2PMLGQQWK6PAJNTZGLJI,133066,settled_streaming,1,1785452802
TOKEN-5NWW6I5JQ3OCC5XMIHZ2RS35UU,1785452757,1785452787,ACC-YRPLDQBRRHOQWDM6Q3WWM3VAWM,TOKEN-7WG6CHUA6HJLLA4XNG4QBVZWTI,184615,settled_streaming,1,1785452787
TOKEN-X6F6ESAKBMI3M2O7Q5EPT7T5OI,1785452757,1785452775,ACC-YRPLDQBRRHOQWDM6Q3WWM3VAWM,TOKEN-IZIQEPMROESAMSFRPRDXKSLVKU,631,settled_streaming,1,1785452775
TOKEN-WOHMEPCWFOSXUJOZWFPIVAC47Y,1785452759,1785452763,ACC-YRPLDQBRRHOQWDM6Q3WWM3VAWM,TOKEN-QBWKIE2XA3FJKHU2JHSHU5UT6U,321700,settled_streaming,1,1785452763
TOKEN-KEILCDOQYYO7ATYWMD5ZLCYUTA,1785452760,1785452775,ACC-YRPLDQBRRHOQWDM6Q3WWM3VAWM,TOKEN-RIBK5CHQD2HMLOGJDTHVUFAWEM,702,settled_streaming,1,1785452775
TOKEN-SNTYWMDKK55BJZIVZNEYLHBHII,1785452763,1785452790,ACC-YRPLDQBRRHOQWDM6Q3WWM3VAWM,TOKEN-ECQWOR2PMLGQQWK6PAJNTZGLJI,80325,settled_streaming,1,1785452790
TOKEN-KCQK4FV7M3S422AX4TSS3YTZCE,1785452764,1785452789,ACC-YRPLDQBRRHOQWDM6Q3WWM3VAWM,TOKEN-7WG6CHUA6HJLLA4XNG4QBVZWTI,174162,settled_streaming,1,1785452789
TOKEN-EMCEDF6OPGETFWSBOJGUMINDRE,1785452768,1785452790,ACC-YRPLDQBRRHOQWDM6Q3WWM3VAWM,TOKEN-7WG6CHUA6HJLLA4XNG4QBVZWTI,372000,settled_streaming,1,1785452790
TOKEN-ZJDJUT2LE2WBFDHDFF3I65RMNE,1785452772,1785452778,ACC-YRPLDQBRRHOQWDM6Q3WWM3VAWM,TOKEN-ECQWOR2PMLGQQWK6PAJNTZGLJI,84548,settled_streaming,1,1785452778
TOKEN-TKNWBANQVLNVSR7B2YW55YFYJ4,1785452775,1785452806,ACC-YRPLDQBRRHOQWDM6Q3WWM3VAWM,TOKEN-6SUZTBQO4FZDD5TGYIIL6SAPHM,1234,settled_streaming,1,1785452806
TOKEN-Y2NCYDMLVI7CTELKN6CMM7GZZA,1785452776,1785452784,ACC-YRPLDQBRRHOQWDM6Q3WWM3VAWM,TOKEN-CABD7VAS5EE3UCSG53VOOWZZTU,916,settled_streaming,1,1785452784
TOKEN-HMDYHFKDREY3HKG7PMMEGKZRWM,1785452778,1785452789,ACC-YRPLDQBRRHOQWDM6Q3WWM3VAWM,TOKEN-QBWKIE2XA3FJKHU2JHSHU5UT6U,322234,settled_streaming,1,1785452789
TOKEN-JF2ID2CYFD3W3Y37WQTOBWR6UQ,1785452778,1785452954,ACC-YRPLDQBRRHOQWDM6Q3WWM3VAWM,TOKEN-ECQWOR2PMLGQQWK6PAJNTZGLJI,85279,settled_streaming,1,1785452954
TOKEN-ASICZI7Z36VU2ABMK34PEXIWWQ,1785452788,1785452816,ACC-YRPLDQBRRHOQWDM6Q3WWM3VAWM,TOKEN-NZ4MBJXZMKCWMMUNU3RXD67QF4,1095,settled_streaming,1,1785452816
TOKEN-BT76MMOGOLPZ33LMCXNBTQMTNY,1785452790,1785452820,ACC-YRPLDQBRRHOQWDM6Q3WWM3VAWM,TOKEN-7WG6CHUA6HJLLA4XNG4QBVZWTI,176671,settled_streaming,1,1785452820
TOKEN-SJRNHBCUR4EDKJSU6W6QERD7GQ,1785452791,1785452838,ACC-YRPLDQBRRHOQWDM6Q3WWM3VAWM,TOKEN-ECQWOR2PMLGQQWK6PAJNTZGLJI,82612,settled_streaming,1,1785452838
TOKEN-XWZEYFF34BQD3X2PFHZGJXGUTI,1785452793,1785452805,ACC-YRPLDQBRRHOQWDM6Q3WWM3VAWM,TOKEN-7WG6CHUA6HJLLA4XNG4QBVZWTI,187439,settled_streaming,1,1785452805
TOKEN-P4DLPPWYBKIQPU3J7V35EWXJQQ,1785452794,1785452805,ACC-YRPLDQBRRHOQWDM6Q3WWM3VAWM,TOKEN-QBWKIE2XA3FJKHU2JHSHU5UT6U,322790,settled_streaming,1,1785452805
TOKEN-JSUI33AKLQ5IEG6U2EMV4HYCM4,1785452797,1785452839,ACC-YRPLDQBRRHOQWDM6Q3WWM3VAWM,TOKEN-7WG6CHUA6HJLLA4XNG4QBVZWTI,372000,settled_streaming,1,1785452839
TOKEN-4I5TIFQJIFD6OBCD7QLZKWU7IA,1785452802,1785452814,ACC-YRPLDQBRRHOQWDM6Q3WWM3VAWM,TOKEN-ECQWOR2PMLGQQWK6PAJNTZGLJI,138472,settled_streaming,1,1785452814
TOKEN-3UALYRAIO5XTAYBXRV76B5S3FE,1785452807,1785452816,ACC-YRPLDQBRRHOQWDM6Q3WWM3VAWM,TOKEN-7WG6CHUA6HJLLA4XNG4QBVZWTI,199003,settled_streaming,1,1785452816
TOKEN-CN4DZAXDSF2XMCX5WYHTKQR7AA,1785452807,1785452836,ACC-YRPLDQBRRHOQWDM6Q3WWM3VAWM,TOKEN-TS4Y3VMJUFFPLU3CQYGJMZZMX4,1194,settled_streaming,1,1785452836
TOKEN-LROVMQLHOJNNO7HPLEYEFM627Q,1785452814,1785452852,ACC-YRPLDQBRRHOQWDM6Q3WWM3VAWM,TOKEN-ECQWOR2PMLGQQWK6PAJNTZGLJI,139274,settled_streaming,1,1785452852
TOKEN-76XLUGE4OROJAZQ6D33VTYJQIQ,1785452814,1785452827,ACC-YRPLDQBRRHOQWDM6Q3WWM3VAWM,TOKEN-ECQWOR2PMLGQQWK6PAJNTZGLJI,16553,settled_streaming,1,1785452827
TOKEN-UFEWUY3O6O7IB5D4OW2CCAHPRA,1785452817,1785452822,ACC-YRPLDQBRRHOQWDM6Q3WWM3VAWM,TOKEN-QBWKIE2XA3FJKHU2JHSHU5UT6U,323313,settled_streaming,1,1785452822
TOKEN-JAQEUTXNXMX5G524JK3PINKDRM,1785452819,1785452872,ACC-YRPLDQBRRHOQWDM6Q3WWM3VAWM,TOKEN-7WG6CHUA6HJLLA4XNG4QBVZWTI,203183,settled_streaming,1,1785452872
TOKEN-JLOHEGK3WUXET2L5NCU2L6K7KI,1785452822,1785452830,ACC-YRPLDQBRRHOQWDM6Q3WWM3VAWM,TOKEN-SHKZW23YYBLTOOFYW274IM357Y,422,settled_streaming,1,1785452830
TOKEN-RW3UJQLKZKEP6V7CIWR2TMTNOU,1785452824,1785452848,ACC-YRPLDQBRRHOQWDM6Q3WWM3VAWM,TOKEN-7WG6CHUA6HJLLA4XNG4QBVZWTI,179217,settled_streaming,1,1785452848
TOKEN-GF5XPDOFGTYHG7EOPKNPELV6HM,1785452827,1785452847,ACC-YRPLDQBRRHOQWDM6Q3WWM3VAWM,TOKEN-ECQWOR2PMLGQQWK6PAJNTZGLJI,17554,settled_streaming,1,1785452847
TOKEN-UGQ37XBDWR5O3OBBGCLRP46LQY,1785452835,1785452856,ACC-YRPLDQBRRHOQWDM6Q3WWM3VAWM,TOKEN-OZIVPN4PTL3LLR63BTFTIU66HU,381,settled_streaming,1,1785452856
TOKEN-G56PTM4NCPTNXC7EYSC6B6R4JQ,1785452836,1785452841,ACC-YRPLDQBRRHOQWDM6Q3WWM3VAWM,TOKEN-QBWKIE2XA3FJKHU2JHSHU5UT6U,323556,settled_streaming,1,1785452841
TOKEN-IPKQYGFXRBLS3M2CWRV7VKM5HE,1785452836,1785452877,ACC-YRPLDQBRRHOQWDM6Q3WWM3VAWM,TOKEN-LY2BZHDXWIN3X3QUNDEKCTCFQQ,405,settled_streaming,1,1785452877
TOKEN-CUNWNPCBKE5RQTWK7N5RWOHUTE,1785452843,1785452862,ACC-YRPLDQBRRHOQWDM6Q3WWM3VAWM,TOKEN-7WG6CHUA6HJLLA4XNG4QBVZWTI,372000,settled_streaming,1,1785452862
TOKEN-67NR7RHFY6ZBA3USIHWKBNWPSI,1785452845,1785452901,ACC-YRPLDQBRRHOQWDM6Q3WWM3VAWM,TOKEN-ECQWOR2PMLGQQWK6PAJNTZGLJI,87208,settled_streaming,1,1785452901
TOKEN-3QLXHGWTGGJ3KYIHLOXERIKKBI,1785452848,1785452851,ACC-YRPLDQBRRHOQWDM6Q3WWM3VAWM,TOKEN-ECQWOR2PMLGQQWK6PAJNTZGLJI,19617,settled_streaming,1,1785452851
TOKEN-J347EA4WCRPRKKFVS4GGGYJJZU,1785452851,1785452888,ACC-YRPLDQBRRHOQWDM6Q3WWM3VAWM,TOKEN-7WG6CHUA6HJLLA4XNG4QBVZWTI,182113,settled_streaming,1,1785452888
TOKEN-YJ4MPKMR5DQJH7TRO2JSSGWAP4,1785452852,1785452861,ACC-YRPLDQBRRHOQWDM6Q3WWM3VAWM,TOKEN-ECQWOR2PMLGQQWK6PAJNTZGLJI,21245,settled_streaming,1,1785452861
TOKEN-FPJDFNXKJLS4APXLTXQV2EL5XQ,1785452852,1785452857,ACC-YRPLDQBRRHOQWDM6Q3WWM3VAWM,TOKEN-QBWKIE2XA3FJKHU2JHSHU5UT6U,324022,settled_streaming,1,1785452857
TOKEN-YLVHQ46AAGVHEI5KSEIY46QQSM,1785452853,1785452888,ACC-YRPLDQBRRHOQWDM6Q3WWM3VAWM,TOKEN-ECQWOR2PMLGQQWK6PAJNTZGLJI,141321,settled_streaming,1,1785452888
TOKEN-FPL75C7W46XFTUIGI7JDDX4EHY,1785452861,1785452867,ACC-YRPLDQBRRHOQWDM6Q3WWM3VAWM,TOKEN-QBWKIE2XA3FJKHU2JHSHU5UT6U,324424,settled_streaming,1,1785452867
TOKEN-7AYUJEORI7FYUFWZ4TTOEV6RG4,1785452862,1785452868,ACC-YRPLDQBRRHOQWDM6Q3WWM3VAWM,TOKEN-2PXHGMSFZ53VD4TMCZ3TM5NFHE,814,settled_streaming,1,1785452868
TOKEN-UW2XDDP7E7P62MNI7Y3YJQFDD4,1785452866,1785452870,ACC-YRPLDQBRRHOQWDM6Q3WWM3VAWM,TOKEN-ECQWOR2PMLGQQWK6PAJNTZGLJI,22205,settled_streaming,1,1785452870
TOKEN-4D3IHJY6RMVVP26USC3ISLTHNE,1785452867,1785452885,ACC-YRPLDQBRRHOQWDM6Q3WWM3VAWM,TOKEN-7WG6CHUA6HJLLA4XNG4QBVZWTI,372000,settled_streaming,1,1785452885
TOKEN-EQET4PS6VN47BA2TO72N7XI7SM,1785452869,1785452883,ACC-YRPLDQBRRHOQWDM6Q3WWM3VAWM,TOKEN-QBWKIE2XA3FJKHU2JHSHU5UT6U,325412,settled_streaming,1,1785452883
TOKEN-G3JDZRIVCBT7QIRWE5CXIEXOCU,1785452873,1785452879,ACC-YRPLDQBRRHOQWDM6Q3WWM3VAWM,TOKEN-5454KTVGRJUY7M6YX6XV7VIMXQ,990,settled_streaming,1,1785452879
TOKEN-SC6GSB624PXUGUDHEZZC7VFRYA,1785452875,1785452895,ACC-YRPLDQBRRHOQWDM6Q3WWM3VAWM,TOKEN-7WG6CHUA6HJLLA4XNG4QBVZWTI,216505,settled_streaming,1,1785452895
TOKEN-SFL2W7CPYIQ6WGXODPNDMIEJUM,1785452875,1785452887,ACC-YRPLDQBRRHOQWDM6Q3WWM3VAWM,TOKEN-ECQWOR2PMLGQQWK6PAJNTZGLJI,22774,settled_streaming,1,1785452887
TOKEN-TSQRNUD7GNUNFLQTV2CLCWES3M,1785452876,1785452892,ACC-YRPLDQBRRHOQWDM6Q3WWM3VAWM,TOKEN-7LYJZ3VHRJXHW7SLGQH7C32AFI,372000,settled_streaming,1,1785452892
TOKEN-ZFSHUAFXR6G7LTNXQD4YS3BYAE,1785452877,1785452887,ACC-YRPLDQBRRHOQWDM6Q3WWM3VAWM,TOKEN-YAYLZDV7XNIA4ULIF3UYHXNARY,454,settled_streaming,1,1785452887
TOKEN-KFTYISLBGBLY5S7Q3UFADTN7GE,1785452884,1785452892,ACC-YRPLDQBRRHOQWDM6Q3WWM3VAWM,TOKEN-4ZIEB7HKKGUZKCECHTTPMWCVNU,1295,settled_streaming,1,1785452892
TOKEN-ILKAMI4KVPPOEYWQ3O7C5YX3VE,1785452884,1785452890,ACC-YRPLDQBRRHOQWDM6Q3WWM3VAWM,TOKEN-QBWKIE2XA3FJKHU2JHSHU5UT6U,326095,settled_streaming,1,1785452890
TOKEN-QZ7UJOUYAOEO7D3NZDPAZOZSQI,1785452887,1785452893,ACC-YRPLDQBRRHOQWDM6Q3WWM3VAWM,TOKEN-UVVNCVRR3OZJCRKP5BUGXFIFXM,2625,settled_streaming,1,1785452893
TOKEN-FAAWQ37VP74LGJDQAJQKCZAVK4,1785452888,1785452906,ACC-YRPLDQBRRHOQWDM6Q3WWM3VAWM,TOKEN-ECQWOR2PMLGQQWK6PAJNTZGLJI,143332,settled_streaming,1,1785452906
TOKEN-ZV3AKZJEWP5XL4GHD6D2VZY27Y,1785452890,1785452911,ACC-YRPLDQBRRHOQWDM6Q3WWM3VAWM,TOKEN-7WG6CHUA6HJLLA4XNG4QBVZWTI,372000,settled_streaming,1,1785452911
TOKEN-NJR5SLN2DZKR5HAXRU5PACQPP4,1785452891,1785452895,ACC-YRPLDQBRRHOQWDM6Q3WWM3VAWM,TOKEN-QBWKIE2XA3FJKHU2JHSHU5UT6U,326675,settled_streaming,1,1785452895
TOKEN-6ZTXAD3CGNKGYLPPY7NADZ5NTI,1785452891,1785452902,ACC-YRPLDQBRRHOQWDM6Q3WWM3VAWM,TOKEN-7WG6CHUA6HJLLA4XNG4QBVZWTI,185414,settled_streaming,1,1785452902
TOKEN-4DQ5XZ5GPBJ2UJSV6JME2SWZBM,1785452892,1785452904,ACC-YRPLDQBRRHOQWDM6Q3WWM3VAWM,TOKEN-ECQWOR2PMLGQQWK6PAJNTZGLJI,25795,settled_streaming,1,1785452904
TOKEN-56Z5G2OMQQPJDOCG7KZBBQWFGI,1785452894,1785452901,ACC-YRPLDQBRRHOQWDM6Q3WWM3VAWM,TOKEN-ETKCDY5O7IBVD5SZJDATFMCIO4,7845,settled_streaming,1,1785452901
TOKEN-GICJ3TLVPC4QCUOWYAB7M5EFSQ,1785452898,1785452904,ACC-YRPLDQBRRHOQWDM6Q3WWM3VAWM,TOKEN-ASU7XH667XCLCYUKAPBMPO3S3Q,2913,settled_streaming,1,1785452904
TOKEN-RZSKD65GTRNOMHVBQH2ZC7FQRY,1785452898,1785452906,ACC-YRPLDQBRRHOQWDM6Q3WWM3VAWM,TOKEN-7WG6CHUA6HJLLA4XNG4QBVZWTI,219265,settled_streaming,1,1785452906
TOKEN-IBNC5CZUGC2XO35E6A2REHJODY,1785452901,1785452911,ACC-YRPLDQBRRHOQWDM6Q3WWM3VAWM,TOKEN-IQL7DHRSYSWEXLOEVRX5JJYERM,784,settled_streaming,1,1785452911
TOKEN-IASHZRWZSP3YK6RTEXOWALZ7LQ,1785452901,1785452909,ACC-YRPLDQBRRHOQWDM6Q3WWM3VAWM,TOKEN-QBWKIE2XA3FJKHU2JHSHU5UT6U,326875,settled_streaming,1,1785452909
TOKEN-3JA7I5AARE3MNV5PDSSX4DYCLI,1785452904,1785452923,ACC-YRPLDQBRRHOQWDM6Q3WWM3VAWM,TOKEN-7WG6CHUA6HJLLA4XNG4QBVZWTI,192646,settled_streaming,1,1785452923
TOKEN-FT3VFYJOE2JUX66MIGR27W7MUY,1785452905,1785452945,ACC-YRPLDQBRRHOQWDM6Q3WWM3VAWM,TOKEN-ECQWOR2PMLGQQWK6PAJNTZGLJI,92509,settled_streaming,1,1785452945
TOKEN-CLP2KXBGDB6HTIC44V6TQZMES4,1785452907,1785452911,ACC-YRPLDQBRRHOQWDM6Q3WWM3VAWM,TOKEN-ECQWOR2PMLGQQWK6PAJNTZGLJI,144418,settled_streaming,1,1785452911
TOKEN-ROGXMY7OVJ37KZ4P4T7RHFNK7M,1785452908,1785452920,ACC-YRPLDQBRRHOQWDM6Q3WWM3VAWM,TOKEN-7WG6CHUA6HJLLA4XNG4QBVZWTI,222779,settled_streaming,1,1785452920
TOKEN-ZODBCISBC57BUCLWVA5Y6KGAZU,1785452909,1785452916,ACC-YRPLDQBRRHOQWDM6Q3WWM3VAWM,TOKEN-ECQWOR2PMLGQQWK6PAJNTZGLJI,28902,settled_streaming,1,1785452916
TOKEN-M2XM73LRNPEB5VZRE23FDNW4TE,1785452909,1785452914,ACC-YRPLDQBRRHOQWDM6Q3WWM3VAWM,TOKEN-A74XQGQA3CLH6XCOC2NNZ5GGRU,3151,settled_streaming,1,1785452914
TOKEN-DGJ73SWFJDMM4UVZJFUADTVE2E,1785452910,1785452916,ACC-YRPLDQBRRHOQWDM6Q3WWM3VAWM,TOKEN-QBWKIE2XA3FJKHU2JHSHU5UT6U,327067,settled_streaming,1,1785452916
TOKEN-7KS4KDYMJHXDDMJCVOZMYRVWDI,1785452911,1785452931,ACC-YRPLDQBRRHOQWDM6Q3WWM3VAWM,TOKEN-XDNMI52I5PP43LQIVNZJP55TVI,673,settled_streaming,1,1785452931
TOKEN-5WFLLMACJSJDJAIUBQBZQDGU6Y,1785452911,1785453011,ACC-YRPLDQBRRHOQWDM6Q3WWM3VAWM,TOKEN-ECQWOR2PMLGQQWK6PAJNTZGLJI,145411,settled_streaming,1,1785453011
TOKEN-ONBKE3ONJ2BRSCHMM4GUSKXOBM,1785452916,1785452938,ACC-YRPLDQBRRHOQWDM6Q3WWM3VAWM,TOKEN-7WG6CHUA6HJLLA4XNG4QBVZWTI,372000,settled_streaming,1,1785452938
TOKEN-SZLJDO7QTE7ICEW36PHTYDR6GQ,1785452917,1785452933,ACC-YRPLDQBRRHOQWDM6Q3WWM3VAWM,TOKEN-QBWKIE2XA3FJKHU2JHSHU5UT6U,327296,settled_streaming,1,1785452933
TOKEN-2UWGTCOKXLCVO622KNSMRI2ZTM,1785452918,1785452929,ACC-YRPLDQBRRHOQWDM6Q3WWM3VAWM,TOKEN-2PANDEYGYM2UVO5UMRPWTC4Y2E,3159,settled_streaming,1,1785452929
TOKEN-YEN77TKWUFLWWRA6ENG5MEXSJM,1785452922,1785452935,ACC-YRPLDQBRRHOQWDM6Q3WWM3VAWM,TOKEN-7WG6CHUA6HJLLA4XNG4QBVZWTI,226130,settled_streaming,1,1785452935
TOKEN-E4DEWMC6VKPCA3FMVQZRFSIO6U,1785452924,1785452992,ACC-YRPLDQBRRHOQWDM6Q3WWM3VAWM,TOKEN-7WG6CHUA6HJLLA4XNG4QBVZWTI,194812,settled_streaming,1,1785452992
TOKEN-GL3KKPEYG3MXWV6H5NPB4T6Z64,1785452927,1785452931,ACC-YRPLDQBRRHOQWDM6Q3WWM3VAWM,TOKEN-ECQWOR2PMLGQQWK6PAJNTZGLJI,29503,settled_streaming,1,1785452931
TOKEN-YCSVDYDOLV65FPDJB7HFDI2VQM,1785452931,1785452943,ACC-YRPLDQBRRHOQWDM6Q3WWM3VAWM,TOKEN-ECQWOR2PMLGQQWK6PAJNTZGLJI,30156,settled_streaming,1,1785452943
TOKEN-CQL4IUL45QR3R4SWOLQ72476KY,1785452932,1785452936,ACC-YRPLDQBRRHOQWDM6Q3WWM3VAWM,TOKEN-WQFI2CNW4EZSYA3NWMYHBE3OZA,2106,settled_streaming,1,1785452936
TOKEN-7R6CGEWIZKCVMC7MDYYWCHNILU,1785452934,1785452940,ACC-YRPLDQBRRHOQWDM6Q3WWM3VAWM,TOKEN-UUAIR25U74VWSZGKHPANR5ZMJE,7629,settled_streaming,1,1785452940
TOKEN-2EHT6TOEH3PFDLWZACAXS6MG4Q,1785452934,1785452943,ACC-YRPLDQBRRHOQWDM6Q3WWM3VAWM,TOKEN-EUOHFL26V7GKUXVSHAFQKEAXUM,13744,settled_streaming,1,1785452943
TOKEN-H3DJW7J423XUK2JYBH4UWR54QY,1785452934,1785452955,ACC-YRPLDQBRRHOQWDM6Q3WWM3VAWM,TOKEN-7HFW2TMYP57GUZWDULCR33HW24,13759,settled_streaming,1,1785452955
TOKEN-2NQYNYI7LPFMUHHKQE6MYVSFS4,1785452934,1785452947,ACC-YRPLDQBRRHOQWDM6Q3WWM3VAWM,TOKEN-2RIK5UL4LMZ77FOU4VQYPQSJIQ,13741,settled_streaming,1,1785452947
TOKEN-4AFE4OK2QYDFGLMDRALH3IZIMI,1785452936,1785452943,ACC-YRPLDQBRRHOQWDM6Q3WWM3VAWM,TOKEN-CM5KKZKIINTKZGURS4ESBO4USI,1779,settled_streaming,1,1785452943
TOKEN-DXGXK226BHFZ55RSLWEP2YWK3A,1785452937,1785453048,ACC-YRPLDQBRRHOQWDM6Q3WWM3VAWM,TOKEN-7WG6CHUA6HJLLA4XNG4QBVZWTI,228915,settled_streaming,1,1785453048
TOKEN-KR65X3OJ6RS5UWCTLP7KQ6FE7I,1785452940,1785452952,ACC-YRPLDQBRRHOQWDM6Q3WWM3VAWM,TOKEN-QBWKIE2XA3FJKHU2JHSHU5UT6U,329187,settled_streaming,1,1785452952
TOKEN-6JRGRLMRXQL62FNELCB3GHNWHE,1785452942,1785452961,ACC-YRPLDQBRRHOQWDM6Q3WWM3VAWM,TOKEN-7WG6CHUA6HJLLA4XNG4QBVZWTI,372000,settled_streaming,1,1785452961
TOKEN-OFHKIQ7KXITH4PVTP5QQC2V5C4,1785452943,1785452956,ACC-YRPLDQBRRHOQWDM6Q3WWM3VAWM,TOKEN-3LDTSDSULYYTGE2AC6NJ6EMVFI,6475,settled_streaming,1,1785452956
TOKEN-MCKVCPMA63MYIODLDRDEBRCK2U,1785452944,1785452951,ACC-YRPLDQBRRHOQWDM6Q3WWM3VAWM,TOKEN-EUOHFL26V7GKUXVSHAFQKEAXUM,16656,settled_streaming,1,1785452951
TOKEN-ZSQQ6CHBAQ7TK2C4VXTYTTJD5U,1785452945,1785452953,ACC-YRPLDQBRRHOQWDM6Q3WWM3VAWM,TOKEN-XTLI3HUV7HA6E6ZDNH2FCVUSRA,6455,settled_streaming,1,1785452953
TOKEN-IF2E5UJ2FATIW5MKFZ3XSR3WEE,1785452947,1785453331,ACC-YRPLDQBRRHOQWDM6Q3WWM3VAWM,TOKEN-ECQWOR2PMLGQQWK6PAJNTZGLJI,96098,settled_streaming,1,1785453332
TOKEN-FPWUF7UACMDY5FNZA3CSOXI5KA,1785452947,1785452952,ACC-YRPLDQBRRHOQWDM6Q3WWM3VAWM,TOKEN-ECQWOR2PMLGQQWK6PAJNTZGLJI,31087,settled_streaming,1,1785452952
TOKEN-3E6K6JEEPS5B5C45MEKBT4A2RA,1785452948,1785452958,ACC-YRPLDQBRRHOQWDM6Q3WWM3VAWM,TOKEN-2RIK5UL4LMZ77FOU4VQYPQSJIQ,22434,settled_streaming,1,1785452958
TOKEN-CBUXDLAW5ITMM5WHJJYGRHD7QI,1785452952,1785452960,ACC-YRPLDQBRRHOQWDM6Q3WWM3VAWM,TOKEN-EUOHFL26V7GKUXVSHAFQKEAXUM,22955,settled_streaming,1,1785452960
TOKEN-VSC43KSK4ISYO5QH7X7BZSQK7Q,1785452953,1785453020,ACC-YRPLDQBRRHOQWDM6Q3WWM3VAWM,TOKEN-QBWKIE2XA3FJKHU2JHSHU5UT6U,329776,settled_streaming,1,1785453020
TOKEN-TVU2JLHPZOSA5NA2PSIEKGLI5Q,1785452953,1785452956,ACC-YRPLDQBRRHOQWDM6Q3WWM3VAWM,TOKEN-ECQWOR2PMLGQQWK6PAJNTZGLJI,31993,settled_streaming,1,1785452956
TOKEN-2G7BULPWKTBEQTWRWLPFVPTNOE,1785452955,1785452961,ACC-YRPLDQBRRHOQWDM6Q3WWM3VAWM,TOKEN-ECQWOR2PMLGQQWK6PAJNTZGLJI,103841,settled_streaming,1,1785452961
TOKEN-OIYCHWSNRXCUV4XCC764CNECBY,1785452956,1785452971,ACC-YRPLDQBRRHOQWDM6Q3WWM3VAWM,TOKEN-URV52A722O75VJKOYLR27HDEIA,729,settled_streaming,1,1785452971
TOKEN-2UKSDX6CYPEXZXFOXBE6ZBS3DM,1785452957,1785452962,ACC-YRPLDQBRRHOQWDM6Q3WWM3VAWM,TOKEN-F2F2JJX6ITQDJSQHPYCFAXABXA,994,settled_streaming,1,1785452962
TOKEN-ASEZ6Z5OKDDNUA76X5AFS5Z35U,1785452957,1785452968,ACC-YRPLDQBRRHOQWDM6Q3WWM3VAWM,TOKEN-ECQWOR2PMLGQQWK6PAJNTZGLJI,32522,settled_streaming,1,1785452968
TOKEN-CQSF7EMGRICIB7FVOCHIJBLJ2E,1785452957,1785452970,ACC-YRPLDQBRRHOQWDM6Q3WWM3VAWM,TOKEN-7HFW2TMYP57GUZWDULCR33HW24,22381,settled_streaming,1,1785452970
TOKEN-ORZCZMQEZU6MGGG5Y2TZTHEHWE,1785452959,1785452964,ACC-YRPLDQBRRHOQWDM6Q3WWM3VAWM,TOKEN-2RIK5UL4LMZ77FOU4VQYPQSJIQ,29057,settled_streaming,1,1785452964
TOKEN-4KCNMBV465H76KOFFLOIZXV6TA,1785452961,1785452968,ACC-YRPLDQBRRHOQWDM6Q3WWM3VAWM,TOKEN-ECQWOR2PMLGQQWK6PAJNTZGLJI,104601,settled_streaming,1,1785452968
TOKEN-UZ56OJ7ZP5EFO3IRE7ZU4KXRWI,1785452961,1785452969,ACC-YRPLDQBRRHOQWDM6Q3WWM3VAWM,TOKEN-EUOHFL26V7GKUXVSHAFQKEAXUM,25824,settled_streaming,1,1785452969
TOKEN-XZBE3HAJ3I6U5B2GIDWDVPGD7A,1785452964,1785452998,ACC-YRPLDQBRRHOQWDM6Q3WWM3VAWM,TOKEN-7WG6CHUA6HJLLA4XNG4QBVZWTI,372000,settled_streaming,1,1785452998
TOKEN-TNOT7WHVYJKFMNKNJV7SDLSWQQ,1785452965,1785452978,ACC-YRPLDQBRRHOQWDM6Q3WWM3VAWM,TOKEN-2RIK5UL4LMZ77FOU4VQYPQSJIQ,33511,settled_streaming,1,1785452978
TOKEN-X5I2BHWOG7ZMVE32EJBN64KJKQ,1785452967,1785452972,ACC-YRPLDQBRRHOQWDM6Q3WWM3VAWM,TOKEN-VGSN3ZUG3CITDMRY7IR3AU4YBU,4968,settled_streaming,1,1785452972
TOKEN-4HZ4GRLC3FAX4DDU53ZGYSLXCU,1785452968,1785453255,ACC-YRPLDQBRRHOQWDM6Q3WWM3VAWM,TOKEN-ECQWOR2PMLGQQWK6PAJNTZGLJI,105474,settled_streaming,1,1785453255
TOKEN-ZJR45HIIKWG7RKAXOKHWCVVKGM,1785452970,1785452973,ACC-YRPLDQBRRHOQWDM6Q3WWM3VAWM,TOKEN-EUOHFL26V7GKUXVSHAFQKEAXUM,36121,settled_streaming,1,1785452973
TOKEN-LII7SWSGX3ULTG6YGDCSYK2EWU,1785452971,1785453008,ACC-YRPLDQBRRHOQWDM6Q3WWM3VAWM,TOKEN-SB4Q34ES77TW5CM37Z5S24O6KE,648,settled_streaming,1,1785453008
TOKEN-HNIBPH7KHH3JF3KF6MSENTRTBA,1785452971,1785452976,ACC-YRPLDQBRRHOQWDM6Q3WWM3VAWM,TOKEN-7HFW2TMYP57GUZWDULCR33HW24,28372,settled_streaming,1,1785452976
TOKEN-QCKHM7GPQ6J5HXVPBUKZYBFNPE,1785452972,1785452980,ACC-YRPLDQBRRHOQWDM6Q3WWM3VAWM,TOKEN-ECQWOR2PMLGQQWK6PAJNTZGLJI,34122,settled_streaming,1,1785452980
TOKEN-6JROF2K6TZQYTIG73JKRC2JETE,1785452975,1785452978,ACC-YRPLDQBRRHOQWDM6Q3WWM3VAWM,TOKEN-EUOHFL26V7GKUXVSHAFQKEAXUM,46182,settled_streaming,1,1785452978
TOKEN-JLKSXXUI3BHI6Z76L6FRSO4TEU,1785452976,1785452981,ACC-YRPLDQBRRHOQWDM6Q3WWM3VAWM,TOKEN-MS7DTWDX4CDD7SWUDHPUX73RNQ,2245,settled_streaming,1,1785452981
TOKEN-GKPE6BGIWM6ECBTX7JOALBIICI,1785452978,1785452981,ACC-YRPLDQBRRHOQWDM6Q3WWM3VAWM,TOKEN-7HFW2TMYP57GUZWDULCR33HW24,31917,settled_streaming,1,1785452981
TOKEN-2WUR54QHZWJQPYTHUQ2SPOWGQE,1785452980,1785452983,ACC-YRPLDQBRRHOQWDM6Q3WWM3VAWM,TOKEN-2RIK5UL4LMZ77FOU4VQYPQSJIQ,44628,settled_streaming,1,1785452983
TOKEN-WSL3RXUHDVOKXA6IDIMFKN2Z6A,1785452980,1785452983,ACC-YRPLDQBRRHOQWDM6Q3WWM3VAWM,TOKEN-EUOHFL26V7GKUXVSHAFQKEAXUM,56016,settled_streaming,1,1785452983
TOKEN-3EUBQNJYAZ5EDYPFRIQROQHHGY,1785452982,1785452986,ACC-YRPLDQBRRHOQWDM6Q3WWM3VAWM,TOKEN-7HFW2TMYP57GUZWDULCR33HW24,34293,settled_streaming,1,1785452986
TOKEN-6F6EIQXPAOWVLXZEMHB2ZNVB7M,1785452984,1785452990,ACC-YRPLDQBRRHOQWDM6Q3WWM3VAWM,TOKEN-2RIK5UL4LMZ77FOU4VQYPQSJIQ,55288,settled_streaming,1,1785452990
TOKEN-F4JIQHW5V47XZUKM6AJUQ3CSIE,1785452985,1785452999,ACC-YRPLDQBRRHOQWDM6Q3WWM3VAWM,TOKEN-EUOHFL26V7GKUXVSHAFQKEAXUM,64905,settled_streaming,1,1785452999
TOKEN-JV7IY4ZUKBUSZFB7IQW2ALDJWY,1785452985,1785452992,ACC-YRPLDQBRRHOQWDM6Q3WWM3VAWM,TOKEN-ECQWOR2PMLGQQWK6PAJNTZGLJI,36477,settled_streaming,1,1785452992
TOKEN-KGJWIZPYJYSIYWT6NHHKKYRKAM,1785452985,1785452991,ACC-YRPLDQBRRHOQWDM6Q3WWM3VAWM,TOKEN-I3CZBPJWJKINVNLMXV65SD5HUU,1226,settled_streaming,1,1785452991
TOKEN-F5GTO2GCJUN2LO32KUGBR4U2FQ,1785452988,1785452994,ACC-YRPLDQBRRHOQWDM6Q3WWM3VAWM,TOKEN-7HFW2TMYP57GUZWDULCR33HW24,45125,settled_streaming,1,1785452994
TOKEN-T3ITEGSLL6POWLZRA2GH37KU54,1785452991,1785452995,ACC-YRPLDQBRRHOQWDM6Q3WWM3VAWM,TOKEN-2RIK5UL4LMZ77FOU4VQYPQSJIQ,65726,settled_streaming,1,1785452995
TOKEN-ATQAJCJHTI3DIB6D6OWT2ADNVA,1785452994,1785453004,ACC-YRPLDQBRRHOQWDM6Q3WWM3VAWM,TOKEN-7WG6CHUA6HJLLA4XNG4QBVZWTI,202834,settled_streaming,1,1785453004
TOKEN-PD7FBFAGW76Y2J4IAWKEFVV4CU,1785452995,1785453002,ACC-YRPLDQBRRHOQWDM6Q3WWM3VAWM,TOKEN-NSHUBVQKJVKP7MTCWSYUYJAHF4,1665,settled_streaming,1,1785453002
TOKEN-S257B6U2MPWJJN7E5DGCBY47OY,1785452995,1785453000,ACC-YRPLDQBRRHOQWDM6Q3WWM3VAWM,TOKEN-7HFW2TMYP57GUZWDULCR33HW24,50833,settled_streaming,1,1785453000
TOKEN-IVGTHY5ZMHB4ZVCZM3VSTNX2AM,1785452996,1785453002,ACC-YRPLDQBRRHOQWDM6Q3WWM3VAWM,TOKEN-ECQWOR2PMLGQQWK6PAJNTZGLJI,37249,settled_streaming,1,1785453002
TOKEN-CNJGSZKBDMLDWOYKXPN43JBRFE,1785452996,1785453001,ACC-YRPLDQBRRHOQWDM6Q3WWM3VAWM,TOKEN-2RIK5UL4LMZ77FOU4VQYPQSJIQ,75147,settled_streaming,1,1785453001
TOKEN-6YK5LPFFQ2ZSMSALW4UJVNNV7I,1785453001,1785453004,ACC-YRPLDQBRRHOQWDM6Q3WWM3VAWM,TOKEN-7HFW2TMYP57GUZWDULCR33HW24,56351,settled_streaming,1,1785453004
TOKEN-VXRGI5QF3YAF467GOGZNZLJAWA,1785453002,1785453015,ACC-YRPLDQBRRHOQWDM6Q3WWM3VAWM,TOKEN-2RIK5UL4LMZ77FOU4VQYPQSJIQ,76528,settled_streaming,1,1785453015
TOKEN-EWF47LJOR6SCPU3EP3J6SJBRZI,1785453002,1785453038,ACC-YRPLDQBRRHOQWDM6Q3WWM3VAWM,TOKEN-7WG6CHUA6HJLLA4XNG4QBVZWTI,372000,settled_streaming,1,1785453038
TOKEN-AKU2SMM7H4YNN54KWQEAGS7NDE,1785453006,1785453022,ACC-YRPLDQBRRHOQWDM6Q3WWM3VAWM,TOKEN-MUF2UZYELBBJSUTLRFTVISK27Q,998,settled_streaming,1,1785453022
TOKEN-6QRIOESRQGGI5KEG5L2L6W32GM,1785453006,1785453026,ACC-YRPLDQBRRHOQWDM6Q3WWM3VAWM,TOKEN-7WG6CHUA6HJLLA4XNG4QBVZWTI,206136,settled_streaming,1,1785453026
TOKEN-XU5I5WV5F4GNJWBYK5YJPMWL7Q,1785453006,1785453009,ACC-YRPLDQBRRHOQWDM6Q3WWM3VAWM,TOKEN-7HFW2TMYP57GUZWDULCR33HW24,61760,settled_streaming,1,1785453009
TOKEN-DL57G6OGN5KQCGNGN66RHF3XCI,1785453006,1785453013,ACC-YRPLDQBRRHOQWDM6Q3WWM3VAWM,TOKEN-EUOHFL26V7GKUXVSHAFQKEAXUM,66003,settled_streaming,1,1785453013
TOKEN-XRQWYC2HWQ4BLYYCAEHSHJGGRI,1785453008,1785453018,ACC-YRPLDQBRRHOQWDM6Q3WWM3VAWM,TOKEN-AVDQEHGTCGSW2S3HHZCOMS7B7A,458,settled_streaming,1,1785453018
TOKEN-2LLOMIHIXF7YI6GVXUMAEKXVKM,1785453010,1785453014,ACC-YRPLDQBRRHOQWDM6Q3WWM3VAWM,TOKEN-7HFW2TMYP57GUZWDULCR33HW24,67228,settled_streaming,1,1785453014
TOKEN-CNYSREN2QGINVMGNNIKNT5TPRY,1785453011,1785453018,ACC-YRPLDQBRRHOQWDM6Q3WWM3VAWM,TOKEN-ECQWOR2PMLGQQWK6PAJNTZGLJI,151852,settled_streaming,1,1785453018
TOKEN-CHN4KSQLX4EBTZKMF7VG7Q2FYI,1785453014,1785453020,ACC-YRPLDQBRRHOQWDM6Q3WWM3VAWM,TOKEN-ECQWOR2PMLGQQWK6PAJNTZGLJI,37892,settled_streaming,1,1785453020
TOKEN-3K4R3XA5462H47HCF5W52JAQOE,1785453015,1785453019,ACC-YRPLDQBRRHOQWDM6Q3WWM3VAWM,TOKEN-7HFW2TMYP57GUZWDULCR33HW24,72708,settled_streaming,1,1785453019
TOKEN-CWR5UKW43S2GSPWSRYBBLLWO3Q,1785453018,1785453028,ACC-YRPLDQBRRHOQWDM6Q3WWM3VAWM,TOKEN-JTYUHPVC44GZKHQDG5BGUZQTKQ,522,settled_streaming,1,1785453028
TOKEN-IK6X5QEZHM34RGKAZPBRYJJOOI,1785453018,1785453029,ACC-YRPLDQBRRHOQWDM6Q3WWM3VAWM,TOKEN-ECQWOR2PMLGQQWK6PAJNTZGLJI,152527,settled_streaming,1,1785453029
TOKEN-SCBM4HLXKMQFIO3WMRXD64GJPA,1785453019,1785453024,ACC-YRPLDQBRRHOQWDM6Q3WWM3VAWM,TOKEN-EUOHFL26V7GKUXVSHAFQKEAXUM,66755,settled_streaming,1,1785453024
TOKEN-XXPMJ7D435FE76DTNPRXOYZBCE,1785453021,1785453043,ACC-YRPLDQBRRHOQWDM6Q3WWM3VAWM,TOKEN-7HFW2TMYP57GUZWDULCR33HW24,78312,settled_streaming,1,1785453043
TOKEN-HPZOLYFF4U3PV6V23MHHIXBE5Q,1785453021,1785453038,ACC-YRPLDQBRRHOQWDM6Q3WWM3VAWM,TOKEN-2RIK5UL4LMZ77FOU4VQYPQSJIQ,77597,settled_streaming,1,1785453038
TOKEN-27E6PCZG57JFZZZITCXYBXWVI4,1785453021,1785453028,ACC-YRPLDQBRRHOQWDM6Q3WWM3VAWM,TOKEN-ECQWOR2PMLGQQWK6PAJNTZGLJI,39131,settled_streaming,1,1785453028
TOKEN-BUTAIHPKD7I5I5DUISWH6DFGO4,1785453022,1785453035,ACC-YRPLDQBRRHOQWDM6Q3WWM3VAWM,TOKEN-QBWKIE2XA3FJKHU2JHSHU5UT6U,334724,settled_streaming,1,1785453035
TOKEN-KZUMX2O5KDIED4Y3JA22LI4L5Y,1785453027,1785453031,ACC-YRPLDQBRRHOQWDM6Q3WWM3VAWM,TOKEN-D2YWZPKDTQCXXJO5DHWQBV24YU,10457,settled_streaming,1,1785453031
TOKEN-F3PD6HPFB72A26HFGBDXSFVXBI,1785453028,1785453075,ACC-YRPLDQBRRHOQWDM6Q3WWM3VAWM,TOKEN-7WG6CHUA6HJLLA4XNG4QBVZWTI,207916,settled_streaming,1,1785453075
TOKEN-URSG5T2BOFQKB6RBEHUZFA6SSA,1785453028,1785453040,ACC-YRPLDQBRRHOQWDM6Q3WWM3VAWM,TOKEN-GYLRUOALX4SXDYNBZY2BFNKRP4,401,settled_streaming,1,1785453040
TOKEN-I6RCIZFETFXGPCJB7BD7M4SSAY,1785453029,1785453044,ACC-YRPLDQBRRHOQWDM6Q3WWM3VAWM,TOKEN-ECQWOR2PMLGQQWK6PAJNTZGLJI,40097,settled_streaming,1,1785453044
TOKEN-NHVVOCTYLKNNI2PVA76MA2P4KQ,1785453029,1785453033,ACC-YRPLDQBRRHOQWDM6Q3WWM3VAWM,TOKEN-EUOHFL26V7GKUXVSHAFQKEAXUM,68994,settled_streaming,1,1785453033
TOKEN-UNYMAH7NVZ6I3JV5CWAAPKS6LY,1785453031,1785453041,ACC-YRPLDQBRRHOQWDM6Q3WWM3VAWM,TOKEN-ECQWOR2PMLGQQWK6PAJNTZGLJI,153441,settled_streaming,1,1785453041
TOKEN-K7LFWPHDVOXKGXZWCGGE62XOSQ,1785453036,1785453039,ACC-YRPLDQBRRHOQWDM6Q3WWM3VAWM,TOKEN-AI5YOWVOKKS4LMPD5PB7357A5Q,405,settled_streaming,1,1785453039
TOKEN-KZOPGGHLV5V5WB3BEN47XVEIPU,1785453037,1785453049,ACC-YRPLDQBRRHOQWDM6Q3WWM3VAWM,TOKEN-EUOHFL26V7GKUXVSHAFQKEAXUM,73214,settled_streaming,1,1785453049
TOKEN-IUGAZUB4JLW4WIXJKJD52QMOW4,1785453039,1785453049,ACC-YRPLDQBRRHOQWDM6Q3WWM3VAWM,TOKEN-QBWKIE2XA3FJKHU2JHSHU5UT6U,335700,settled_streaming,1,1785453049
TOKEN-SV4PCLTCZMJC4GGDB6KEN33GH4,1785453040,1785453065,ACC-YRPLDQBRRHOQWDM6Q3WWM3VAWM,TOKEN-2RIK5UL4LMZ77FOU4VQYPQSJIQ,85360,settled_streaming,1,1785453066
TOKEN-J6CTU5W2PYFIW3Z3X7ZBCW7FZE,1785453040,1785453107,ACC-YRPLDQBRRHOQWDM6Q3WWM3VAWM,TOKEN-IYHESMD7DN3CBB52HK2NXEDRQA,70154,settled_streaming,1,1785453107
TOKEN-P2DREVIN5GCJUFNOMFWG2A2H3M,1785453041,1785453059,ACC-YRPLDQBRRHOQWDM6Q3WWM3VAWM,TOKEN-ECQWOR2PMLGQQWK6PAJNTZGLJI,154327,settled_streaming,1,1785453059
TOKEN-SUWQKYYMI67MFOXJK7QEI4BZGE,1785453041,1785453052,ACC-YRPLDQBRRHOQWDM6Q3WWM3VAWM,TOKEN-FDEZHA3PRSEP7CISYWMFK37PVI,403,settled_streaming,1,1785453052
TOKEN-MD6CLX24HOAM7J2TPKPQUPYKBI,1785453041,1785453061,ACC-YRPLDQBRRHOQWDM6Q3WWM3VAWM,TOKEN-7WG6CHUA6HJLLA4XNG4QBVZWTI,372000,settled_streaming,1,1785453061
TOKEN-6W4TDL6IQOBLYU2AJZ7GGMATL4,1785453043,1785453049,ACC-YRPLDQBRRHOQWDM6Q3WWM3VAWM,TOKEN-2N7J2G7LYHYJAXMZQHLFNHN4FY,1370,settled_streaming,1,1785453049
TOKEN-TSFH3X5DLD752KLWEYU7J7AUJA,1785453045,1785453068,ACC-YRPLDQBRRHOQWDM6Q3WWM3VAWM,TOKEN-7HFW2TMYP57GUZWDULCR33HW24,79600,settled_streaming,1,1785453068
TOKEN-W2YSEY5IX2XAGBVQZMW75IYT64,1785453048,1785453058,ACC-YRPLDQBRRHOQWDM6Q3WWM3VAWM,TOKEN-ECQWOR2PMLGQQWK6PAJNTZGLJI,41538,settled_streaming,1,1785453058
TOKEN-TSAA6IQBJUA4Q2WX2VEFLE4MNI,1785453050,1785453153,ACC-YRPLDQBRRHOQWDM6Q3WWM3VAWM,TOKEN-7WG6CHUA6HJLLA4XNG4QBVZWTI,242019,settled_streaming,1,1785453153
TOKEN-DGJOQKXX2K2VQ7I2S6IPXCB7OM,1785453052,1785453064,ACC-YRPLDQBRRHOQWDM6Q3WWM3VAWM,TOKEN-QBWKIE2XA3FJKHU2JHSHU5UT6U,338459,settled_streaming,1,1785453064
TOKEN-7GQRHAPWCOSS3ZGQPJN2ITP2SM,1785453053,1785453062,ACC-YRPLDQBRRHOQWDM6Q3WWM3VAWM,TOKEN-6KWK57ZINBOKLOBQ2YAIELFVEI,406,settled_streaming,1,1785453062
TOKEN-GVQGQTE2NZT43F72UIBN7DT2BU,1785453057,1785453084,ACC-YRPLDQBRRHOQWDM6Q3WWM3VAWM,TOKEN-WLF4E3B5AUKGZURW26EPRM5PCE,708,settled_streaming,1,1785453084
TOKEN-RX33HDDDELVAFR4E2ED7USDPXA,1785453060,1785453075,ACC-YRPLDQBRRHOQWDM6Q3WWM3VAWM,TOKEN-ECQWOR2PMLGQQWK6PAJNTZGLJI,43723,settled_streaming,1,1785453075
TOKEN-4FCLAGWMHFK4BRR2LGDQK5AGHU,1785453062,1785453065,ACC-YRPLDQBRRHOQWDM6Q3WWM3VAWM,TOKEN-EUOHFL26V7GKUXVSHAFQKEAXUM,74325,settled_streaming,1,1785453065
TOKEN-QSHS6ITDN7FOLTICUAQL727QKQ,1785453062,1785453082,ACC-YRPLDQBRRHOQWDM6Q3WWM3VAWM,TOKEN-ZNJSGCVZAN56BB3YGHYSKEE3D4,2036,settled_streaming,1,1785453082
TOKEN-HIT2UT6HK6HX3P7MRYBQNDZ6DA,1785453065,1785453083,ACC-YRPLDQBRRHOQWDM6Q3WWM3VAWM,TOKEN-7WG6CHUA6HJLLA4XNG4QBVZWTI,372000,settled_streaming,1,1785453083
TOKEN-E2J23CR6DBGYLEDYRRYKLOE2RU,1785453067,1785453074,ACC-YRPLDQBRRHOQWDM6Q3WWM3VAWM,TOKEN-QBWKIE2XA3FJKHU2JHSHU5UT6U,339366,settled_streaming,1,1785453074
TOKEN-EH74IWZZ2LGRNEOMWHAX7YI6B4,1785453068,1785453094,ACC-YRPLDQBRRHOQWDM6Q3WWM3VAWM,TOKEN-2RIK5UL4LMZ77FOU4VQYPQSJIQ,90329,settled_streaming,1,1785453094
TOKEN-ZHWG26OF6D6NBVNXWG4PU6D6MI,1785453068,1785453074,ACC-YRPLDQBRRHOQWDM6Q3WWM3VAWM,TOKEN-EUOHFL26V7GKUXVSHAFQKEAXUM,74887,settled_streaming,1,1785453074
TOKEN-4NYHN3KU3VEAHD2QULDEMDZV5A,1785453070,1785453074,ACC-YRPLDQBRRHOQWDM6Q3WWM3VAWM,TOKEN-ECQWOR2PMLGQQWK6PAJNTZGLJI,155439,settled_streaming,1,1785453075
TOKEN-L2EID32FBTDJM25QL4MHFAMKSM,1785453074,1785453087,ACC-YRPLDQBRRHOQWDM6Q3WWM3VAWM,TOKEN-7HFW2TMYP57GUZWDULCR33HW24,81907,settled_streaming,1,1785453087
TOKEN-AAYBWDYGRKN6FJFLLARLR26GDI,1785453075,1785453104,ACC-YRPLDQBRRHOQWDM6Q3WWM3VAWM,TOKEN-ECQWOR2PMLGQQWK6PAJNTZGLJI,156112,settled_streaming,1,1785453104
TOKEN-4ENK5GGSTXGGR26XZ2LQE4Z5KM,1785453075,1785453089,ACC-YRPLDQBRRHOQWDM6Q3WWM3VAWM,TOKEN-QBWKIE2XA3FJKHU2JHSHU5UT6U,340561,settled_streaming,1,1785453089
TOKEN-WXYU5WDQACSKCKCIFCRELPHQBI,1785453077,1785453091,ACC-YRPLDQBRRHOQWDM6Q3WWM3VAWM,TOKEN-7WG6CHUA6HJLLA4XNG4QBVZWTI,211635,settled_streaming,1,1785453091
TOKEN-5AMH4RVCLR7AJ2XN63YTBJBNNU,1785453078,1785453085,ACC-YRPLDQBRRHOQWDM6Q3WWM3VAWM,TOKEN-ECQWOR2PMLGQQWK6PAJNTZGLJI,45981,settled_streaming,1,1785453085
TOKEN-MP6ONVHK3DM4FT2SCQ7VMN6YCI,1785453082,1785453089,ACC-YRPLDQBRRHOQWDM6Q3WWM3VAWM,TOKEN-WY7XV7R2ZOOEY5RCEZ4SAZEM5U,406,settled_streaming,1,1785453089
TOKEN-HRBVBTLCJXFT4DBNKQT2EXZFYU,1785453086,1785453090,ACC-YRPLDQBRRHOQWDM6Q3WWM3VAWM,TOKEN-ECQWOR2PMLGQQWK6PAJNTZGLJI,46949,settled_streaming,1,1785453090
TOKEN-MJK37FLSQ3N5QEM2OEIXURH2WU,1785453087,1785453110,ACC-YRPLDQBRRHOQWDM6Q3WWM3VAWM,TOKEN-7WG6CHUA6HJLLA4XNG4QBVZWTI,372000,settled_streaming,1,1785453110
TOKEN-3MDXI36WGDX6BKX5EBITVTTZFI,1785453088,1785453093,ACC-YRPLDQBRRHOQWDM6Q3WWM3VAWM,TOKEN-3M7SCECQEB7KAY5F5JOSHHNEEU,4071,settled_streaming,1,1785453093
TOKEN-IZNR6YCT4JURYXOFDALRJZRNRY,1785453089,1785453095,ACC-YRPLDQBRRHOQWDM6Q3WWM3VAWM,TOKEN-7HFW2TMYP57GUZWDULCR33HW24,89701,settled_streaming,1,1785453095
TOKEN-XJAFCHHXBEN5YPFBC6VVJJSFHQ,1785453089,1785453100,ACC-YRPLDQBRRHOQWDM6Q3WWM3VAWM,TOKEN-XTMRCUVQEKSX3HKMFJ26M3D7HY,406,settled_streaming,1,1785453100
TOKEN-JFDY3ZCEYBDKAXMUK4MR42JF3E,1785453092,1785453113,ACC-YRPLDQBRRHOQWDM6Q3WWM3VAWM,TOKEN-QBWKIE2XA3FJKHU2JHSHU5UT6U,341723,settled_streaming,1,1785453113
TOKEN-6NNDP2ZX7ZKE5LARW5NKC7DFYQ,1785453093,1785453109,ACC-YRPLDQBRRHOQWDM6Q3WWM3VAWM,TOKEN-7WG6CHUA6HJLLA4XNG4QBVZWTI,212637,settled_streaming,1,1785453109
TOKEN-KLAW45FXHOFLLY6HST7KZMGQLM,1785453094,1785453106,ACC-YRPLDQBRRHOQWDM6Q3WWM3VAWM,TOKEN-ECQWOR2PMLGQQWK6PAJNTZGLJI,58102,settled_streaming,1,1785453106
TOKEN-CKJ6J62O267KRXZNLVDWNK23TE,1785453096,1785453114,ACC-YRPLDQBRRHOQWDM6Q3WWM3VAWM,TOKEN-2RIK5UL4LMZ77FOU4VQYPQSJIQ,94774,settled_streaming,1,1785453114
TOKEN-YI4QUTT4I2QYBNPXHMJFAI4YPA,1785453097,1785453105,ACC-YRPLDQBRRHOQWDM6Q3WWM3VAWM,TOKEN-ONM3252TWXH6EBFZDBMWYMU3YE,443,settled_streaming,1,1785453105
TOKEN-WACR3GGO75ECIAGI6AES5D2SWU,1785453098,1785453108,ACC-YRPLDQBRRHOQWDM6Q3WWM3VAWM,TOKEN-7HFW2TMYP57GUZWDULCR33HW24,92743,settled_streaming,1,1785453108
TOKEN-DRNOO4QKAAIG2H44Q25TIMNDJA,1785453100,1785453107,ACC-YRPLDQBRRHOQWDM6Q3WWM3VAWM,TOKEN-MHZBLQ2N2WXRFCW6MQONJ55INQ,406,settled_streaming,1,1785453107
TOKEN-YQV3LJ2X3Q6JUHG7MB7GBVDCSY,1785453104,1785453117,ACC-YRPLDQBRRHOQWDM6Q3WWM3VAWM,TOKEN-ECQWOR2PMLGQQWK6PAJNTZGLJI,158034,settled_streaming,1,1785453117
TOKEN-SAFB3TPDHQYJ5MLOT6CB5W7NNM,1785453105,1785453109,ACC-YRPLDQBRRHOQWDM6Q3WWM3VAWM,TOKEN-EUOHFL26V7GKUXVSHAFQKEAXUM,75286,settled_streaming,1,1785453109
TOKEN-O2QXHLWU7XYKJ5LK226JTN53GI,1785453106,1785453117,ACC-YRPLDQBRRHOQWDM6Q3WWM3VAWM,TOKEN-ECQWOR2PMLGQQWK6PAJNTZGLJI,64962,settled_streaming,1,1785453117
TOKEN-VTQGXJQR75VZW26KN3SR4QXY2Y,1785453107,1785453374,ACC-YRPLDQBRRHOQWDM6Q3WWM3VAWM,TOKEN-BK35GXSLY6TYGUJNLXTHP2DXHM,8893,settled_streaming,1,1785453374
TOKEN-TJ2OGIDKQZ5DEGZ3WVUQGZVKMM,1785453107,1785453112,ACC-YRPLDQBRRHOQWDM6Q3WWM3VAWM,TOKEN-IU2PPCQRYJWT635ANY2JMOSRWQ,594,settled_streaming,1,1785453112
TOKEN-HXPL7U7UF7ZR5QB7TIEOYWGLZI,1785453109,1785453113,ACC-YRPLDQBRRHOQWDM6Q3WWM3VAWM,TOKEN-GGSVVNXVUISXWWJTVMS4FEFAHY,683,settled_streaming,1,1785453113
TOKEN-KU7ZHY4W3DY4XKHGND4FCYRDVI,1785453111,1785453153,ACC-YRPLDQBRRHOQWDM6Q3WWM3VAWM,TOKEN-7WG6CHUA6HJLLA4XNG4QBVZWTI,213525,settled_streaming,1,1785453153
TOKEN-TMGS3656BBFEBO5PZ7HANUS4ZU,1785453111,1785453123,ACC-YRPLDQBRRHOQWDM6Q3WWM3VAWM,TOKEN-7HFW2TMYP57GUZWDULCR33HW24,97596,settled_streaming,1,1785453123
TOKEN-NSN6QRCFVVHBLZMXRLSJOQVMTE,1785453111,1785453119,ACC-YRPLDQBRRHOQWDM6Q3WWM3VAWM,TOKEN-EUOHFL26V7GKUXVSHAFQKEAXUM,75474,settled_streaming,1,1785453119
TOKEN-236CRMHXD3UHUKI4U7V3JU2VKY,1785453112,1785453134,ACC-YRPLDQBRRHOQWDM6Q3WWM3VAWM,TOKEN-RUMERZJPFN6RBEDOSHH3XSORHQ,528,settled_streaming,1,1785453134
TOKEN-JWWEZGHZO5G7YHZIVEYPJDAA5E,1785453113,1785453149,ACC-YRPLDQBRRHOQWDM6Q3WWM3VAWM,TOKEN-7WG6CHUA6HJLLA4XNG4QBVZWTI,372000,settled_streaming,1,1785453149
TOKEN-ZSWVYIYT6KNVEXNFWHDRA5CT2A,1785453113,1785453120,ACC-YRPLDQBRRHOQWDM6Q3WWM3VAWM,TOKEN-FLNLD77RPIPRRSCVRXI6CPYVGE,412,settled_streaming,1,1785453120
TOKEN-5GEBMTPJ4OOD644BENS2BVP3DM,1785453114,1785453124,ACC-YRPLDQBRRHOQWDM6Q3WWM3VAWM,TOKEN-QBWKIE2XA3FJKHU2JHSHU5UT6U,343364,settled_streaming,1,1785453124
TOKEN-JYYIFNTAFVNZE74EMID6C2J7KU,1785453117,1785453128,ACC-YRPLDQBRRHOQWDM6Q3WWM3VAWM,TOKEN-2RIK5UL4LMZ77FOU4VQYPQSJIQ,97384,settled_streaming,1,1785453128
TOKEN-BDMRJDQYXUSQ4C3OF2PFBLBS2I,1785453117,1785453137,ACC-YRPLDQBRRHOQWDM6Q3WWM3VAWM,TOKEN-ECQWOR2PMLGQQWK6PAJNTZGLJI,159975,settled_streaming,1,1785453137
TOKEN-UHBX2M7IX63TCLYRIDXSNMRJ4E,1785453124,1785453155,ACC-YRPLDQBRRHOQWDM6Q3WWM3VAWM,TOKEN-AHQ7B47ZHBOVL3RJGDB2F4OPNE,3295,settled_streaming,1,1785453155
TOKEN-LE5EZKQZ2WARFB22SINA5ZWZGQ,1785453127,1785453136,ACC-YRPLDQBRRHOQWDM6Q3WWM3VAWM,TOKEN-QBWKIE2XA3FJKHU2JHSHU5UT6U,345928,settled_streaming,1,1785453136
TOKEN-ZNSVBJREYJUZE4EOIN6ZTIDDEA,1785453128,1785453131,ACC-YRPLDQBRRHOQWDM6Q3WWM3VAWM,TOKEN-ECQWOR2PMLGQQWK6PAJNTZGLJI,65927,settled_streaming,1,1785453131
TOKEN-44VPPSTXHVH5AA2G7LM5VKVIBQ,1785453131,1785453134,ACC-YRPLDQBRRHOQWDM6Q3WWM3VAWM,TOKEN-EUOHFL26V7GKUXVSHAFQKEAXUM,76197,settled_streaming,1,1785453134
TOKEN-ZZMMG6QUSLFSZQI57KKVYSA4BY,1785453135,1785453138,ACC-YRPLDQBRRHOQWDM6Q3WWM3VAWM,TOKEN-7HFW2TMYP57GUZWDULCR33HW24,98739,settled_streaming,1,1785453138
TOKEN-AWA6ENJMVKG7STH3FCPCBPW4HI,1785453135,1785453145,ACC-YRPLDQBRRHOQWDM6Q3WWM3VAWM,TOKEN-EVDWMYKAPSKJYT4HGM34OTTM6M,404,settled_streaming,1,1785453145
TOKEN-VNYGGGI2UW6Z7OQ3PBTJIJUKF4,1785453137,1785453145,ACC-YRPLDQBRRHOQWDM6Q3WWM3VAWM,TOKEN-ECQWOR2PMLGQQWK6PAJNTZGLJI,161364,settled_streaming,1,1785453145
TOKEN-T5DWZPHU67WRE3UKBAC3Q5ZFJA,1785453138,1785453149,ACC-YRPLDQBRRHOQWDM6Q3WWM3VAWM,TOKEN-ECQWOR2PMLGQQWK6PAJNTZGLJI,76773,settled_streaming,1,1785453149
TOKEN-42KTBI22SM4LJFFOJW2MM3QFD4,1785453138,1785453150,ACC-YRPLDQBRRHOQWDM6Q3WWM3VAWM,TOKEN-QBWKIE2XA3FJKHU2JHSHU5UT6U,346747,settled_streaming,1,1785453150
TOKEN-Y2SDCWTEDD2NJQO7HKV5FAN7QQ,1785453140,1785453145,ACC-YRPLDQBRRHOQWDM6Q3WWM3VAWM,TOKEN-EUOHFL26V7GKUXVSHAFQKEAXUM,76362,settled_streaming,1,1785453145
TOKEN-Q224H2J3URB73KE3OPIJAEMGKU,1785453141,1785453146,ACC-YRPLDQBRRHOQWDM6Q3WWM3VAWM,TOKEN-2RIK5UL4LMZ77FOU4VQYPQSJIQ,98253,settled_streaming,1,1785453146
TOKEN-FCZSHDUWNGRB3XJYDXYFHWOV5E,1785453143,1785453154,ACC-YRPLDQBRRHOQWDM6Q3WWM3VAWM,TOKEN-7HFW2TMYP57GUZWDULCR33HW24,99279,settled_streaming,1,1785453154
TOKEN-F4W5TGBKSWMYZZWNAC727GIISA,1785453145,1785453159,ACC-YRPLDQBRRHOQWDM6Q3WWM3VAWM,TOKEN-V3Z4GIX664KHVJUTXOFOZ75OOE,404,settled_streaming,1,1785453159
TOKEN-PR23SFT52N6NVWBTT37QFOMO4Y,1785453145,1785453155,ACC-YRPLDQBRRHOQWDM6Q3WWM3VAWM,TOKEN-ECQWOR2PMLGQQWK6PAJNTZGLJI,162123,settled_streaming,1,1785453155
TOKEN-XIIMHCW6UR2PPBLD6QOXBHL3CI,1785453148,1785453158,ACC-YRPLDQBRRHOQWDM6Q3WWM3VAWM,TOKEN-2RIK5UL4LMZ77FOU4VQYPQSJIQ,98791,settled_streaming,1,1785453158
TOKEN-PPJ5MHPNWBNUKFMJZ3B7FNO2XI,1785453153,1785453190,ACC-YRPLDQBRRHOQWDM6Q3WWM3VAWM,TOKEN-QBWKIE2XA3FJKHU2JHSHU5UT6U,347669,settled_streaming,1,1785453190
TOKEN-RE7JZZNGZGUQS4AH6YJVFFIIC4,1785453154,1785453165,ACC-YRPLDQBRRHOQWDM6Q3WWM3VAWM,TOKEN-7WG6CHUA6HJLLA4XNG4QBVZWTI,215974,settled_streaming,1,1785453165
TOKEN-35D2GNMN3XMDTEASOLRU7YPIWY,1785453155,1785453207,ACC-YRPLDQBRRHOQWDM6Q3WWM3VAWM,TOKEN-7WG6CHUA6HJLLA4XNG4QBVZWTI,248559,settled_streaming,1,1785453207
TOKEN-TGI7ZYUOBUUS3PKRRHA4AM6JXU,1785453156,1785453175,ACC-YRPLDQBRRHOQWDM6Q3WWM3VAWM,TOKEN-ECQWOR2PMLGQQWK6PAJNTZGLJI,163006,settled_streaming,1,1785453175
TOKEN-SYNUPLWIM2RODTCKLMGFHX67SM,1785453158,1785453160,ACC-YRPLDQBRRHOQWDM6Q3WWM3VAWM,TOKEN-EUOHFL26V7GKUXVSHAFQKEAXUM,76875,settled_streaming,1,1785453160
TOKEN-RFCXK64HUDRBQHJ6WVOJYWWKQI,1785453159,1785453169,ACC-YRPLDQBRRHOQWDM6Q3WWM3VAWM,TOKEN-PDT3SVER66JFZUEV6FV27JEXZU,404,settled_streaming,1,1785453169
TOKEN-FLCV4UELRB3RHXPHU7KYCTIDLM,1785453160,1785453164,ACC-YRPLDQBRRHOQWDM6Q3WWM3VAWM,TOKEN-ECQWOR2PMLGQQWK6PAJNTZGLJI,77756,settled_streaming,1,1785453164
TOKEN-2B5GMWYGIDR5HHQCVLNS6DHRMA,1785453160,1785453168,ACC-YRPLDQBRRHOQWDM6Q3WWM3VAWM,TOKEN-QJZQYHEP7SVOOSEWPJLFXVA2U4,2585,settled_streaming,1,1785453168
TOKEN-4CJJEDFUGBTMGCUADVIA5SEGL4,1785453161,1785453174,ACC-YRPLDQBRRHOQWDM6Q3WWM3VAWM,TOKEN-7WG6CHUA6HJLLA4XNG4QBVZWTI,372000,settled_streaming,1,1785453174
TOKEN-7MWHL3P56LX2HRYSQDMZ3XKMKU,1785453161,1785453168,ACC-YRPLDQBRRHOQWDM6Q3WWM3VAWM,TOKEN-2RIK5UL4LMZ77FOU4VQYPQSJIQ,99531,settled_streaming,1,1785453168
TOKEN-LHL5FYAVN4XLFR3IWIXB3ORVPQ,1785453164,1785453173,ACC-YRPLDQBRRHOQWDM6Q3WWM3VAWM,TOKEN-EUOHFL26V7GKUXVSHAFQKEAXUM,77366,settled_streaming,1,1785453174
TOKEN-FNFAPCCY46CCP4SC5LASXCLCJ4,1785453167,1785453169,ACC-YRPLDQBRRHOQWDM6Q3WWM3VAWM,TOKEN-7HFW2TMYP57GUZWDULCR33HW24,100151,settled_streaming,1,1785453169
TOKEN-KUHZF5FO76ZT7LYXKXQLR2NBDA,1785453170,1785453178,ACC-YRPLDQBRRHOQWDM6Q3WWM3VAWM,TOKEN-4LI3HVATZIPXL2AM354FC3N3SQ,430,settled_streaming,1,1785453178
TOKEN-W6AS5EZWJIYJOS7TK7G7UMNPTY,1785453171,1785453184,ACC-YRPLDQBRRHOQWDM6Q3WWM3VAWM,TOKEN-7WG6CHUA6HJLLA4XNG4QBVZWTI,217936,settled_streaming,1,1785453184
TOKEN-57BJG7PGFSF4KI5P4W4AMM467Y,1785453171,1785453176,ACC-YRPLDQBRRHOQWDM6Q3WWM3VAWM,TOKEN-2RIK5UL4LMZ77FOU4VQYPQSJIQ,100638,settled_streaming,1,1785453176
TOKEN-VC4CUXVH46LWKN7CFY4REXBRCA,1785453173,1785453181,ACC-YRPLDQBRRHOQWDM6Q3WWM3VAWM,TOKEN-7HFW2TMYP57GUZWDULCR33HW24,100675,settled_streaming,1,1785453182
TOKEN-AVJ3QMB6YOEVS5YDEOGJI6G4O4,1785453174,1785453180,ACC-YRPLDQBRRHOQWDM6Q3WWM3VAWM,TOKEN-GH32F22VHSO4B72LFTYSELUXG4,1666,settled_streaming,1,1785453180
TOKEN-3EJRVKXWJZQIIFO6NNUNPBCL4M,1785453175,1785453212,ACC-YRPLDQBRRHOQWDM6Q3WWM3VAWM,TOKEN-ECQWOR2PMLGQQWK6PAJNTZGLJI,164914,settled_streaming,1,1785453212
TOKEN-KQ4P6MN4HKIW43ZPQ6B2LY7JKM,1785453177,1785453186,ACC-YRPLDQBRRHOQWDM6Q3WWM3VAWM,TOKEN-EUOHFL26V7GKUXVSHAFQKEAXUM,79987,settled_streaming,1,1785453186
TOKEN-XPAKX7TAPBNBN735MMUE4NPPIA,1785453179,1785453215,ACC-YRPLDQBRRHOQWDM6Q3WWM3VAWM,TOKEN-T734HDTUEIKHO6CAMOWRBWG6HY,2173,settled_streaming,1,1785453215
TOKEN-O6BKZL2XKEBYSA7WLMK3WI2B6I,1785453179,1785453195,ACC-YRPLDQBRRHOQWDM6Q3WWM3VAWM,TOKEN-ECQWOR2PMLGQQWK6PAJNTZGLJI,78243,settled_streaming,1,1785453195
TOKEN-6O5REWUBRIBLFEQ4YRNFZ6A3UM,1785453179,1785453246,ACC-YRPLDQBRRHOQWDM6Q3WWM3VAWM,TOKEN-2RIK5UL4LMZ77FOU4VQYPQSJIQ,101866,settled_streaming,1,1785453246
TOKEN-2X7Z375PXXMXLERBDD2Y7J3V2U,1785453180,1785453196,ACC-YRPLDQBRRHOQWDM6Q3WWM3VAWM,TOKEN-7WG6CHUA6HJLLA4XNG4QBVZWTI,372000,settled_streaming,1,1785453196
TOKEN-A55KO4ETSC7SI6NK2RVLLDOQA4,1785453184,1785453195,ACC-YRPLDQBRRHOQWDM6Q3WWM3VAWM,TOKEN-VPH72SWYVXSTEM6E4Z5XPLNVW4,689,settled_streaming,1,1785453195
TOKEN-SGMJXDR724VOIENS25NAOODXWI,1785453185,1785453193,ACC-YRPLDQBRRHOQWDM6Q3WWM3VAWM,TOKEN-7WG6CHUA6HJLLA4XNG4QBVZWTI,218732,settled_streaming,1,1785453193
TOKEN-F6BOHX367MUSIDJW543C4NVGPU,1785453189,1785453200,ACC-YRPLDQBRRHOQWDM6Q3WWM3VAWM,TOKEN-EUOHFL26V7GKUXVSHAFQKEAXUM,83125,settled_streaming,1,1785453200
TOKEN-6RKRSHNDUCLQYI35762XHSSCU4,1785453191,1785453274,ACC-YRPLDQBRRHOQWDM6Q3WWM3VAWM,TOKEN-QBWKIE2XA3FJKHU2JHSHU5UT6U,350704,settled_streaming,1,1785453274
TOKEN-REJ67GCCNY267KW36Z2R4IAQPY,1785453193,1785453213,ACC-YRPLDQBRRHOQWDM6Q3WWM3VAWM,TOKEN-7LYJZ3VHRJXHW7SLGQH7C32AFI,372000,settled_streaming,1,1785453213
TOKEN-JIW2UGP23XQQNHY6FAHFC6YG5U,1785453194,1785453202,ACC-YRPLDQBRRHOQWDM6Q3WWM3VAWM,TOKEN-7WG6CHUA6HJLLA4XNG4QBVZWTI,219225,settled_streaming,1,1785453202
TOKEN-YJZK2WPBQ2FGKX6JHFCXTZQWVU,1785453194,1785453199,ACC-YRPLDQBRRHOQWDM6Q3WWM3VAWM,TOKEN-7HFW2TMYP57GUZWDULCR33HW24,101377,settled_streaming,1,1785453199
TOKEN-VIJTGNGRX6XGSCKQJ7WYSNUT7Q,1785453199,1785453205,ACC-YRPLDQBRRHOQWDM6Q3WWM3VAWM,TOKEN-76ORK5YCVRBPYXC2O3CVJWMFVY,722,settled_streaming,1,1785453205
TOKEN-AJQY7AG2UN6X7PRSOU3XFAD3DQ,1785453200,1785453207,ACC-YRPLDQBRRHOQWDM6Q3WWM3VAWM,TOKEN-7HFW2TMYP57GUZWDULCR33HW24,101818,settled_streaming,1,1785453207
TOKEN-FLZ4GFUUEKGIIMXY4MBFL2OJKM,1785453200,1785453219,ACC-YRPLDQBRRHOQWDM6Q3WWM3VAWM,TOKEN-7WG6CHUA6HJLLA4XNG4QBVZWTI,372000,settled_streaming,1,1785453219
TOKEN-OEVZGRWTRGB3VPLLQ3J7ZSA2JQ,1785453202,1785453237,ACC-YRPLDQBRRHOQWDM6Q3WWM3VAWM,TOKEN-EUOHFL26V7GKUXVSHAFQKEAXUM,90445,settled_streaming,1,1785453237
TOKEN-XE53BYANYUXBS2KJLCZI5N6SJA,1785453203,1785453221,ACC-YRPLDQBRRHOQWDM6Q3WWM3VAWM,TOKEN-ECQWOR2PMLGQQWK6PAJNTZGLJI,79507,settled_streaming,1,1785453221
TOKEN-JBCN5KORZ234ANJIVJFTKQE56Y,1785453204,1785453213,ACC-YRPLDQBRRHOQWDM6Q3WWM3VAWM,TOKEN-7WG6CHUA6HJLLA4XNG4QBVZWTI,219523,settled_streaming,1,1785453213
TOKEN-25GKWBKV6VCFIS4N7G3DT7J2OM,1785453209,1785453223,ACC-YRPLDQBRRHOQWDM6Q3WWM3VAWM,TOKEN-7IL7DIHIM4PHIQ63E7VYO6DGZQ,5471,settled_streaming,1,1785453223
TOKEN-KDYBOPRBFB3OKXQ3LCWF4BZTMM,1785453210,1785453222,ACC-YRPLDQBRRHOQWDM6Q3WWM3VAWM,TOKEN-7WG6CHUA6HJLLA4XNG4QBVZWTI,253299,settled_streaming,1,1785453222
TOKEN-HV7WFDBEXKF3BLAZ5XYFN7MT5I,1785453213,1785453220,ACC-YRPLDQBRRHOQWDM6Q3WWM3VAWM,TOKEN-ECQWOR2PMLGQQWK6PAJNTZGLJI,167357,settled_streaming,1,1785453220
TOKEN-5WQXO4O4FVMYK3SQGBNODTYDGE,1785453218,1785453302,ACC-YRPLDQBRRHOQWDM6Q3WWM3VAWM,TOKEN-7WG6CHUA6HJLLA4XNG4QBVZWTI,372000,settled_streaming,1,1785453302
TOKEN-AJWAGMQX45STNWUTIV7LLN5IRY,1785453220,1785453224,ACC-YRPLDQBRRHOQWDM6Q3WWM3VAWM,TOKEN-7HFW2TMYP57GUZWDULCR33HW24,102368,settled_streaming,1,1785453224
TOKEN-PE3V3Q3L6RG2UOP32AYD66CBDM,1785453220,1785453227,ACC-YRPLDQBRRHOQWDM6Q3WWM3VAWM,TOKEN-ECQWOR2PMLGQQWK6PAJNTZGLJI,168282,settled_streaming,1,1785453227
TOKEN-A62VENQWJSKUKBQDLWEEHVUUJA,1785453222,1785453230,ACC-YRPLDQBRRHOQWDM6Q3WWM3VAWM,TOKEN-ECQWOR2PMLGQQWK6PAJNTZGLJI,85608,settled_streaming,1,1785453230
TOKEN-FWHFTOQEUBR4Y6I6NRMY4YFAHQ,1785453223,1785453263,ACC-YRPLDQBRRHOQWDM6Q3WWM3VAWM,TOKEN-7WG6CHUA6HJLLA4XNG4QBVZWTI,254161,settled_streaming,1,1785453263
TOKEN-BPXYZWCH4GNQA5KXUH7GAA44GI,1785453223,1785453243,ACC-YRPLDQBRRHOQWDM6Q3WWM3VAWM,TOKEN-7WG6CHUA6HJLLA4XNG4QBVZWTI,372000,settled_streaming,1,1785453243
TOKEN-SV26KANWAK5TEOFRBTFF6I4RTI,1785453226,1785453236,ACC-YRPLDQBRRHOQWDM6Q3WWM3VAWM,TOKEN-7HFW2TMYP57GUZWDULCR33HW24,103136,settled_streaming,1,1785453236
TOKEN-U2NLUI344BAGKQENQJVJGBHXMM,1785453227,1785453245,ACC-YRPLDQBRRHOQWDM6Q3WWM3VAWM,TOKEN-OUKDNOUDGWTMNCN33ZJLZLTU7I,683,settled_streaming,1,1785453245
TOKEN-OSABMECOFV7ERJGJ7Y7JP6TAVQ,1785453228,1785453233,ACC-YRPLDQBRRHOQWDM6Q3WWM3VAWM,TOKEN-ECQWOR2PMLGQQWK6PAJNTZGLJI,168965,settled_streaming,1,1785453233
TOKEN-VJOAZSRXV6446OYD2VHDY43GWU,1785453233,1785453276,ACC-YRPLDQBRRHOQWDM6Q3WWM3VAWM,TOKEN-ECQWOR2PMLGQQWK6PAJNTZGLJI,169660,stream_interrupted_compensated,1,1785453276
TOKEN-APSCIETQUOPFZU2YS4FE24BHXU,1785453234,1785453240,ACC-YRPLDQBRRHOQWDM6Q3WWM3VAWM,TOKEN-ECQWOR2PMLGQQWK6PAJNTZGLJI,92158,settled_streaming,1,1785453240
TOKEN-PAZODTI7AETJ4TXP5GL4CHSZNY,1785453239,1785453252,ACC-YRPLDQBRRHOQWDM6Q3WWM3VAWM,TOKEN-7HFW2TMYP57GUZWDULCR33HW24,107577,settled_streaming,1,1785453252
TOKEN-7JIH277BDKWYY3OHWBVTZZTMJ4,1785453240,1785453249,ACC-YRPLDQBRRHOQWDM6Q3WWM3VAWM,TOKEN-EUOHFL26V7GKUXVSHAFQKEAXUM,103219,settled_streaming,1,1785453249
TOKEN-GA3WGCTA6OSITLKY5MHHIISVII,1785453242,1785453252,ACC-YRPLDQBRRHOQWDM6Q3WWM3VAWM,TOKEN-ECQWOR2PMLGQQWK6PAJNTZGLJI,96736,settled_streaming,1,1785453252
TOKEN-AC6QS3BLBXZXMDAIQAH2GUXPYI,1785453247,1785453271,ACC-YRPLDQBRRHOQWDM6Q3WWM3VAWM,TOKEN-7WG6CHUA6HJLLA4XNG4QBVZWTI,372000,settled_streaming,1,1785453271
TOKEN-OYASE3YO2SBGR3VTNNAN3S6ZNQ,1785453248,1785453265,ACC-YRPLDQBRRHOQWDM6Q3WWM3VAWM,TOKEN-2RIK5UL4LMZ77FOU4VQYPQSJIQ,107797,settled_streaming,1,1785453265
TOKEN-PT626XPAHKWU4W4UWENYRP44KA,1785453250,1785453260,ACC-YRPLDQBRRHOQWDM6Q3WWM3VAWM,TOKEN-YHNSUT6ZWYKVPIYOC3BZWMXDIQ,5304,settled_streaming,1,1785453260
TOKEN-AKRS55DAO3ACOXT47RA3N724MM,1785453253,1785453267,ACC-YRPLDQBRRHOQWDM6Q3WWM3VAWM,TOKEN-EUOHFL26V7GKUXVSHAFQKEAXUM,107110,settled_streaming,1,1785453267
TOKEN-CN2NNRJLJCF3CM2CH7KGCI2QNE,1785453255,1785453270,ACC-YRPLDQBRRHOQWDM6Q3WWM3VAWM,TOKEN-7HFW2TMYP57GUZWDULCR33HW24,111814,settled_streaming,1,1785453270
TOKEN-CF4UTOBSONYHZBDCIDZMO3IIV4,1785453258,1785453273,ACC-YRPLDQBRRHOQWDM6Q3WWM3VAWM,TOKEN-ECQWOR2PMLGQQWK6PAJNTZGLJI,97670,settled_streaming,1,1785453273
TOKEN-T6GVX4QURO3QDOY6SLJBQKLCI4,1785453264,1785453287,ACC-YRPLDQBRRHOQWDM6Q3WWM3VAWM,TOKEN-CEFUUXPI2M7O27IPHSXIHD4PG4,683,settled_streaming,1,1785453287
TOKEN-424GTELZRIA6HOUU4SBZ5ONEDM,1785453266,1785453281,ACC-YRPLDQBRRHOQWDM6Q3WWM3VAWM,TOKEN-7WG6CHUA6HJLLA4XNG4QBVZWTI,257983,settled_streaming,1,1785453281
TOKEN-ZP3VXJ4GFQ3XK7CSQVLIYWXHYU,1785453268,1785453281,ACC-YRPLDQBRRHOQWDM6Q3WWM3VAWM,TOKEN-2RIK5UL4LMZ77FOU4VQYPQSJIQ,109067,settled_streaming,1,1785453281
TOKEN-YPWRAXY3J4ZYKWCBFLALP7NOQY,1785453270,1785453274,ACC-YRPLDQBRRHOQWDM6Q3WWM3VAWM,TOKEN-EUOHFL26V7GKUXVSHAFQKEAXUM,110649,settled_streaming,1,1785453274
TOKEN-JV7VTQHEN42C4UJQJA4NUJ5DVI,1785453273,1785453278,ACC-YRPLDQBRRHOQWDM6Q3WWM3VAWM,TOKEN-7HFW2TMYP57GUZWDULCR33HW24,118543,settled_streaming,1,1785453278
TOKEN-SLNTS2RONBXJIY7UIOWAJACODA,1785453275,1785453281,ACC-YRPLDQBRRHOQWDM6Q3WWM3VAWM,TOKEN-QBWKIE2XA3FJKHU2JHSHU5UT6U,21191,settled_streaming,1,1785453281
TOKEN-FZWGXS4Q6CPY7VQ4LUENZOZ5NQ,1785453276,1785453304,ACC-YRPLDQBRRHOQWDM6Q3WWM3VAWM,TOKEN-ECQWOR2PMLGQQWK6PAJNTZGLJI,174192,settled_streaming,1,1785453304
TOKEN-Q7PAJ6I3DS57CFWXO3QUYMG2GI,1785453276,1785453302,ACC-YRPLDQBRRHOQWDM6Q3WWM3VAWM,TOKEN-7WG6CHUA6HJLLA4XNG4QBVZWTI,372000,settled_streaming,1,1785453302
TOKEN-W3HA6IM2SIBXTCNOMRB7TEBH2I,1785453279,1785453285,ACC-YRPLDQBRRHOQWDM6Q3WWM3VAWM,TOKEN-EUOHFL26V7GKUXVSHAFQKEAXUM,121343,settled_streaming,1,1785453285
TOKEN-A3EEHTJNBP7UJGPLLNLOFXCLNU,1785453280,1785453286,ACC-YRPLDQBRRHOQWDM6Q3WWM3VAWM,TOKEN-7HFW2TMYP57GUZWDULCR33HW24,119117,settled_streaming,1,1785453286
TOKEN-CLWPL22RTFNNWVXBIITUKHVZ4M,1785453280,1785453290,ACC-YRPLDQBRRHOQWDM6Q3WWM3VAWM,TOKEN-ECQWOR2PMLGQQWK6PAJNTZGLJI,100416,settled_streaming,1,1785453290
TOKEN-VFIBHXCP6PVLEW4CMQJQTCKXZQ,1785453283,1785453286,ACC-YRPLDQBRRHOQWDM6Q3WWM3VAWM,TOKEN-QBWKIE2XA3FJKHU2JHSHU5UT6U,22237,settled_streaming,1,1785453286
TOKEN-KVFRFH746KLNOCI4TUGUEOWVTI,1785453283,1785453294,ACC-YRPLDQBRRHOQWDM6Q3WWM3VAWM,TOKEN-7WG6CHUA6HJLLA4XNG4QBVZWTI,259083,settled_streaming,1,1785453294
TOKEN-UOY5ESUGHDS7ZLQMGHY3DOZBFA,1785453286,1785453293,ACC-YRPLDQBRRHOQWDM6Q3WWM3VAWM,TOKEN-2RIK5UL4LMZ77FOU4VQYPQSJIQ,111450,settled_streaming,1,1785453293
TOKEN-OIUH6LAXN5G7N23DXOWM7GD4IQ,1785453286,1785453292,ACC-YRPLDQBRRHOQWDM6Q3WWM3VAWM,TOKEN-QBWKIE2XA3FJKHU2JHSHU5UT6U,23206,settled_streaming,1,1785453292
TOKEN-7TGZPGXBCCBM7CI7S4EIMLA5WE,1785453288,1785453294,ACC-YRPLDQBRRHOQWDM6Q3WWM3VAWM,TOKEN-EUOHFL26V7GKUXVSHAFQKEAXUM,121879,settled_streaming,1,1785453294
TOKEN-VLZICKXUFEIGDMD7HAJGBG43IM,1785453288,1785453298,ACC-YRPLDQBRRHOQWDM6Q3WWM3VAWM,TOKEN-7HFW2TMYP57GUZWDULCR33HW24,119631,settled_streaming,1,1785453298
TOKEN-NPX2CX4GVWJFWJN4566Z3BMRF4,1785453291,1785453312,ACC-YRPLDQBRRHOQWDM6Q3WWM3VAWM,TOKEN-FSUAJCKHDRIND43DU5IOGKOJDQ,1209,settled_streaming,1,1785453312
TOKEN-JSIDSYSU22OMG7XNFWHNTLR7XE,1785453293,1785453300,ACC-YRPLDQBRRHOQWDM6Q3WWM3VAWM,TOKEN-QBWKIE2XA3FJKHU2JHSHU5UT6U,26003,settled_streaming,1,1785453300
TOKEN-565K52HJVDMBHFTOJNBIEAPXWY,1785453295,1785453716,ACC-YRPLDQBRRHOQWDM6Q3WWM3VAWM,TOKEN-2RIK5UL4LMZ77FOU4VQYPQSJIQ,112088,settled_streaming,1,1785453716
TOKEN-XMOORXNRQSVRQXMDHU4J24QAWA,1785453296,1785453310,ACC-YRPLDQBRRHOQWDM6Q3WWM3VAWM,TOKEN-7WG6CHUA6HJLLA4XNG4QBVZWTI,259828,settled_streaming,1,1785453310
TOKEN-JXLMXVMU3OKI2WH2OWLO3YX7M4,1785453297,1785453304,ACC-YRPLDQBRRHOQWDM6Q3WWM3VAWM,TOKEN-ECQWOR2PMLGQQWK6PAJNTZGLJI,104055,settled_streaming,1,1785453304
TOKEN-XZBCKWMWHNDDDBR7J5LPD2AOZI,1785453299,1785453309,ACC-YRPLDQBRRHOQWDM6Q3WWM3VAWM,TOKEN-EUOHFL26V7GKUXVSHAFQKEAXUM,131193,settled_streaming,1,1785453309
TOKEN-76HNOODMF2SFMJEDSYATXIBTO4,1785453302,1785453308,ACC-YRPLDQBRRHOQWDM6Q3WWM3VAWM,TOKEN-7HFW2TMYP57GUZWDULCR33HW24,123098,settled_streaming,1,1785453308
TOKEN-AZ6HMO3QCVNBMISGWQEHPJV7RQ,1785453304,1785453400,ACC-YRPLDQBRRHOQWDM6Q3WWM3VAWM,TOKEN-ECQWOR2PMLGQQWK6PAJNTZGLJI,176282,settled_streaming,1,1785453400
TOKEN-53EYNZ6TTU7T2YJSL2QRKJY27M,1785453305,1785453317,ACC-YRPLDQBRRHOQWDM6Q3WWM3VAWM,TOKEN-QBWKIE2XA3FJKHU2JHSHU5UT6U,26862,settled_streaming,1,1785453317
TOKEN-WWX3OI5VFPPTO2KHJGC6XRXBFY,1785453305,1785453359,ACC-YRPLDQBRRHOQWDM6Q3WWM3VAWM,TOKEN-7WG6CHUA6HJLLA4XNG4QBVZWTI,372000,settled_streaming,1,1785453359
TOKEN-6VRNMC4NEABQ7BPPDWAO5ODKLA,1785453307,1785453329,ACC-YRPLDQBRRHOQWDM6Q3WWM3VAWM,TOKEN-7WG6CHUA6HJLLA4XNG4QBVZWTI,372000,settled_streaming,1,1785453329
TOKEN-DPCJ455AU3DJPJFR6W5WPV5CCI,1785453309,1785453318,ACC-YRPLDQBRRHOQWDM6Q3WWM3VAWM,TOKEN-ECQWOR2PMLGQQWK6PAJNTZGLJI,104730,settled_streaming,1,1785453318
TOKEN-DQKTHZ5AR5WLJ3N2VR22ALHA7M,1785453311,1785453319,ACC-YRPLDQBRRHOQWDM6Q3WWM3VAWM,TOKEN-7HFW2TMYP57GUZWDULCR33HW24,124789,settled_streaming,1,1785453319
TOKEN-JOH5NMZLCUW6WFGCXULK5KQNEA,1785453312,1785453335,ACC-YRPLDQBRRHOQWDM6Q3WWM3VAWM,TOKEN-7WG6CHUA6HJLLA4XNG4QBVZWTI,261087,settled_streaming,1,1785453335
TOKEN-5UU7KMRYXOLNYVUF6YJ4V6CHZA,1785453316,1785453329,ACC-YRPLDQBRRHOQWDM6Q3WWM3VAWM,TOKEN-EUOHFL26V7GKUXVSHAFQKEAXUM,134704,settled_streaming,1,1785453329
TOKEN-UJPUUEDMNUTALCWCW6XM2ILDKY,1785453319,1785453327,ACC-YRPLDQBRRHOQWDM6Q3WWM3VAWM,TOKEN-QBWKIE2XA3FJKHU2JHSHU5UT6U,28506,settled_streaming,1,1785453327
TOKEN-MJL2SRY3E2F5VAMZWSPIUOPKGU,1785453320,1785453327,ACC-YRPLDQBRRHOQWDM6Q3WWM3VAWM,TOKEN-ECQWOR2PMLGQQWK6PAJNTZGLJI,105443,settled_streaming,1,1785453327
TOKEN-PL6M2EVOJFG7ERKNZBSBJDZKEY,1785453324,1785453332,ACC-YRPLDQBRRHOQWDM6Q3WWM3VAWM,TOKEN-7HFW2TMYP57GUZWDULCR33HW24,134412,settled_streaming,1,1785453332
TOKEN-IEQSNQKZLFGJWSTOFWBVH4VFLU,1785453328,1785453337,ACC-YRPLDQBRRHOQWDM6Q3WWM3VAWM,TOKEN-QBWKIE2XA3FJKHU2JHSHU5UT6U,30233,settled_streaming,1,1785453337
TOKEN-D6W452YS22KLXQ4NMNTR4ARRCU,1785453329,1785453337,ACC-YRPLDQBRRHOQWDM6Q3WWM3VAWM,TOKEN-ECQWOR2PMLGQQWK6PAJNTZGLJI,106121,settled_streaming,1,1785453337
TOKEN-CYRLKBBHNRBVB6JFOZHCOPLNXI,1785453335,1785453346,ACC-YRPLDQBRRHOQWDM6Q3WWM3VAWM,TOKEN-EUOHFL26V7GKUXVSHAFQKEAXUM,137222,settled_streaming,1,1785453346
TOKEN-F4IMVTF5FHRIQUQ7SNDOWWNYVY,1785453335,1785453342,ACC-YRPLDQBRRHOQWDM6Q3WWM3VAWM,TOKEN-7WG6CHUA6HJLLA4XNG4QBVZWTI,372000,stream_interrupted_compensated,1,1785453342
TOKEN-46HVO226YN6CMSQIHFZPSYTWFY,1785453339,1785453345,ACC-YRPLDQBRRHOQWDM6Q3WWM3VAWM,TOKEN-QBWKIE2XA3FJKHU2JHSHU5UT6U,31829,settled_streaming,1,1785453345
TOKEN-QZUDB225AKZ75M7NTCQN5D7ZLM,1785453339,1785453366,ACC-YRPLDQBRRHOQWDM6Q3WWM3VAWM,TOKEN-7WG6CHUA6HJLLA4XNG4QBVZWTI,263018,settled_streaming,1,1785453366
TOKEN-FPBCQALMOEBLKRDDHYSTN2IK7I,1785453340,1785453351,ACC-YRPLDQBRRHOQWDM6Q3WWM3VAWM,TOKEN-ECQWOR2PMLGQQWK6PAJNTZGLJI,110054,settled_streaming,1,1785453351
TOKEN-WMCJM6TQJXSNLDQISADV36QMSA,1785453343,1785453348,ACC-YRPLDQBRRHOQWDM6Q3WWM3VAWM,TOKEN-YRM3BEVVUWSQQGBVHMNAPWRH4U,379,settled_streaming,1,1785453348
TOKEN-S3NUYHIQ4PHWIKV2JBJD6I7YOA,1785453345,1785453347,ACC-YRPLDQBRRHOQWDM6Q3WWM3VAWM,TOKEN-7HFW2TMYP57GUZWDULCR33HW24,135180,settled_streaming,1,1785453347
TOKEN-3J7OBDARJ6GFHTOOM76DRT4F5Y,1785453346,1785453355,ACC-YRPLDQBRRHOQWDM6Q3WWM3VAWM,TOKEN-QBWKIE2XA3FJKHU2JHSHU5UT6U,32842,settled_streaming,1,1785453355
TOKEN-DUC3DZHB2D7MA6PNVVKRYLHWRI,1785453347,1785453354,ACC-YRPLDQBRRHOQWDM6Q3WWM3VAWM,TOKEN-7WG6CHUA6HJLLA4XNG4QBVZWTI,372000,stream_interrupted_compensated,1,1785453354
TOKEN-U5UJB3V34ZAHYMU5NQKQEIXOMM,1785453349,1785453356,ACC-YRPLDQBRRHOQWDM6Q3WWM3VAWM,TOKEN-EUOHFL26V7GKUXVSHAFQKEAXUM,140560,settled_streaming,1,1785453356
TOKEN-E3FZZ3GANE6RAZ63U7IA2FD3JU,1785453354,1785453360,ACC-YRPLDQBRRHOQWDM6Q3WWM3VAWM,TOKEN-ECQWOR2PMLGQQWK6PAJNTZGLJI,110874,settled_streaming,1,1785453360
TOKEN-RYZAVBJTQDPQIISFYRXDANAAUE,1785453356,1785453362,ACC-YRPLDQBRRHOQWDM6Q3WWM3VAWM,TOKEN-QBWKIE2XA3FJKHU2JHSHU5UT6U,34752,settled_streaming,1,1785453362
TOKEN-LTU23VTTFDZU5Z2YNNK2BVELEE,1785453359,1785453365,ACC-YRPLDQBRRHOQWDM6Q3WWM3VAWM,TOKEN-KAWWMKFOTWRG6OQRUPYUL5Y244,414,settled_streaming,1,1785453365
TOKEN-4BTABDSDFSMF5U27NM7W6FZ3DQ,1785453360,1785453373,ACC-YRPLDQBRRHOQWDM6Q3WWM3VAWM,TOKEN-EUOHFL26V7GKUXVSHAFQKEAXUM,141678,settled_streaming,1,1785453373
TOKEN-ANH6BLMBQHVVVCIEXVU3TILMEM,1785453360,1785453367,ACC-YRPLDQBRRHOQWDM6Q3WWM3VAWM,TOKEN-7WG6CHUA6HJLLA4XNG4QBVZWTI,372000,stream_interrupted_compensated,1,1785453367
TOKEN-G4H6CQ6VP5ENJFIYMQQBPGJ4MQ,1785453361,1785453371,ACC-YRPLDQBRRHOQWDM6Q3WWM3VAWM,TOKEN-ECQWOR2PMLGQQWK6PAJNTZGLJI,112313,settled_streaming,1,1785453371
TOKEN-QQGKHATYJBP4NLOXVJ7JKLFLEQ,1785453363,1785453371,ACC-YRPLDQBRRHOQWDM6Q3WWM3VAWM,TOKEN-QBWKIE2XA3FJKHU2JHSHU5UT6U,35582,settled_streaming,1,1785453371
TOKEN-7JD462M32CFYZ4GUHHUNCSWPUA,1785453364,1785453373,ACC-YRPLDQBRRHOQWDM6Q3WWM3VAWM,TOKEN-7HFW2TMYP57GUZWDULCR33HW24,135619,settled_streaming,1,1785453373
TOKEN-AUPR6S2WEMHHP27SKOSYHJQBNU,1785453365,1785453376,ACC-YRPLDQBRRHOQWDM6Q3WWM3VAWM,TOKEN-WG7P5JG6OHP24QHHQ34FAQKJC4,646,settled_streaming,1,1785453376
TOKEN-2WOWQHVTXJGS6ICZ4EH3FFJMQQ,1785453368,1785453386,ACC-YRPLDQBRRHOQWDM6Q3WWM3VAWM,TOKEN-7WG6CHUA6HJLLA4XNG4QBVZWTI,274791,settled_streaming,1,1785453386
TOKEN-PM5FXA6HM7DDM5YVTK5AXXIRB4,1785453372,1785453381,ACC-YRPLDQBRRHOQWDM6Q3WWM3VAWM,TOKEN-ECQWOR2PMLGQQWK6PAJNTZGLJI,113823,settled_streaming,1,1785453381
TOKEN-LQCDAD3J625MS5VBTDNVCCO3TQ,1785453372,1785453382,ACC-YRPLDQBRRHOQWDM6Q3WWM3VAWM,TOKEN-QBWKIE2XA3FJKHU2JHSHU5UT6U,36321,settled_streaming,1,1785453382
TOKEN-LR4VZ4XKBGACJ44MBBAFZJDZUM,1785453374,1785453436,ACC-YRPLDQBRRHOQWDM6Q3WWM3VAWM,TOKEN-ZBYLNCZ26TE7MAJMJHUR7OAMYQ,11354,settled_streaming,1,1785453436
TOKEN-W4IADJEVNGW2WRZKQNKZ53IMFQ,1785453374,1785453381,ACC-YRPLDQBRRHOQWDM6Q3WWM3VAWM,TOKEN-7WG6CHUA6HJLLA4XNG4QBVZWTI,372000,stream_interrupted_compensated,1,1785453381
TOKEN-NTM73SZI4LXLJ562WJ7C2DEZ4I,1785453376,1785453433,ACC-YRPLDQBRRHOQWDM6Q3WWM3VAWM,TOKEN-U5UV7P2DRH7CB7IJY7ULKV5ISU,798,settled_streaming,1,1785453433
TOKEN-AKNZ7PZHJTOQZCBVV5SMKKJA64,1785453378,1785453381,ACC-YRPLDQBRRHOQWDM6Q3WWM3VAWM,TOKEN-RLE7GFID5GTVPVHIIFYONBFJHA,379,settled_streaming,1,1785453381
TOKEN-KCE5B56RTOWQEGOOBD4TDSEXVQ,1785453379,1785453390,ACC-YRPLDQBRRHOQWDM6Q3WWM3VAWM,TOKEN-EUOHFL26V7GKUXVSHAFQKEAXUM,144664,settled_streaming,1,1785453390
TOKEN-KI5XBNQGHBCZQP7RQ5VOVHIJOI,1785453384,1785453388,ACC-YRPLDQBRRHOQWDM6Q3WWM3VAWM,TOKEN-ECQWOR2PMLGQQWK6PAJNTZGLJI,114642,settled_streaming,1,1785453388
TOKEN-3KMDPOKVLL67CH2QLI3I25RMIQ,1785453386,1785453396,ACC-YRPLDQBRRHOQWDM6Q3WWM3VAWM,TOKEN-QBWKIE2XA3FJKHU2JHSHU5UT6U,39094,settled_streaming,1,1785453396
TOKEN-VUDCDUMHQFARB7LN5DGHARN2NU,1785453386,1785453390,ACC-YRPLDQBRRHOQWDM6Q3WWM3VAWM,TOKEN-7HFW2TMYP57GUZWDULCR33HW24,136419,settled_streaming,1,1785453390
TOKEN-2NXJ3VLSOIZEJ6NJSOCPW3JUCU,1785453388,1785453397,ACC-YRPLDQBRRHOQWDM6Q3WWM3VAWM,TOKEN-7WG6CHUA6HJLLA4XNG4QBVZWTI,276627,settled_streaming,1,1785453397
TOKEN-2D7DQO4QM5BC47LWN2457SQRII,1785453389,1785453396,ACC-YRPLDQBRRHOQWDM6Q3WWM3VAWM,TOKEN-7WG6CHUA6HJLLA4XNG4QBVZWTI,372000,stream_interrupted_compensated,1,1785453396
TOKEN-BBUKFVD4JRYMQCXVTRAM7TVVYY,1785453389,1785453402,ACC-YRPLDQBRRHOQWDM6Q3WWM3VAWM,TOKEN-ECQWOR2PMLGQQWK6PAJNTZGLJI,115391,settled_streaming,1,1785453402
TOKEN-BH7PT23JSMW26USQRAUVDMZBZA,1785453393,1785453399,ACC-YRPLDQBRRHOQWDM6Q3WWM3VAWM,TOKEN-7HFW2TMYP57GUZWDULCR33HW24,136858,settled_streaming,1,1785453399
TOKEN-OMBYP7Z7YADEHEFMD7FCDPU63E,1785453395,1785453409,ACC-YRPLDQBRRHOQWDM6Q3WWM3VAWM,TOKEN-EUOHFL26V7GKUXVSHAFQKEAXUM,148772,settled_streaming,1,1785453409
TOKEN-7MRXIDM7IKU3IRWZMU6QCJI7LE,1785453399,1785453416,ACC-YRPLDQBRRHOQWDM6Q3WWM3VAWM,TOKEN-7WG6CHUA6HJLLA4XNG4QBVZWTI,278106,settled_streaming,1,1785453417
TOKEN-PC24GYKH7UWAFRGGKOTTBFEU34,1785453400,1785453429,ACC-YRPLDQBRRHOQWDM6Q3WWM3VAWM,TOKEN-7WG6CHUA6HJLLA4XNG4QBVZWTI,372000,settled_streaming,1,1785453429
TOKEN-A3D3CODXNQ6VO6CLVIQS3NM2YA,1785453400,1785453434,ACC-YRPLDQBRRHOQWDM6Q3WWM3VAWM,TOKEN-ECQWOR2PMLGQQWK6PAJNTZGLJI,185310,settled_streaming,1,1785453434
TOKEN-A5MZYLFJ3N5MSL3RKSZLAWZXLM,1785453401,1785453407,ACC-YRPLDQBRRHOQWDM6Q3WWM3VAWM,TOKEN-QBWKIE2XA3FJKHU2JHSHU5UT6U,40117,settled_streaming,1,1785453407
TOKEN-PRXWM5HIPDWJHHW5PP4T4KDGNY,1785453405,1785453416,ACC-YRPLDQBRRHOQWDM6Q3WWM3VAWM,TOKEN-ECQWOR2PMLGQQWK6PAJNTZGLJI,116558,settled_streaming,1,1785453416
TOKEN-XUHHNBIGHU2OG6JFVMWEEZQWIU,1785453408,1785453413,ACC-YRPLDQBRRHOQWDM6Q3WWM3VAWM,TOKEN-QBWKIE2XA3FJKHU2JHSHU5UT6U,41100,settled_streaming,1,1785453413
TOKEN-LKMPW4JCHNPDXTMCPVMGZEW4M4,1785453411,1785453417,ACC-YRPLDQBRRHOQWDM6Q3WWM3VAWM,TOKEN-7MNWPYY5AGNUTCV7HVNW5G5LEQ,379,settled_streaming,1,1785453417
TOKEN-A72OREILCLVO2E7WVOXFSB6QZI,1785453412,1785453415,ACC-YRPLDQBRRHOQWDM6Q3WWM3VAWM,TOKEN-7HFW2TMYP57GUZWDULCR33HW24,137507,settled_streaming,1,1785453415
TOKEN-SEV3F2HI3WG2ZQKPUWKW5WO6UY,1785453414,1785453421,ACC-YRPLDQBRRHOQWDM6Q3WWM3VAWM,TOKEN-QBWKIE2XA3FJKHU2JHSHU5UT6U,42249,settled_streaming,1,1785453421
TOKEN-OTW7STTHBDQPCCN5WRYO3XRUVU,1785453416,1785453424,ACC-YRPLDQBRRHOQWDM6Q3WWM3VAWM,TOKEN-EUOHFL26V7GKUXVSHAFQKEAXUM,154829,settled_streaming,1,1785453424
TOKEN-BU242FCFKSROG733P4J7Y3EHMM,1785453417,1785453429,ACC-YRPLDQBRRHOQWDM6Q3WWM3VAWM,TOKEN-7HFW2TMYP57GUZWDULCR33HW24,137943,settled_streaming,1,1785453429
TOKEN-4R4RZY3NG72FKPBQNGJIUQRFCY,1785453418,1785453460,ACC-YRPLDQBRRHOQWDM6Q3WWM3VAWM,TOKEN-7WG6CHUA6HJLLA4XNG4QBVZWTI,278952,settled_streaming,1,1785453460
TOKEN-Y5ELZIYFGPTFGL4VTMJXNVMSKA,1785453420,1785453432,ACC-YRPLDQBRRHOQWDM6Q3WWM3VAWM,TOKEN-ECQWOR2PMLGQQWK6PAJNTZGLJI,120785,settled_streaming,1,1785453432
TOKEN-E4SOTSZSSJ7FF5TJAYPZYI7FK4,1785453424,1785453430,ACC-YRPLDQBRRHOQWDM6Q3WWM3VAWM,TOKEN-QBWKIE2XA3FJKHU2JHSHU5UT6U,43870,settled_streaming,1,1785453430
TOKEN-W2CMXXVN5YCZZ7RSNVOWDCPBL4,1785453426,1785453441,ACC-YRPLDQBRRHOQWDM6Q3WWM3VAWM,TOKEN-EUOHFL26V7GKUXVSHAFQKEAXUM,155877,settled_streaming,1,1785453441
TOKEN-P7OXFZ7CPIFC7CGEDW3Z77ILGA,1785453433,1785453453,ACC-YRPLDQBRRHOQWDM6Q3WWM3VAWM,TOKEN-7WG6CHUA6HJLLA4XNG4QBVZWTI,372000,settled_streaming,1,1785453453
TOKEN-IZYBCMHNEDQSGV6JDGJKX3HLQE,1785453434,1785453439,ACC-YRPLDQBRRHOQWDM6Q3WWM3VAWM,TOKEN-QBWKIE2XA3FJKHU2JHSHU5UT6U,44469,settled_streaming,1,1785453439
TOKEN-7O2TRF2RAJUELNRJ6XJZU4TOTY,1785453434,1785453533,ACC-YRPLDQBRRHOQWDM6Q3WWM3VAWM,TOKEN-K2QZXX2DTWZK2ZEA3OYDYGAGKA,1433,settled_streaming,1,1785453533
TOKEN-5LBXFRYDLMUWKW5FNNGOUCNNIE,1785453435,1785453487,ACC-YRPLDQBRRHOQWDM6Q3WWM3VAWM,TOKEN-ECQWOR2PMLGQQWK6PAJNTZGLJI,188360,settled_streaming,1,1785453487
TOKEN-36NCSEJQKXB35PM2MVZQWDADAU,1785453435,1785453444,ACC-YRPLDQBRRHOQWDM6Q3WWM3VAWM,TOKEN-ECQWOR2PMLGQQWK6PAJNTZGLJI,122216,settled_streaming,1,1785453444
TOKEN-Q6EW6YHDAY22AJFKUJAWZ4H2OM,1785453441,1785453466,ACC-YRPLDQBRRHOQWDM6Q3WWM3VAWM,TOKEN-7LYJZ3VHRJXHW7SLGQH7C32AFI,372000,settled_streaming,1,1785453466
TOKEN-GK26YRRIOSI6NL6Q5VW3OMBBC4,1785453442,1785453446,ACC-YRPLDQBRRHOQWDM6Q3WWM3VAWM,TOKEN-QBWKIE2XA3FJKHU2JHSHU5UT6U,45191,settled_streaming,1,1785453446
TOKEN-ICIFUNIDLDT3AROHSTP7VEMTNI,1785453442,1785453448,ACC-YRPLDQBRRHOQWDM6Q3WWM3VAWM,TOKEN-7HFW2TMYP57GUZWDULCR33HW24,138819,settled_streaming,1,1785453448
TOKEN-2KTDW3E6XWGGXTAAXSRBBAF6BA,1785453447,1785453457,ACC-YRPLDQBRRHOQWDM6Q3WWM3VAWM,TOKEN-ECQWOR2PMLGQQWK6PAJNTZGLJI,124062,settled_streaming,1,1785453458
TOKEN-M5QZ2UKR56D6O4C2JXJACIGNGY,1785453447,1785453450,ACC-YRPLDQBRRHOQWDM6Q3WWM3VAWM,TOKEN-DIA2A55XS4LCVKMUSOCYRMSJYQ,379,settled_streaming,1,1785453450
TOKEN-SEEN3IPQRVP4DUXKJJJWN7PUYQ,1785453448,1785453460,ACC-YRPLDQBRRHOQWDM6Q3WWM3VAWM,TOKEN-EUOHFL26V7GKUXVSHAFQKEAXUM,158812,settled_streaming,1,1785453460
TOKEN-5J5DLFSTF7BRUDNBCQGNGDDJYI,1785453448,1785453453,ACC-YRPLDQBRRHOQWDM6Q3WWM3VAWM,TOKEN-QBWKIE2XA3FJKHU2JHSHU5UT6U,45771,settled_streaming,1,1785453453
TOKEN-OK2R66X44FBLDB4OOQDEZ7DFF4,1785453450,1785453455,ACC-YRPLDQBRRHOQWDM6Q3WWM3VAWM,TOKEN-7HFW2TMYP57GUZWDULCR33HW24,139335,settled_streaming,1,1785453455
TOKEN-UN4VJAYZKRV35JWCSGQBS4DABQ,1785453454,1785453460,ACC-YRPLDQBRRHOQWDM6Q3WWM3VAWM,TOKEN-QBWKIE2XA3FJKHU2JHSHU5UT6U,46317,settled_streaming,1,1785453460
TOKEN-GETKYCSN6VXT4GW3STG3KHUMKU,1785453457,1785453475,ACC-YRPLDQBRRHOQWDM6Q3WWM3VAWM,TOKEN-7HFW2TMYP57GUZWDULCR33HW24,139911,settled_streaming,1,1785453475
TOKEN-ZFCULNOCJAGGXG5K7T4ZC5O7WQ,1785453457,1785453489,ACC-YRPLDQBRRHOQWDM6Q3WWM3VAWM,TOKEN-7WG6CHUA6HJLLA4XNG4QBVZWTI,372000,settled_streaming,1,1785453489
TOKEN-FIKOK5AXO77M22OB7OHR4EUXLI,1785453459,1785453464,ACC-YRPLDQBRRHOQWDM6Q3WWM3VAWM,TOKEN-ECQWOR2PMLGQQWK6PAJNTZGLJI,124647,settled_streaming,1,1785453464
TOKEN-EVQ2OAZKDKX44KKMUB2YFQ25QQ,1785453462,1785453473,ACC-YRPLDQBRRHOQWDM6Q3WWM3VAWM,TOKEN-7WG6CHUA6HJLLA4XNG4QBVZWTI,291868,settled_streaming,1,1785453473
TOKEN-ROJN4DHGN56SQYADI3W7IBBDCM,1785453463,1785453470,ACC-YRPLDQBRRHOQWDM6Q3WWM3VAWM,TOKEN-QBWKIE2XA3FJKHU2JHSHU5UT6U,57094,settled_streaming,1,1785453470
TOKEN-ZGYZGNP5DJ2RIWD35KIOQUXI3I,1785453464,1785453492,ACC-YRPLDQBRRHOQWDM6Q3WWM3VAWM,TOKEN-EUOHFL26V7GKUXVSHAFQKEAXUM,162075,settled_streaming,1,1785453492
TOKEN-TAFW4QYCSVDM3I2Y5TLR3ZYLW4,1785453468,1785453477,ACC-YRPLDQBRRHOQWDM6Q3WWM3VAWM,TOKEN-ECQWOR2PMLGQQWK6PAJNTZGLJI,125634,settled_streaming,1,1785453477
TOKEN-4IFYJAJP57PPAWFNST3CFKYLHA,1785453470,1785453492,ACC-YRPLDQBRRHOQWDM6Q3WWM3VAWM,TOKEN-7LYJZ3VHRJXHW7SLGQH7C32AFI,372000,settled_streaming,1,1785453492
TOKEN-5X5XIFXDWCPVDNRQI2MXZ2NUIY,1785453471,1785453479,ACC-YRPLDQBRRHOQWDM6Q3WWM3VAWM,TOKEN-QBWKIE2XA3FJKHU2JHSHU5UT6U,58873,settled_streaming,1,1785453479
TOKEN-744ZTGSJXDEV63OAYT3VPFO3LU,1785453475,1785453491,ACC-YRPLDQBRRHOQWDM6Q3WWM3VAWM,TOKEN-7WG6CHUA6HJLLA4XNG4QBVZWTI,292565,settled_streaming,1,1785453491
TOKEN-34SHJPKAIV7M4LT7FCHL6Y2Y24,1785453478,1785453487,ACC-YRPLDQBRRHOQWDM6Q3WWM3VAWM,TOKEN-ECQWOR2PMLGQQWK6PAJNTZGLJI,126396,settled_streaming,1,1785453487
TOKEN-TDJVTJHWRMSO4VHEH4HZW2YDYQ,1785453478,1785453485,ACC-YRPLDQBRRHOQWDM6Q3WWM3VAWM,TOKEN-7HFW2TMYP57GUZWDULCR33HW24,140471,settled_streaming,1,1785453485
TOKEN-74ITBC4KNYEVWAJ4EX4H7HIG7A,1785453480,1785453483,ACC-YRPLDQBRRHOQWDM6Q3WWM3VAWM,TOKEN-7MTOO63MBH6BZRP7PDN5FDNY4U,379,settled_streaming,1,1785453483
TOKEN-2E4PA4ES2MD7WNX2TUBKXEJHSI,1785453482,1785453493,ACC-YRPLDQBRRHOQWDM6Q3WWM3VAWM,TOKEN-QBWKIE2XA3FJKHU2JHSHU5UT6U,60783,settled_streaming,1,1785453493
TOKEN-DSAOH2I754IRLGDE2SGX4S5NFU,1785453488,1785453497,ACC-YRPLDQBRRHOQWDM6Q3WWM3VAWM,TOKEN-7HFW2TMYP57GUZWDULCR33HW24,141228,settled_streaming,1,1785453497
TOKEN-6IJC64RAEHPSNXFLDMCJAY637I,1785453490,1785453495,ACC-YRPLDQBRRHOQWDM6Q3WWM3VAWM,TOKEN-ECQWOR2PMLGQQWK6PAJNTZGLJI,192867,settled_streaming,1,1785453495
TOKEN-66ZWDYES7EZW4ZTEM23S445LPE,1785453491,1785453501,ACC-YRPLDQBRRHOQWDM6Q3WWM3VAWM,TOKEN-ECQWOR2PMLGQQWK6PAJNTZGLJI,129253,settled_streaming,1,1785453501
TOKEN-S4LKS5ZQROFNI4C2YK5CG4X4CU,1785453493,1785453533,ACC-YRPLDQBRRHOQWDM6Q3WWM3VAWM,TOKEN-7WG6CHUA6HJLLA4XNG4QBVZWTI,372000,settled_streaming,1,1785453533
TOKEN-EA6TJAOYEONSTYKBFFBPRZB2CI,1785453493,1785453540,ACC-YRPLDQBRRHOQWDM6Q3WWM3VAWM,TOKEN-7WG6CHUA6HJLLA4XNG4QBVZWTI,293759,settled_streaming,1,1785453540
TOKEN-MAWZMLTLXUADHZ6ZSP2B3KQAOY,1785453495,1785453529,ACC-YRPLDQBRRHOQWDM6Q3WWM3VAWM,TOKEN-ECQWOR2PMLGQQWK6PAJNTZGLJI,193808,settled_streaming,1,1785453529
TOKEN-F7LRVCQGCD2U4ATTW5EY2BVPE4,1785453496,1785453510,ACC-YRPLDQBRRHOQWDM6Q3WWM3VAWM,TOKEN-QBWKIE2XA3FJKHU2JHSHU5UT6U,62579,settled_streaming,1,1785453510
TOKEN-TXUPZLUJKG6GD6BY6NHJ6M5WTE,1785453496,1785453615,ACC-YRPLDQBRRHOQWDM6Q3WWM3VAWM,TOKEN-EUOHFL26V7GKUXVSHAFQKEAXUM,166722,settled_streaming,1,1785453615
TOKEN-6M26CDH4AQAUHCA6N6TM4DRQZU,1785453497,1785453526,ACC-YRPLDQBRRHOQWDM6Q3WWM3VAWM,TOKEN-7LYJZ3VHRJXHW7SLGQH7C32AFI,372000,settled_streaming,1,1785453526
TOKEN-3OXN6CQ4CFA6H3V4SFVX5ROUPE,1785453500,1785453518,ACC-YRPLDQBRRHOQWDM6Q3WWM3VAWM,TOKEN-7HFW2TMYP57GUZWDULCR33HW24,149563,settled_streaming,1,1785453518
TOKEN-QTHCGAY2FLNF4MC6QYFP4R4DYY,1785453503,1785453516,ACC-YRPLDQBRRHOQWDM6Q3WWM3VAWM,TOKEN-ECQWOR2PMLGQQWK6PAJNTZGLJI,131057,settled_streaming,1,1785453516
TOKEN-WYDMYM64CV6EV2XKH3XBI7KXYE,1785453507,1785453525,ACC-YRPLDQBRRHOQWDM6Q3WWM3VAWM,TOKEN-RDDT7UQOQHEXFFVPUKPI7ZQ5CY,803,settled_streaming,1,1785453525
TOKEN-35PSXBSI3SRQYF6LGUXIUSERIQ,1785453510,1785453543,ACC-YRPLDQBRRHOQWDM6Q3WWM3VAWM,TOKEN-QBWKIE2XA3FJKHU2JHSHU5UT6U,63478,settled_streaming,1,1785453543
TOKEN-PH5RXJK622K653RRRA5YZPSOMM,1785453518,1785453531,ACC-YRPLDQBRRHOQWDM6Q3WWM3VAWM,TOKEN-ECQWOR2PMLGQQWK6PAJNTZGLJI,132003,settled_streaming,1,1785453531
TOKEN-5V44SHPM27TVCVYPIEAWTPUWWQ,1785453521,1785453529,ACC-YRPLDQBRRHOQWDM6Q3WWM3VAWM,TOKEN-7HFW2TMYP57GUZWDULCR33HW24,153214,settled_streaming,1,1785453529
TOKEN-J4T3EYLVPNWKOANPDDYE4IXM7U,1785453530,1785453535,ACC-YRPLDQBRRHOQWDM6Q3WWM3VAWM,TOKEN-ECQWOR2PMLGQQWK6PAJNTZGLJI,197033,settled_streaming,1,1785453535
TOKEN-FM7RMPH2KA7SOQHH4RLBT4HMGE,1785453531,1785453623,ACC-YRPLDQBRRHOQWDM6Q3WWM3VAWM,TOKEN-7LYJZ3VHRJXHW7SLGQH7C32AFI,372000,settled_streaming,1,1785453623
TOKEN-FMKLW2K3K5RHHW3PV4BN5IG35E,1785453532,1785453548,ACC-YRPLDQBRRHOQWDM6Q3WWM3VAWM,TOKEN-7HFW2TMYP57GUZWDULCR33HW24,159183,settled_streaming,1,1785453548
TOKEN-YNL2OO2WPTNZKFWRLTAIFTMDL4,1785453533,1785453541,ACC-YRPLDQBRRHOQWDM6Q3WWM3VAWM,TOKEN-UIHDKSCNRMG24UQVFONL2OCTDQ,409,settled_streaming,1,1785453541
TOKEN-6WSSDLARJTXOWLXQKHH42Y766E,1785453535,1785453552,ACC-YRPLDQBRRHOQWDM6Q3WWM3VAWM,TOKEN-ECQWOR2PMLGQQWK6PAJNTZGLJI,197833,settled_streaming,1,1785453552
TOKEN-7WWUU2BICZUJ3EULYW5SZBT2QQ,1785453538,1785453572,ACC-YRPLDQBRRHOQWDM6Q3WWM3VAWM,TOKEN-7WG6CHUA6HJLLA4XNG4QBVZWTI,372000,settled_streaming,1,1785453572
TOKEN-CYKUQWRRPZXIET5CGCIZO73YNU,1785453541,1785453547,ACC-YRPLDQBRRHOQWDM6Q3WWM3VAWM,TOKEN-7LKJ2ZNOB4G7P6DCVCM5674WFM,410,settled_streaming,1,1785453547
TOKEN-DGS67TEOC4HLCBOURLJ65Z7VQM,1785453541,1785453554,ACC-YRPLDQBRRHOQWDM6Q3WWM3VAWM,TOKEN-7WG6CHUA6HJLLA4XNG4QBVZWTI,297098,settled_streaming,1,1785453554
TOKEN-X3ZWQXEKOO2O6B5XQ4Q6KJLVSM,1785453542,1785453547,ACC-YRPLDQBRRHOQWDM6Q3WWM3VAWM,TOKEN-ECQWOR2PMLGQQWK6PAJNTZGLJI,132842,settled_streaming,1,1785453547
TOKEN-X7DTMC4QUMFANI6IU2C2WJ3MZY,1785453547,1785453579,ACC-YRPLDQBRRHOQWDM6Q3WWM3VAWM,TOKEN-QBWKIE2XA3FJKHU2JHSHU5UT6U,66440,settled_streaming,1,1785453579
TOKEN-3F2DX3TT334KMZAMOIE4RPLLZM,1785453547,1785453556,ACC-YRPLDQBRRHOQWDM6Q3WWM3VAWM,TOKEN-LWJ43BAXYBBDKBN6U5SP5BSCQ4,2305,settled_streaming,1,1785453556
TOKEN-NE7QY73ZCAQX46BIF4R2JX2MCM,1785453551,1785453561,ACC-YRPLDQBRRHOQWDM6Q3WWM3VAWM,TOKEN-7HFW2TMYP57GUZWDULCR33HW24,165585,settled_streaming,1,1785453561
TOKEN-6QCE7TJO6QFQ532LHN7MGAOTE4,1785453552,1785453558,ACC-YRPLDQBRRHOQWDM6Q3WWM3VAWM,TOKEN-ECQWOR2PMLGQQWK6PAJNTZGLJI,198837,settled_streaming,1,1785453558
TOKEN-GFMMG7GG2W37CUPOVH4R6GENCM,1785453555,1785453557,ACC-YRPLDQBRRHOQWDM6Q3WWM3VAWM,TOKEN-GPAM3LF6J3CGKQV53EHIH7UINE,379,settled_streaming,1,1785453557
TOKEN-NWWJ7J7NSATXCKREDS75NSLYUY,1785453556,1785453566,ACC-YRPLDQBRRHOQWDM6Q3WWM3VAWM,TOKEN-RGR2XD2KUEP5XJVOLLQPDE6JDI,1040,settled_streaming,1,1785453566
TOKEN-KLS3WZOJWH26MH35HCXRWOSPLM,1785453558,1785453591,ACC-YRPLDQBRRHOQWDM6Q3WWM3VAWM,TOKEN-ECQWOR2PMLGQQWK6PAJNTZGLJI,201437,settled_streaming,1,1785453591
TOKEN-JZJHQDD6PGCSKB6AYDVY2WGSVI,1785453561,1785453578,ACC-YRPLDQBRRHOQWDM6Q3WWM3VAWM,TOKEN-TIPNJDDX3LUQHV6VY6RABC4DZM,760,settled_streaming,1,1785453578
TOKEN-7QGFSPJV2UES5DVVDN4E3FCEHY,1785453562,1785453575,ACC-YRPLDQBRRHOQWDM6Q3WWM3VAWM,TOKEN-ECQWOR2PMLGQQWK6PAJNTZGLJI,133365,settled_streaming,1,1785453575
TOKEN-MBRKVCAC6JXGNMOVFFG5HZQHNE,1785453564,1785453578,ACC-YRPLDQBRRHOQWDM6Q3WWM3VAWM,TOKEN-7WG6CHUA6HJLLA4XNG4QBVZWTI,297580,settled_streaming,1,1785453578
TOKEN-W5SSI55MDU6VDQZJKLXAAFVZD4,1785453566,1785453580,ACC-YRPLDQBRRHOQWDM6Q3WWM3VAWM,TOKEN-7HFW2TMYP57GUZWDULCR33HW24,176698,settled_streaming,1,1785453580
TOKEN-E54SBO2UTAE6W2H7CSVAAS6CYA,1785453567,1785453575,ACC-YRPLDQBRRHOQWDM6Q3WWM3VAWM,TOKEN-E3OK3DZGPKKTHB22SYYBXXRDOM,404,settled_streaming,1,1785453575
TOKEN-AS2CFKBLM2MWZVAC7OOL6WMHLQ,1785453575,1785453586,ACC-YRPLDQBRRHOQWDM6Q3WWM3VAWM,TOKEN-3H3E7IXOJ7H45PXQOKRPMOSSII,378,settled_streaming,1,1785453586
TOKEN-LVIRDB47SZCJAFDFCSDIXYTBAA,1785453577,1785453587,ACC-YRPLDQBRRHOQWDM6Q3WWM3VAWM,TOKEN-ECQWOR2PMLGQQWK6PAJNTZGLJI,135565,settled_streaming,1,1785453587
TOKEN-TQKG7WZDJM2AS7ICXMNKSW7UKQ,1785453579,1785453608,ACC-YRPLDQBRRHOQWDM6Q3WWM3VAWM,TOKEN-7WG6CHUA6HJLLA4XNG4QBVZWTI,372000,settled_streaming,1,1785453608
TOKEN-6AAEOTP7YJZBPGG7RGGJCFW5VU,1785453581,1785453589,ACC-YRPLDQBRRHOQWDM6Q3WWM3VAWM,TOKEN-QBWKIE2XA3FJKHU2JHSHU5UT6U,69160,settled_streaming,1,1785453589
TOKEN-BU2VNVTUNUH7TLT3BP2WNGTKUY,1785453583,1785453589,ACC-YRPLDQBRRHOQWDM6Q3WWM3VAWM,TOKEN-BDS7C2C5JRNMEOZX2AQF77DDW4,627,settled_streaming,1,1785453589
TOKEN-F3LIIY3ZWFD2SZZIQXJUGFW6DQ,1785453583,1785453690,ACC-YRPLDQBRRHOQWDM6Q3WWM3VAWM,TOKEN-7WG6CHUA6HJLLA4XNG4QBVZWTI,299123,settled_streaming,1,1785453690
TOKEN-VYE2FR4WMTZJSIAMWZ4GD2DR3Y,1785453587,1785453596,ACC-YRPLDQBRRHOQWDM6Q3WWM3VAWM,TOKEN-6CKETDTVSFRIZUQBMCPZDCBA6Q,409,settled_streaming,1,1785453596
TOKEN-XXGJRVVZ22QJOGBLBRGEHVLRHE,1785453589,1785453599,ACC-YRPLDQBRRHOQWDM6Q3WWM3VAWM,TOKEN-ECQWOR2PMLGQQWK6PAJNTZGLJI,136603,settled_streaming,1,1785453599
TOKEN-Z2JAFV5KFL7KMG6KK4PJ3DMA7E,1785453591,1785453642,ACC-YRPLDQBRRHOQWDM6Q3WWM3VAWM,TOKEN-ECQWOR2PMLGQQWK6PAJNTZGLJI,203647,settled_streaming,1,1785453642
TOKEN-CMI2BYJU2FTS4IYSSBAV6LM6DM,1785453593,1785453612,ACC-YRPLDQBRRHOQWDM6Q3WWM3VAWM,TOKEN-YXLQYDUGMARX5I4O2E4KCJQUJA,1603,settled_streaming,1,1785453612
TOKEN-ZKS2FF6PSHVVX5ACVLDHYXPS6U,1785453594,1785453598,ACC-YRPLDQBRRHOQWDM6Q3WWM3VAWM,TOKEN-7HFW2TMYP57GUZWDULCR33HW24,177658,settled_streaming,1,1785453598
TOKEN-JT6HP7OJQ7UZMXXULWUWYA2AGU,1785453597,1785453623,ACC-YRPLDQBRRHOQWDM6Q3WWM3VAWM,TOKEN-ONBJX4FDOLVAW7UJDU765DJLNE,378,settled_streaming,1,1785453623
TOKEN-GKAWVZ6G5ZNTZG4AQ2IAKV6OSI,1785453600,1785453610,ACC-YRPLDQBRRHOQWDM6Q3WWM3VAWM,TOKEN-7HFW2TMYP57GUZWDULCR33HW24,178096,settled_streaming,1,1785453610
TOKEN-OGGJVNW2ARICFF6SUYHJ4ESTYE,1785453600,1785453620,ACC-YRPLDQBRRHOQWDM6Q3WWM3VAWM,TOKEN-QBWKIE2XA3FJKHU2JHSHU5UT6U,72167,settled_streaming,1,1785453620
TOKEN-7XS777SVIXK6PMOOSI5TWSXESM,1785453604,1785453616,ACC-YRPLDQBRRHOQWDM6Q3WWM3VAWM,TOKEN-ECQWOR2PMLGQQWK6PAJNTZGLJI,141081,settled_streaming,1,1785453616
TOKEN-XOWJUXZTFBG2S5RXWABSVCYX5M,1785453613,1785453623,ACC-YRPLDQBRRHOQWDM6Q3WWM3VAWM,TOKEN-7HFW2TMYP57GUZWDULCR33HW24,178952,settled_streaming,1,1785453623
TOKEN-HV4BU6QU53IQMHKYNRVF5FWQ5E,1785453613,1785453635,ACC-YRPLDQBRRHOQWDM6Q3WWM3VAWM,TOKEN-7WG6CHUA6HJLLA4XNG4QBVZWTI,372000,settled_streaming,1,1785453635
TOKEN-JSD62O7444U3ND2KB4UEL44VCE,1785453619,1785453627,ACC-YRPLDQBRRHOQWDM6Q3WWM3VAWM,TOKEN-ECQWOR2PMLGQQWK6PAJNTZGLJI,143417,settled_streaming,1,1785453627
TOKEN-T75GQZ76WNG5C4XIONNV2HQZPI,1785453623,1785453636,ACC-YRPLDQBRRHOQWDM6Q3WWM3VAWM,TOKEN-QBWKIE2XA3FJKHU2JHSHU5UT6U,73867,settled_streaming,1,1785453636
TOKEN-HBRTY2ZJYY7G5I6G3C2GOYCAZ4,1785453623,1785453627,ACC-YRPLDQBRRHOQWDM6Q3WWM3VAWM,TOKEN-7LYJZ3VHRJXHW7SLGQH7C32AFI,17998,settled_streaming,1,1785453627
TOKEN-ZRGAOIZAJ5HYAKIWOBMH7VQV24,1785453623,1785453650,ACC-YRPLDQBRRHOQWDM6Q3WWM3VAWM,TOKEN-S5ICGKXEIKDJHOSEPE2XJJ44HM,447,settled_streaming,1,1785453650
TOKEN-67YKDSHXWIUAXVKKLAEXK2RCSI,1785453627,1785453632,ACC-YRPLDQBRRHOQWDM6Q3WWM3VAWM,TOKEN-7HFW2TMYP57GUZWDULCR33HW24,179596,settled_streaming,1,1785453632
TOKEN-QZZLD5AP5GCMGAQFAPGTWV5P7Q,1785453627,1785453636,ACC-YRPLDQBRRHOQWDM6Q3WWM3VAWM,TOKEN-EUOHFL26V7GKUXVSHAFQKEAXUM,178321,settled_streaming,1,1785453636
TOKEN-D4FQPTGBDIVROCDLLLQDED2JAA,1785453628,1785453635,ACC-YRPLDQBRRHOQWDM6Q3WWM3VAWM,TOKEN-7LYJZ3VHRJXHW7SLGQH7C32AFI,18682,settled_streaming,1,1785453635
TOKEN-MODLV37LKTSS5M6TXL3ZACXLJA,1785453629,1785453637,ACC-YRPLDQBRRHOQWDM6Q3WWM3VAWM,TOKEN-ECQWOR2PMLGQQWK6PAJNTZGLJI,149824,settled_streaming,1,1785453637
TOKEN-Y33F5IKW77SLCTY5RJE2HHHVSY,1785453635,1785453643,ACC-YRPLDQBRRHOQWDM6Q3WWM3VAWM,TOKEN-7LYJZ3VHRJXHW7SLGQH7C32AFI,19232,settled_streaming,1,1785453643
TOKEN-ONKQ5A4O64BC4Z4VUGPOZSJNDY,1785453636,1785453643,ACC-YRPLDQBRRHOQWDM6Q3WWM3VAWM,TOKEN-7HFW2TMYP57GUZWDULCR33HW24,180289,settled_streaming,1,1785453643
TOKEN-SUS632SYALN42YRBE75KK3BJGY,1785453637,1785453647,ACC-YRPLDQBRRHOQWDM6Q3WWM3VAWM,TOKEN-QBWKIE2XA3FJKHU2JHSHU5UT6U,75298,settled_streaming,1,1785453647
TOKEN-RWKYL6KE734KJJAG26RHRHBLJE,1785453638,1785453648,ACC-YRPLDQBRRHOQWDM6Q3WWM3VAWM,TOKEN-5GZHJYFFIE3GAVDT7TYBYIS3FA,967,settled_streaming,1,1785453648
TOKEN-SFHH2R6QONKWO6K675D6FJHKVI,1785453639,1785453667,ACC-YRPLDQBRRHOQWDM6Q3WWM3VAWM,TOKEN-7WG6CHUA6HJLLA4XNG4QBVZWTI,372000,settled_streaming,1,1785453667
TOKEN-DL4HGNTE7X7FT4HVE5YD6BPUQ4,1785453640,1785453646,ACC-YRPLDQBRRHOQWDM6Q3WWM3VAWM,TOKEN-ECQWOR2PMLGQQWK6PAJNTZGLJI,156709,settled_streaming,1,1785453646
TOKEN-QRFF27HEMZ32QNUES4STUJFFSA,1785453640,1785453646,ACC-YRPLDQBRRHOQWDM6Q3WWM3VAWM,TOKEN-EUOHFL26V7GKUXVSHAFQKEAXUM,180133,settled_streaming,1,1785453646
TOKEN-S4GWYYRW6DPVIXJL3EJZ5VTWGM,1785453642,1785453666,ACC-YRPLDQBRRHOQWDM6Q3WWM3VAWM,TOKEN-ECQWOR2PMLGQQWK6PAJNTZGLJI,207041,settled_streaming,1,1785453666
TOKEN-DLDEHUL3I6RSPJLP2GSLZZH4TU,1785453643,1785453651,ACC-YRPLDQBRRHOQWDM6Q3WWM3VAWM,TOKEN-7LYJZ3VHRJXHW7SLGQH7C32AFI,20067,settled_streaming,1,1785453651
TOKEN-3QNEW3AVDS5NDUPIQTNFA7MPDQ,1785453647,1785453692,ACC-YRPLDQBRRHOQWDM6Q3WWM3VAWM,TOKEN-ECQWOR2PMLGQQWK6PAJNTZGLJI,159486,settled_streaming,1,1785453692
TOKEN-SMEJ2DUUEJJDFWU5F7ALJ52U5Q,1785453647,1785453667,ACC-YRPLDQBRRHOQWDM6Q3WWM3VAWM,TOKEN-7HFW2TMYP57GUZWDULCR33HW24,182996,settled_streaming,1,1785453667
TOKEN-2MLMIFI7BFN4TRPXHP7QSYINBE,1785453648,1785453656,ACC-YRPLDQBRRHOQWDM6Q3WWM3VAWM,TOKEN-QBWKIE2XA3FJKHU2JHSHU5UT6U,85432,settled_streaming,1,1785453656
TOKEN-W7HZF5LDCZWCUK5IPDBWMOD33E,1785453649,1785453659,ACC-YRPLDQBRRHOQWDM6Q3WWM3VAWM,TOKEN-RZI7SZ5I54IGAXY2Q6JGLYYQZ4,572,settled_streaming,1,1785453659
TOKEN-KWNMXYF4ZTHBOSALFREFQUXC7M,1785453650,1785453664,ACC-YRPLDQBRRHOQWDM6Q3WWM3VAWM,TOKEN-HU5ESBOJDOQY6T5ZLCHXFCXHIU,404,settled_streaming,1,1785453664
TOKEN-CUWVRMTQG4AEEKJYEYQNROKM4M,1785453651,1785453657,ACC-YRPLDQBRRHOQWDM6Q3WWM3VAWM,TOKEN-7LYJZ3VHRJXHW7SLGQH7C32AFI,25879,settled_streaming,1,1785453657
TOKEN-LSIUICZYNSJZSYHWDSUBZGZJWY,1785453651,1785453746,ACC-YRPLDQBRRHOQWDM6Q3WWM3VAWM,TOKEN-EUOHFL26V7GKUXVSHAFQKEAXUM,181086,settled_streaming,1,1785453746
TOKEN-FZZDRPAHV3K3SKB5UQHKTFSOBM,1785453657,1785453669,ACC-YRPLDQBRRHOQWDM6Q3WWM3VAWM,TOKEN-QBWKIE2XA3FJKHU2JHSHU5UT6U,86665,settled_streaming,1,1785453669
TOKEN-DRA32TGFRITMVE35I4CU77TPRQ,1785453657,1785453665,ACC-YRPLDQBRRHOQWDM6Q3WWM3VAWM,TOKEN-7LYJZ3VHRJXHW7SLGQH7C32AFI,35385,settled_streaming,1,1785453665
TOKEN-7QGUJQPEMZQ3R3KVKDCECV7KLU,1785453664,1785453683,ACC-YRPLDQBRRHOQWDM6Q3WWM3VAWM,TOKEN-SE3ELPZ5ABXER5VD7DBOJ32JNM,404,settled_streaming,1,1785453683
TOKEN-MBD5X4LIVBPWPWYHTECSJCSP6E,1785453665,1785453676,ACC-YRPLDQBRRHOQWDM6Q3WWM3VAWM,TOKEN-7LYJZ3VHRJXHW7SLGQH7C32AFI,37148,settled_streaming,1,1785453676
TOKEN-JXLWU3FXPKFUHGSPK4RYX3XXRY,1785453667,1785453675,ACC-YRPLDQBRRHOQWDM6Q3WWM3VAWM,TOKEN-ECQWOR2PMLGQQWK6PAJNTZGLJI,208852,settled_streaming,1,1785453675
TOKEN-NTECMXNBWYPSVU5IJBSKBH7SDA,1785453667,1785453679,ACC-YRPLDQBRRHOQWDM6Q3WWM3VAWM,TOKEN-2UPKWVQVG5O73LZOKZ2YXM2WDQ,1451,settled_streaming,1,1785453679
TOKEN-ZV6ORUGNIBKRGACL7J4Y5S3DOA,1785453669,1785453772,ACC-YRPLDQBRRHOQWDM6Q3WWM3VAWM,TOKEN-QBWKIE2XA3FJKHU2JHSHU5UT6U,88522,settled_streaming,1,1785453773
TOKEN-K4Z6MSEI7HJF76ISHORP6SF34Y,1785453671,1785453704,ACC-YRPLDQBRRHOQWDM6Q3WWM3VAWM,TOKEN-7WG6CHUA6HJLLA4XNG4QBVZWTI,372000,settled_streaming,1,1785453704
TOKEN-ZALJGPAT3GGFHDFJRAVN4F2ALI,1785453675,1785453692,ACC-YRPLDQBRRHOQWDM6Q3WWM3VAWM,TOKEN-ECQWOR2PMLGQQWK6PAJNTZGLJI,212200,settled_streaming,1,1785453692
TOKEN-ZWQSHG4AJWH3QKB7UM4KOMJFJQ,1785453677,1785453682,ACC-YRPLDQBRRHOQWDM6Q3WWM3VAWM,TOKEN-7LYJZ3VHRJXHW7SLGQH7C32AFI,38189,settled_streaming,1,1785453682
TOKEN-353ZHRRYYBTQZQKTX3BIWQYFBM,1785453680,1785453696,ACC-YRPLDQBRRHOQWDM6Q3WWM3VAWM,TOKEN-7HFW2TMYP57GUZWDULCR33HW24,183678,settled_streaming,1,1785453696
TOKEN-KCIBJ7GKZ7QNRFT5G7PLOWU2YI,1785453683,1785453750,ACC-YRPLDQBRRHOQWDM6Q3WWM3VAWM,TOKEN-7LYJZ3VHRJXHW7SLGQH7C32AFI,39095,settled_streaming,1,1785453750
TOKEN-GYNOTLOJ362PBNXMTN6PWVSF5A,1785453684,1785453710,ACC-YRPLDQBRRHOQWDM6Q3WWM3VAWM,TOKEN-RV3T4TDHVGTCNKCW6EGLQGXN5Y,426,settled_streaming,1,1785453710
TOKEN-PVB4FNAP443C3T5OCES4BYYRGE,1785453691,1785453702,ACC-YRPLDQBRRHOQWDM6Q3WWM3VAWM,TOKEN-7WG6CHUA6HJLLA4XNG4QBVZWTI,304385,settled_streaming,1,1785453702
TOKEN-VW42HIFEG5AZR4YDTHMXNJDNPY,1785453692,1785453723,ACC-YRPLDQBRRHOQWDM6Q3WWM3VAWM,TOKEN-ECQWOR2PMLGQQWK6PAJNTZGLJI,213329,settled_streaming,1,1785453723
TOKEN-OZBCNNIDZQXUAIFMQRUK22ELCU,1785453694,1785453730,ACC-YRPLDQBRRHOQWDM6Q3WWM3VAWM,TOKEN-ECQWOR2PMLGQQWK6PAJNTZGLJI,163816,settled_streaming,1,1785453730
TOKEN-FSTOKNQANZPVA6CDUDH5BPXUZQ,1785453697,1785453704,ACC-YRPLDQBRRHOQWDM6Q3WWM3VAWM,TOKEN-E7JZEXPJKZPRZ2P3XK7SWONEVM,1246,settled_streaming,1,1785453704
TOKEN-E2K3FFMVBCIHRMN5XPMWPX2NVQ,1785453699,1785453707,ACC-YRPLDQBRRHOQWDM6Q3WWM3VAWM,TOKEN-7HFW2TMYP57GUZWDULCR33HW24,184117,settled_streaming,1,1785453707
TOKEN-VVHJB3CE7VACOP5AWDVZ6SOQWA,1785453704,1785453715,ACC-YRPLDQBRRHOQWDM6Q3WWM3VAWM,TOKEN-7WG6CHUA6HJLLA4XNG4QBVZWTI,305069,settled_streaming,1,1785453715
TOKEN-YPRCBBMAXCTFDF5GMACFLLPVH4,1785453708,1785453737,ACC-YRPLDQBRRHOQWDM6Q3WWM3VAWM,TOKEN-7WG6CHUA6HJLLA4XNG4QBVZWTI,372000,settled_streaming,1,1785453737
TOKEN-2M64OC2AYM5MJKPBZZV7DTPFQ4,1785453709,1785453715,ACC-YRPLDQBRRHOQWDM6Q3WWM3VAWM,TOKEN-PEAXKDB5HOAS35JADZH5FRMI7E,6690,settled_streaming,1,1785453715
TOKEN-7WVFWD77KTC6Q5ZTD6JUNSAES4,1785453709,1785453727,ACC-YRPLDQBRRHOQWDM6Q3WWM3VAWM,TOKEN-7HFW2TMYP57GUZWDULCR33HW24,184750,settled_streaming,1,1785453727
TOKEN-OS4AH6NVQHP5AFOXDRFZDT4RNQ,1785453710,1785453716,ACC-YRPLDQBRRHOQWDM6Q3WWM3VAWM,TOKEN-AXPQTSTJOCJUYAJFUVT6244QNA,1027,settled_streaming,1,1785453716
TOKEN-44GRECTU64QDKKBNFVSVXM2DFA,1785453716,1785453732,ACC-YRPLDQBRRHOQWDM6Q3WWM3VAWM,TOKEN-ZSIBOE5NQTFZARHMWIDX73VIIQ,673,settled_streaming,1,1785453732
TOKEN-DQOD77CSDGRLNFRCTTKP4IYVNQ,1785453718,1785453928,ACC-YRPLDQBRRHOQWDM6Q3WWM3VAWM,TOKEN-2RIK5UL4LMZ77FOU4VQYPQSJIQ,141804,settled_streaming,1,1785453928
TOKEN-EIFSVEWK3EUKB6LFX4UKMV3OPU,1785453720,1785453728,ACC-YRPLDQBRRHOQWDM6Q3WWM3VAWM,TOKEN-6M2UMPR22WECVEMDRIOXD6SCLE,615,settled_streaming,1,1785453728
TOKEN-FI47BFE6DPC6XUQ5ELRGHAPIBQ,1785453722,1785453734,ACC-YRPLDQBRRHOQWDM6Q3WWM3VAWM,TOKEN-7WG6CHUA6HJLLA4XNG4QBVZWTI,306190,settled_streaming,1,1785453734
TOKEN-JPVYSAXJRK4GJP76CWGVDBSFE4,1785453723,1785453783,ACC-YRPLDQBRRHOQWDM6Q3WWM3VAWM,TOKEN-ECQWOR2PMLGQQWK6PAJNTZGLJI,215374,settled_streaming,1,1785453783
TOKEN-YCBR5EKZQC77SNRNY2XPURR7AA,1785453731,1785453738,ACC-YRPLDQBRRHOQWDM6Q3WWM3VAWM,TOKEN-7HFW2TMYP57GUZWDULCR33HW24,185430,settled_streaming,1,1785453738
TOKEN-FRNUG7KZUCEI7OALWNRZ7PTB3Y,1785453732,1785453742,ACC-YRPLDQBRRHOQWDM6Q3WWM3VAWM,TOKEN-ECQWOR2PMLGQQWK6PAJNTZGLJI,166128,settled_streaming,1,1785453742
TOKEN-UTMW3LESVKQP2ZTBVCDBA3VJZU,1785453732,1785453738,ACC-YRPLDQBRRHOQWDM6Q3WWM3VAWM,TOKEN-PL327GLBHVAGKFW2RTDIXVMSRE,10488,settled_streaming,1,1785453738
TOKEN-XE66Z5I6O5L2MGDOF2GI4HWDUQ,1785453733,1785453739,ACC-YRPLDQBRRHOQWDM6Q3WWM3VAWM,TOKEN-B6AOGOY6CAOPHUXIVTIRWBUAYI,404,settled_streaming,1,1785453739
TOKEN-MBHCTB3S2XKZFUPJ6LPGKY75AU,1785453735,1785453745,ACC-YRPLDQBRRHOQWDM6Q3WWM3VAWM,TOKEN-7WG6CHUA6HJLLA4XNG4QBVZWTI,306630,settled_streaming,1,1785453746
TOKEN-4XXZ57W4IUU74IBCLVUA5C4KY4,1785453740,1785453760,ACC-YRPLDQBRRHOQWDM6Q3WWM3VAWM,TOKEN-JO6XUUPARCPHIACVA76YAJAOSQ,1273,settled_streaming,1,1785453760
TOKEN-PEZDGHPM4IENEWLNJSC57MXQEE,1785453741,1785453779,ACC-YRPLDQBRRHOQWDM6Q3WWM3VAWM,TOKEN-7WG6CHUA6HJLLA4XNG4QBVZWTI,372000,settled_streaming,1,1785453779
TOKEN-3AF6E5R6G47D7MLC2WNLG2CBUI,1785453742,1785453747,ACC-YRPLDQBRRHOQWDM6Q3WWM3VAWM,TOKEN-7HFW2TMYP57GUZWDULCR33HW24,188139,settled_streaming,1,1785453748
TOKEN-2AH6BY5GHDHLDR6XNJCEUK347M,1785453744,1785453750,ACC-YRPLDQBRRHOQWDM6Q3WWM3VAWM,TOKEN-KDAHH6NMQI4RAWJZMWARA4ZTQE,407,settled_streaming,1,1785453750
TOKEN-KT7IK2BDOUNNQJRXNDAP7GGXAY,1785453744,1785453753,ACC-YRPLDQBRRHOQWDM6Q3WWM3VAWM,TOKEN-ECQWOR2PMLGQQWK6PAJNTZGLJI,166867,settled_streaming,1,1785453753
TOKEN-TGLV3GUITXRIWXYWYL5UMYES6I,1785453747,1785453758,ACC-YRPLDQBRRHOQWDM6Q3WWM3VAWM,TOKEN-7WG6CHUA6HJLLA4XNG4QBVZWTI,307200,settled_streaming,1,1785453758
TOKEN-HMARB7QUI77R5SN7HNBDQSKN4E,1785453749,1785453759,ACC-YRPLDQBRRHOQWDM6Q3WWM3VAWM,TOKEN-EUOHFL26V7GKUXVSHAFQKEAXUM,188000,settled_streaming,1,1785453759
TOKEN-AOUWQIG2XTBIHKTWKLWMZWP2YU,1785453750,1785453758,ACC-YRPLDQBRRHOQWDM6Q3WWM3VAWM,TOKEN-7HFW2TMYP57GUZWDULCR33HW24,188736,settled_streaming,1,1785453758
TOKEN-XXO5EF6GV5BUSEFIS7SVG5KGVE,1785453750,1785453757,ACC-YRPLDQBRRHOQWDM6Q3WWM3VAWM,TOKEN-7LYJZ3VHRJXHW7SLGQH7C32AFI,43136,settled_streaming,1,1785453757
TOKEN-MY4UE4HWUPSH55NIIRR6LSMCJE,1785453755,1785453761,ACC-YRPLDQBRRHOQWDM6Q3WWM3VAWM,TOKEN-6KBIFVNJYOCNWEYEUL4IUGA2OU,670,settled_streaming,1,1785453761
TOKEN-CNE5RPZSPQGC76LEARKMQEIA6Q,1785453755,1785453788,ACC-YRPLDQBRRHOQWDM6Q3WWM3VAWM,TOKEN-ECQWOR2PMLGQQWK6PAJNTZGLJI,167632,settled_streaming,1,1785453788
TOKEN-O3DHW6NMRVWU6UHKTEEPBG6HK4,1785453758,1785453763,ACC-YRPLDQBRRHOQWDM6Q3WWM3VAWM,TOKEN-7LYJZ3VHRJXHW7SLGQH7C32AFI,43675,settled_streaming,1,1785453763
TOKEN-SESWUWIECKKOWQY24KAMBKLQMY,1785453761,1785453767,ACC-YRPLDQBRRHOQWDM6Q3WWM3VAWM,TOKEN-7HFW2TMYP57GUZWDULCR33HW24,189282,settled_streaming,1,1785453767
TOKEN-L7FQL5XC2V6H7Z7NYRZ5QIJLDU,1785453761,1785453766,ACC-YRPLDQBRRHOQWDM6Q3WWM3VAWM,TOKEN-EDESLJC65SKA6PNSVQBKJGBGZE,657,settled_streaming,1,1785453766
TOKEN-XZSWBSAVJGP3RB2HBH4FMOBP4Y,1785453763,1785453769,ACC-YRPLDQBRRHOQWDM6Q3WWM3VAWM,TOKEN-7LYJZ3VHRJXHW7SLGQH7C32AFI,45981,settled_streaming,1,1785453769
TOKEN-UJKWHMZ33RCPEA2IH3WWK2CVGE,1785453766,1785453772,ACC-YRPLDQBRRHOQWDM6Q3WWM3VAWM,TOKEN-T7HJKPQAZ34RRYNPH4EOPKMAMA,444,settled_streaming,1,1785453772
TOKEN-7BX6N2JSJXV23C26NJRXUFGUUY,1785453767,1785453772,ACC-YRPLDQBRRHOQWDM6Q3WWM3VAWM,TOKEN-CYGPFR55UQJRCXV75O2RJOHS2E,1166,settled_streaming,1,1785453772
TOKEN-SZ5RLY5PRFHOOID7OXQLBJKPK4,1785453771,1785453778,ACC-YRPLDQBRRHOQWDM6Q3WWM3VAWM,TOKEN-7HFW2TMYP57GUZWDULCR33HW24,190187,settled_streaming,1,1785453779
TOKEN-4SDCRPPOETKAGU3DBD6WHZ5HSI,1785453771,1785453781,ACC-YRPLDQBRRHOQWDM6Q3WWM3VAWM,TOKEN-EUOHFL26V7GKUXVSHAFQKEAXUM,189595,settled_streaming,1,1785453781
TOKEN-X2AEG5OO7MORE4W4DXEIEGT2YM,1785453773,1785453788,ACC-YRPLDQBRRHOQWDM6Q3WWM3VAWM,TOKEN-CG7CPNGQ3R5EONS7EWE3UWGONI,1247,settled_streaming,1,1785453788
TOKEN-6MER4PJK7X4UDX525DUSNMDQUU,1785453776,1785453811,ACC-YRPLDQBRRHOQWDM6Q3WWM3VAWM,TOKEN-QBWKIE2XA3FJKHU2JHSHU5UT6U,95273,settled_streaming,1,1785453811
TOKEN-QUVKHMN7DI66URP5ODYJLQ6QJI,1785453777,1785453781,ACC-YRPLDQBRRHOQWDM6Q3WWM3VAWM,TOKEN-7LYJZ3VHRJXHW7SLGQH7C32AFI,49869,settled_streaming,1,1785453781
TOKEN-ROAZGXFOEVCWILD4ZZUWCTCVOU,1785453778,1785453787,ACC-YRPLDQBRRHOQWDM6Q3WWM3VAWM,TOKEN-642XDH34IXJITQKGRKAE73CUFA,621,settled_streaming,1,1785453787
TOKEN-WZUEO24VZ54POTIM3XYRBDYSJI,1785453782,1785453791,ACC-YRPLDQBRRHOQWDM6Q3WWM3VAWM,TOKEN-7HFW2TMYP57GUZWDULCR33HW24,193920,settled_streaming,1,1785453791
TOKEN-RWNJNG2SYRCH7HYJFKJUACPIZM,1785453782,1785453794,ACC-YRPLDQBRRHOQWDM6Q3WWM3VAWM,TOKEN-7LYJZ3VHRJXHW7SLGQH7C32AFI,54616,settled_streaming,1,1785453794
TOKEN-6KYUE4NT5J5RODDMMSVFQEJHSI,1785453783,1785453839,ACC-YRPLDQBRRHOQWDM6Q3WWM3VAWM,TOKEN-ECQWOR2PMLGQQWK6PAJNTZGLJI,218939,settled_streaming,1,1785453839
TOKEN-73LZZZ3ZWUUSAVLXZH5IRM2EUU,1785453784,1785453880,ACC-YRPLDQBRRHOQWDM6Q3WWM3VAWM,TOKEN-EUOHFL26V7GKUXVSHAFQKEAXUM,190550,settled_streaming,1,1785453880
TOKEN-SLGU57WYEYMKV6ELNSBFCPNOEE,1785453784,1785453813,ACC-YRPLDQBRRHOQWDM6Q3WWM3VAWM,TOKEN-7WG6CHUA6HJLLA4XNG4QBVZWTI,372000,settled_streaming,1,1785453813
TOKEN-RKOLO7GHK275ZLDUX6ETPSYR6Q,1785453788,1785453796,ACC-YRPLDQBRRHOQWDM6Q3WWM3VAWM,TOKEN-WUFQP6QA7APZH7AEM6A6RM6AIE,404,settled_streaming,1,1785453796
TOKEN-5UHOWDMMENJ3OUK7X6TTWR6QWY,1785453788,1785453793,ACC-YRPLDQBRRHOQWDM6Q3WWM3VAWM,TOKEN-ESMPNAJOBWINBKQRM7TR5W2DCY,414,settled_streaming,1,1785453793
TOKEN-BPODYAY753ZJCDGQFWTAVBPQEQ,1785453790,1785453801,ACC-YRPLDQBRRHOQWDM6Q3WWM3VAWM,TOKEN-ECQWOR2PMLGQQWK6PAJNTZGLJI,170062,settled_streaming,1,1785453801
TOKEN-URIQLRLUHTD5B5FEXHCTVJ3BUM,1785453794,1785453802,ACC-YRPLDQBRRHOQWDM6Q3WWM3VAWM,TOKEN-7HFW2TMYP57GUZWDULCR33HW24,194618,settled_streaming,1,1785453802
TOKEN-EMZKIWVQGH2WTTTF56GFDYC4WY,1785453795,1785453800,ACC-YRPLDQBRRHOQWDM6Q3WWM3VAWM,TOKEN-7LYJZ3VHRJXHW7SLGQH7C32AFI,66097,settled_streaming,1,1785453800
TOKEN-GSAOMK7RDO2H3RJCZHZ2ZAVUVU,1785453796,1785453835,ACC-YRPLDQBRRHOQWDM6Q3WWM3VAWM,TOKEN-W7NZK6PIFNNEHZV2O2SSFVYALI,378,settled_streaming,1,1785453835
TOKEN-7A23OAACAMUX4MLRRH3VBS2OAI,1785453798,1785453802,ACC-YRPLDQBRRHOQWDM6Q3WWM3VAWM,TOKEN-YMR43OISHV24XCXD34SLJ5L6EY,379,settled_streaming,1,1785453802
TOKEN-AR6IMG2HANDHEDNEVHJPGD3FQY,1785453800,1785453834,ACC-YRPLDQBRRHOQWDM6Q3WWM3VAWM,TOKEN-7LYJZ3VHRJXHW7SLGQH7C32AFI,68511,settled_streaming,1,1785453834
TOKEN-IQCIHVOTTQ3WVM7PQPTFGST5DM,1785453803,1785453843,ACC-YRPLDQBRRHOQWDM6Q3WWM3VAWM,TOKEN-ECQWOR2PMLGQQWK6PAJNTZGLJI,170998,settled_streaming,1,1785453843
TOKEN-BPJQILR5CIC4P5EB7LLAQMBVTU,1785453806,1785453813,ACC-YRPLDQBRRHOQWDM6Q3WWM3VAWM,TOKEN-7HFW2TMYP57GUZWDULCR33HW24,196430,settled_streaming,1,1785453813
TOKEN-KJU5ABVF3WZPUXCOJIYRKSWJXM,1785453807,1785453827,ACC-YRPLDQBRRHOQWDM6Q3WWM3VAWM,TOKEN-SZVFT7K7PG75U7A46O7YMV2DII,431,settled_streaming,1,1785453827
TOKEN-YJJQEHNYNZIMZUWG6SVG4YPHTI,1785453813,1785453835,ACC-YRPLDQBRRHOQWDM6Q3WWM3VAWM,TOKEN-QBWKIE2XA3FJKHU2JHSHU5UT6U,98296,settled_streaming,1,1785453835
TOKEN-OHRLNJAQYX7D2UNVQP6UDPDHR4,1785453817,1785453841,ACC-YRPLDQBRRHOQWDM6Q3WWM3VAWM,TOKEN-7WG6CHUA6HJLLA4XNG4QBVZWTI,372000,settled_streaming,1,1785453841
TOKEN-GKGPP7CFTFCLXVNPOPYUUZQCYI,1785453817,1785453826,ACC-YRPLDQBRRHOQWDM6Q3WWM3VAWM,TOKEN-7HFW2TMYP57GUZWDULCR33HW24,198233,settled_streaming,1,1785453826
TOKEN-AYMJP2LS3W3FQ3AK4UPJWFP2V4,1785453830,1785453839,ACC-YRPLDQBRRHOQWDM6Q3WWM3VAWM,TOKEN-7HFW2TMYP57GUZWDULCR33HW24,199117,settled_streaming,1,1785453839
TOKEN-XTFN6INEVHOWVLCWTUIDH72SG4,1785453831,1785453838,ACC-YRPLDQBRRHOQWDM6Q3WWM3VAWM,TOKEN-L7RWBZHSGVTLXJUKYICVAPFA7U,599,settled_streaming,1,1785453838
TOKEN-IZWQIPRBOTS4UHRMXVQ7QGGKUI,1785453835,1785453901,ACC-YRPLDQBRRHOQWDM6Q3WWM3VAWM,TOKEN-7LYJZ3VHRJXHW7SLGQH7C32AFI,71478,settled_streaming,1,1785453901
TOKEN-VNLWYXW2GLSJXD5FSIVMX3T6X4,1785453835,1785453866,ACC-YRPLDQBRRHOQWDM6Q3WWM3VAWM,TOKEN-GHIBZALXQ5S2GEEKO5XO442Y5I,406,settled_streaming,1,1785453866
TOKEN-Q7TR3HHJXQBPQS37643DBPQUNU,1785453836,1785453846,ACC-YRPLDQBRRHOQWDM6Q3WWM3VAWM,TOKEN-QBWKIE2XA3FJKHU2JHSHU5UT6U,99669,settled_streaming,1,1785453846
TOKEN-72ECNGJA45BONXSCOPXRXHC55M,1785453840,1785453847,ACC-YRPLDQBRRHOQWDM6Q3WWM3VAWM,TOKEN-ECQWOR2PMLGQQWK6PAJNTZGLJI,222603,settled_streaming,1,1785453847
TOKEN-EOF2NMH4HLIHXIUXS5LOWW74RI,1785453843,1785453849,ACC-YRPLDQBRRHOQWDM6Q3WWM3VAWM,TOKEN-7HFW2TMYP57GUZWDULCR33HW24,200716,settled_streaming,1,1785453849
TOKEN-5AEBTSB6JHI3XWMKD7JHRTAAWM,1785453844,1785453854,ACC-YRPLDQBRRHOQWDM6Q3WWM3VAWM,TOKEN-A6GFWVL2RQ5WLN3SOS42ZKJLDE,4834,settled_streaming,1,1785453854
TOKEN-ZJX7ROLTVRLBA2GUKROE44BMKU,1785453844,1785453852,ACC-YRPLDQBRRHOQWDM6Q3WWM3VAWM,TOKEN-ECQWOR2PMLGQQWK6PAJNTZGLJI,174098,settled_streaming,1,1785453852
TOKEN-E4AUENH6VVH5LNCMHBI5ZSFU4U,1785453846,1785453881,ACC-YRPLDQBRRHOQWDM6Q3WWM3VAWM,TOKEN-7WG6CHUA6HJLLA4XNG4QBVZWTI,372000,settled_streaming,1,1785453881
TOKEN-U2I45AEXNL6J6WPVKX2IV6YSOA,1785453847,1785453852,ACC-YRPLDQBRRHOQWDM6Q3WWM3VAWM,TOKEN-QBWKIE2XA3FJKHU2JHSHU5UT6U,100364,settled_streaming,1,1785453852
TOKEN-536NYUN6CXGUNM2P23DT2FZGRQ,1785453848,1785453862,ACC-YRPLDQBRRHOQWDM6Q3WWM3VAWM,TOKEN-ECQWOR2PMLGQQWK6PAJNTZGLJI,223348,settled_streaming,1,1785453862
TOKEN-2LDUMACEY4AQOR6ZVYTTBAM45E,1785453853,1785453896,ACC-YRPLDQBRRHOQWDM6Q3WWM3VAWM,TOKEN-QBWKIE2XA3FJKHU2JHSHU5UT6U,101160,settled_streaming,1,1785453896
TOKEN-WXENN7VCCS655PQLJQK4ZXCBNI,1785453854,1785453860,ACC-YRPLDQBRRHOQWDM6Q3WWM3VAWM,TOKEN-7HFW2TMYP57GUZWDULCR33HW24,202482,settled_streaming,1,1785453860
TOKEN-2FF3ARM55B3DTDDS2X76QFOHDI,1785453854,1785453868,ACC-YRPLDQBRRHOQWDM6Q3WWM3VAWM,TOKEN-ECQWOR2PMLGQQWK6PAJNTZGLJI,174729,settled_streaming,1,1785453868
TOKEN-XYIVPMKXY7GC5R5LSJVOHEEBNA,1785453863,1785453873,ACC-YRPLDQBRRHOQWDM6Q3WWM3VAWM,TOKEN-ECQWOR2PMLGQQWK6PAJNTZGLJI,224495,settled_streaming,1,1785453873
TOKEN-QT676U3JOWTKYHZEAAWNRIZBG4,1785453864,1785453872,ACC-YRPLDQBRRHOQWDM6Q3WWM3VAWM,TOKEN-7HFW2TMYP57GUZWDULCR33HW24,207803,settled_streaming,1,1785453872
TOKEN-UZQM74D6I5RFHIIFZZEW3N7GNA,1785453866,1785453883,ACC-YRPLDQBRRHOQWDM6Q3WWM3VAWM,TOKEN-PSNCZML55SACNB4IOPKXVAKGEE,406,settled_streaming,1,1785453883
TOKEN-ELCZ36SSG7ESM4OSPEWQ2UMCHU,1785453869,1785453901,ACC-YRPLDQBRRHOQWDM6Q3WWM3VAWM,TOKEN-ECQWOR2PMLGQQWK6PAJNTZGLJI,175825,settled_streaming,1,1785453901
TOKEN-RO5OZLEONSJSR6HVCTP563KHBU,1785453875,1785453897,ACC-YRPLDQBRRHOQWDM6Q3WWM3VAWM,TOKEN-7HFW2TMYP57GUZWDULCR33HW24,213327,settled_streaming,1,1785453897
TOKEN-AACNISP7WYQJBT3F3B5S4RLXUA,1785453877,1785453888,ACC-YRPLDQBRRHOQWDM6Q3WWM3VAWM,TOKEN-ECQWOR2PMLGQQWK6PAJNTZGLJI,226332,settled_streaming,1,1785453888
TOKEN-5IOLSCO66IHOIUUTNEI5MPOFFY,1785453883,1785454029,ACC-YRPLDQBRRHOQWDM6Q3WWM3VAWM,TOKEN-EUOHFL26V7GKUXVSHAFQKEAXUM,197337,settled_streaming,1,1785454029
TOKEN-TKG5OOZJAEAMUTZ6FWEZLM24TQ,1785453883,1785453900,ACC-YRPLDQBRRHOQWDM6Q3WWM3VAWM,TOKEN-UXVQZ4LSJSG2SB54FKP6V3OR5M,406,settled_streaming,1,1785453900
TOKEN-6FNT357LD6MUOYYX7SLSQHJHDI,1785453884,1785453887,ACC-YRPLDQBRRHOQWDM6Q3WWM3VAWM,TOKEN-WOLC3HR2US2XXSCYXCRWYBACMY,379,settled_streaming,1,1785453887
TOKEN-VTZ7MYY7RFRXJ6KEROSOKNMATM,1785453885,1785453930,ACC-YRPLDQBRRHOQWDM6Q3WWM3VAWM,TOKEN-7WG6CHUA6HJLLA4XNG4QBVZWTI,372000,settled_streaming,1,1785453930
TOKEN-WQ5OPOFC45AC2HTLQOQB55IQNQ,1785453888,1785453899,ACC-YRPLDQBRRHOQWDM6Q3WWM3VAWM,TOKEN-ECQWOR2PMLGQQWK6PAJNTZGLJI,227340,settled_streaming,1,1785453899
TOKEN-KVYJ6XCRCMKAUUC3GM5F3MLSGI,1785453897,1785453902,ACC-YRPLDQBRRHOQWDM6Q3WWM3VAWM,TOKEN-QBWKIE2XA3FJKHU2JHSHU5UT6U,104297,settled_streaming,1,1785453902
TOKEN-YNNY5FWTUIFPWEBZX4HRKKXVWA,1785453899,1785453995,ACC-YRPLDQBRRHOQWDM6Q3WWM3VAWM,TOKEN-ECQWOR2PMLGQQWK6PAJNTZGLJI,228127,settled_streaming,1,1785453995
TOKEN-6ZTNW4QQB7LMHEU5Z7QNYHU7EA,1785453900,1785453905,ACC-YRPLDQBRRHOQWDM6Q3WWM3VAWM,TOKEN-PQEVSNU52RPY6ELTFYSJWOJ7YY,406,settled_streaming,1,1785453906
TOKEN-FXRK2J4TX7YMABMS72ZLZVM47E,1785453900,1785453913,ACC-YRPLDQBRRHOQWDM6Q3WWM3VAWM,TOKEN-7HFW2TMYP57GUZWDULCR33HW24,216260,settled_streaming,1,1785453913
TOKEN-ZKGOJY3ZH5IWF4VUCK6US7HU4M,1785453902,1785453923,ACC-YRPLDQBRRHOQWDM6Q3WWM3VAWM,TOKEN-7LYJZ3VHRJXHW7SLGQH7C32AFI,75690,settled_streaming,1,1785453923
TOKEN-ZL3HCGENYCWU5HFUUXQJK7OXKI,1785453904,1785453911,ACC-YRPLDQBRRHOQWDM6Q3WWM3VAWM,TOKEN-QBWKIE2XA3FJKHU2JHSHU5UT6U,104889,settled_streaming,1,1785453911
TOKEN-DGUJN53Q5M4D3M6BKT5GRYTRME,1785453906,1785453919,ACC-YRPLDQBRRHOQWDM6Q3WWM3VAWM,TOKEN-X2LPIY5M6BLQTZPHHDSUVGMDIQ,406,settled_streaming,1,1785453919
TOKEN-OLVKL4ZB5K6SHFZ4QUIDWCHBPM,1785453911,1785453917,ACC-YRPLDQBRRHOQWDM6Q3WWM3VAWM,TOKEN-ECQWOR2PMLGQQWK6PAJNTZGLJI,178388,settled_streaming,1,1785453917
TOKEN-B5MIVAFDHDBLB7SP4CIZXD45EM,1785453912,1785453919,ACC-YRPLDQBRRHOQWDM6Q3WWM3VAWM,TOKEN-QBWKIE2XA3FJKHU2JHSHU5UT6U,105519,settled_streaming,1,1785453919
TOKEN-JHQPVSMMYGCNPEOH6YIKXBK53Q,1785453917,1785453923,ACC-YRPLDQBRRHOQWDM6Q3WWM3VAWM,TOKEN-ZWSKAKT3R7KML6VIWGG45MJMUA,379,settled_streaming,1,1785453923
TOKEN-NFZIZ6UXBN3UFWGQBBIUDIROYQ,1785453917,1785453924,ACC-YRPLDQBRRHOQWDM6Q3WWM3VAWM,TOKEN-7HFW2TMYP57GUZWDULCR33HW24,221029,settled_streaming,1,1785453924
TOKEN-OEXOSF45PBDBTA3Z5JJMEXFK4Y,1785453918,1785453975,ACC-YRPLDQBRRHOQWDM6Q3WWM3VAWM,TOKEN-ECQWOR2PMLGQQWK6PAJNTZGLJI,178998,settled_streaming,1,1785453975
TOKEN-W3QNZZ5VD7ZDREP4PUODBRITO4,1785453919,1785453929,ACC-YRPLDQBRRHOQWDM6Q3WWM3VAWM,TOKEN-HKVJJZ7SVEBHFBQWTQ4GRQQGKI,404,settled_streaming,1,1785453929
TOKEN-CM75SKO6ZH66FGOZDVCCCLTHXQ,1785453920,1785453930,ACC-YRPLDQBRRHOQWDM6Q3WWM3VAWM,TOKEN-QBWKIE2XA3FJKHU2JHSHU5UT6U,107218,settled_streaming,1,1785453930
TOKEN-H3E3NE7IJALKXDHTQ3PYMF2NX4,1785453923,1785453932,ACC-YRPLDQBRRHOQWDM6Q3WWM3VAWM,TOKEN-7LYJZ3VHRJXHW7SLGQH7C32AFI,77129,settled_streaming,1,1785453932
TOKEN-OITIHDQEUGJKSU37S5ZFJNK45U,1785453927,1785453935,ACC-YRPLDQBRRHOQWDM6Q3WWM3VAWM,TOKEN-N5DN5ADY64GEJSIOXE7TVN5RZA,456,settled_streaming,1,1785453935
TOKEN-32SAGUXP6Y2VNZFBSHZQOFPEPM,1785453928,1785453935,ACC-YRPLDQBRRHOQWDM6Q3WWM3VAWM,TOKEN-7HFW2TMYP57GUZWDULCR33HW24,221639,settled_streaming,1,1785453935
TOKEN-IGUPKGJAKC4ZFPNL3EC5KNCLJA,1785453929,1785453935,ACC-YRPLDQBRRHOQWDM6Q3WWM3VAWM,TOKEN-6D23LMU475WKYZE43MI5W54XHI,378,settled_streaming,1,1785453935
TOKEN-KKP25YU4PXUDGG4GB5E7GWFEEI,1785453932,1785453944,ACC-YRPLDQBRRHOQWDM6Q3WWM3VAWM,TOKEN-7LYJZ3VHRJXHW7SLGQH7C32AFI,77802,settled_streaming,1,1785453944
TOKEN-MS4OWPBKBIV5D5W2NYKAPP5HRU,1785453932,1785453937,ACC-YRPLDQBRRHOQWDM6Q3WWM3VAWM,TOKEN-QBWKIE2XA3FJKHU2JHSHU5UT6U,108062,settled_streaming,1,1785453937
TOKEN-BDQ5QKXRPP5U6LHICHKQMCIE2Q,1785453934,1785453959,ACC-YRPLDQBRRHOQWDM6Q3WWM3VAWM,TOKEN-7WG6CHUA6HJLLA4XNG4QBVZWTI,372000,settled_streaming,1,1785453959
TOKEN-QTU5OGYGYFSAFZOMODU3YRIYDU,1785453938,1785453970,ACC-YRPLDQBRRHOQWDM6Q3WWM3VAWM,TOKEN-QBWKIE2XA3FJKHU2JHSHU5UT6U,112396,settled_streaming,1,1785453970
TOKEN-6UBYZIOIRRV57HNVRLZQAXQDAI,1785453940,1785453958,ACC-YRPLDQBRRHOQWDM6Q3WWM3VAWM,TOKEN-D3ZHOFKGFJ76SN55PLDXT4IHBE,385,stream_interrupted_compensated,1,1785453958
TOKEN-OQ7VG2LF6PEJKGNLJS7YT6GJWY,1785453941,1785453946,ACC-YRPLDQBRRHOQWDM6Q3WWM3VAWM,TOKEN-7HFW2TMYP57GUZWDULCR33HW24,227565,settled_streaming,1,1785453946
TOKEN-PDQNNKLKAMFBAXFZGA6GXATUVE,1785453941,1785453947,ACC-YRPLDQBRRHOQWDM6Q3WWM3VAWM,TOKEN-2PGLB22EB34DSGT55JIS4THUKU,417,settled_streaming,1,1785453947
TOKEN-AZELMYPLZJKHTLNKAPK4ZZJ7CI,1785453945,1785453950,ACC-YRPLDQBRRHOQWDM6Q3WWM3VAWM,TOKEN-7LYJZ3VHRJXHW7SLGQH7C32AFI,78457,settled_streaming,1,1785453950
TOKEN-OP5QDVVT7YHJS2Q7CP6QBVZBHM,1785453945,1785453946,ACC-YRPLDQBRRHOQWDM6Q3WWM3VAWM,TOKEN-ZAGMIIYZC42JVLMA6LJFG2HTTY,13695,settled_streaming,1,1785453946
TOKEN-WVM254UUMCDF5PQGH26OY3FDBQ,1785453946,1785453965,ACC-YRPLDQBRRHOQWDM6Q3WWM3VAWM,TOKEN-ZAGMIIYZC42JVLMA6LJFG2HTTY,17074,settled_streaming,1,1785453965
TOKEN-Y4ZNUGKH3YAXT6OYFY4QDGKU7I,1785453948,1785453988,ACC-YRPLDQBRRHOQWDM6Q3WWM3VAWM,TOKEN-67TNGO3ZQOQLYCK2KG5754ENTQ,670,settled_streaming,1,1785453988
TOKEN-VAK7OUWADZRNAHYWKNYJJRII4E,1785453950,1785453957,ACC-YRPLDQBRRHOQWDM6Q3WWM3VAWM,TOKEN-7HFW2TMYP57GUZWDULCR33HW24,228396,settled_streaming,1,1785453957
TOKEN-L467YB4FIUTAXYPYQHQM4ASJFU,1785453959,1785453989,ACC-YRPLDQBRRHOQWDM6Q3WWM3VAWM,TOKEN-TZ4TT4UK3NCOI2PEEE3FDMIGPQ,250884,settled_streaming,1,1785453989
TOKEN-X3TS5POGGBRVGVOI5YEMCEAYDY,1785453963,1785453987,ACC-YRPLDQBRRHOQWDM6Q3WWM3VAWM,TOKEN-7WG6CHUA6HJLLA4XNG4QBVZWTI,372000,settled_streaming,1,1785453987
TOKEN-T53GWPYVFQ4C37ZAPXNICLG4OQ,1785453963,1785453969,ACC-YRPLDQBRRHOQWDM6Q3WWM3VAWM,TOKEN-7HFW2TMYP57GUZWDULCR33HW24,230651,settled_streaming,1,1785453969
TOKEN-27GK55OZNBBOYNMFJRWFWTST3Q,1785453965,1785453969,ACC-YRPLDQBRRHOQWDM6Q3WWM3VAWM,TOKEN-HUPE4NNWGIFEU6NSRHASZSGAW4,1239,settled_streaming,1,1785453969
TOKEN-Y7RAIQKW4IMCNOJGOYCWGCNBOA,1785453969,1785453975,ACC-YRPLDQBRRHOQWDM6Q3WWM3VAWM,TOKEN-4MV25VBGA3DMHKBJIAVKASPLBE,2335,settled_streaming,1,1785453975
TOKEN-QQMPZKTOTKTFQ4FPRTR34GTC54,1785453971,1785453991,ACC-YRPLDQBRRHOQWDM6Q3WWM3VAWM,TOKEN-QBWKIE2XA3FJKHU2JHSHU5UT6U,115167,settled_streaming,1,1785453991
TOKEN-F7HTPEHYXEEGQRUNW6TAZBR47I,1785453973,1785453983,ACC-YRPLDQBRRHOQWDM6Q3WWM3VAWM,TOKEN-7HFW2TMYP57GUZWDULCR33HW24,231471,settled_streaming,1,1785453983
TOKEN-D5LWD4F7OFJQ6HENTPMZRBYOXM,1785453976,1785454084,ACC-YRPLDQBRRHOQWDM6Q3WWM3VAWM,TOKEN-ECQWOR2PMLGQQWK6PAJNTZGLJI,184037,settled_streaming,1,1785454084
TOKEN-NA2DGTBXMZFOHPEBGVVPHGHODE,1785453976,1785453980,ACC-YRPLDQBRRHOQWDM6Q3WWM3VAWM,TOKEN-OEPTOY3CH7HAP27346WQLPMF7M,6267,settled_streaming,1,1785453980
TOKEN-64CO5NOGLJK7Z4QKLTRQBP6AAU,1785453980,1785453983,ACC-YRPLDQBRRHOQWDM6Q3WWM3VAWM,TOKEN-R4KOAITIA7LXGXAQW7WTWJL7SU,6906,settled_streaming,1,1785453983
TOKEN-VL7VEBKHILBLHX6NSOUJUWBH7Q,1785453980,1785453987,ACC-YRPLDQBRRHOQWDM6Q3WWM3VAWM,TOKEN-7LYJZ3VHRJXHW7SLGQH7C32AFI,78891,settled_streaming,1,1785453987
TOKEN-BZHSDSVG23MMNC2AOV5YT2VCMQ,1785453983,1785453986,ACC-YRPLDQBRRHOQWDM6Q3WWM3VAWM,TOKEN-A2NLBCWGESRXQ6OB37ND742SRY,5943,settled_streaming,1,1785453986
TOKEN-DDVKWXUEQLHLSSG6JYIXSZBIDI,1785453986,1785454259,ACC-YRPLDQBRRHOQWDM6Q3WWM3VAWM,TOKEN-M66JKPZOHPM7EIEY5VYJOWJ344,5958,settled_streaming,1,1785454259
TOKEN-FBVX47AEEWVB5IRVS6HLWLNX24,1785453987,1785454945,ACC-YRPLDQBRRHOQWDM6Q3WWM3VAWM,TOKEN-7HFW2TMYP57GUZWDULCR33HW24,232372,stream_interrupted_compensated,1,1785454945
TOKEN-JW4F64VCD2Y5T6KSED4WAE7BPA,1785453988,1785453998,ACC-YRPLDQBRRHOQWDM6Q3WWM3VAWM,TOKEN-6CLWATDX2O7JP5B74YWNDN6BZ4,405,settled_streaming,1,1785453998
TOKEN-UYWR3BPBEIG3PRIEJPIYWCFSUA,1785453991,1785454016,ACC-YRPLDQBRRHOQWDM6Q3WWM3VAWM,TOKEN-7WG6CHUA6HJLLA4XNG4QBVZWTI,372000,settled_streaming,1,1785454016
TOKEN-26HPCCQP74RROEPUIMC337B4DU,1785453993,1785454008,ACC-YRPLDQBRRHOQWDM6Q3WWM3VAWM,TOKEN-WMTQ3CHMREIF3DUCSWBVMB623A,420,settled_streaming,1,1785454008
TOKEN-G35OGVBP67R7DMSLOFLPA6B2NI,1785453993,1785454006,ACC-YRPLDQBRRHOQWDM6Q3WWM3VAWM,TOKEN-QBWKIE2XA3FJKHU2JHSHU5UT6U,117344,settled_streaming,1,1785454006
TOKEN-ZP3TTGVNIM6LM3E6EYWXD672PY,1785453995,1785454007,ACC-YRPLDQBRRHOQWDM6Q3WWM3VAWM,TOKEN-ECQWOR2PMLGQQWK6PAJNTZGLJI,235152,settled_streaming,1,1785454007
TOKEN-EGVD6QPPF7NI2TBMERZ77VL7H4,1785453998,1785454027,ACC-YRPLDQBRRHOQWDM6Q3WWM3VAWM,TOKEN-Q6VMIMUBORAKXHETOBVRV7O22I,405,settled_streaming,1,1785454027
TOKEN-BFICS6VRN6CT4SILIO33APWJ3U,1785454007,1785454021,ACC-YRPLDQBRRHOQWDM6Q3WWM3VAWM,TOKEN-ECQWOR2PMLGQQWK6PAJNTZGLJI,236059,settled_streaming,1,1785454021
TOKEN-2QA74U4RULNQZSWPQGC4R27LHM,1785454008,1785454017,ACC-YRPLDQBRRHOQWDM6Q3WWM3VAWM,TOKEN-QBWKIE2XA3FJKHU2JHSHU5UT6U,118525,settled_streaming,1,1785454017
TOKEN-5TPCMMXCSH3VN7DJ2QCIEBHKAM,1785454012,1785454018,ACC-YRPLDQBRRHOQWDM6Q3WWM3VAWM,TOKEN-L2QOM7WMEL26SE7MLSTIV2HKZI,380,settled_streaming,1,1785454018
TOKEN-YPVIE5P6F3WCXYPQSNELAUVKN4,1785454017,1785454023,ACC-YRPLDQBRRHOQWDM6Q3WWM3VAWM,TOKEN-QBWKIE2XA3FJKHU2JHSHU5UT6U,119276,settled_streaming,1,1785454023
TOKEN-UONBY72KDIRPTUK4PAHNRNYLYY,1785454017,1785454020,ACC-YRPLDQBRRHOQWDM6Q3WWM3VAWM,TOKEN-7LYJZ3VHRJXHW7SLGQH7C32AFI,79315,settled_streaming,1,1785454020
TOKEN-YUTJVKHQOJZVGDYD4ENTQROGYM,1785454021,1785454053,ACC-YRPLDQBRRHOQWDM6Q3WWM3VAWM,TOKEN-ECQWOR2PMLGQQWK6PAJNTZGLJI,236911,settled_streaming,1,1785454053
TOKEN-ORUHJMU4IYLUDID32UFZOVH7BU,1785454021,1785454059,ACC-YRPLDQBRRHOQWDM6Q3WWM3VAWM,TOKEN-7WG6CHUA6HJLLA4XNG4QBVZWTI,372000,settled_streaming,1,1785454059
TOKEN-FITRTOX3YDXXZL43GAHDFLAEYI,1785454022,1785454084,ACC-YRPLDQBRRHOQWDM6Q3WWM3VAWM,TOKEN-COU7T3EGWMBSZKN3CM2XXLMKGA,402,settled_streaming,1,1785454084
TOKEN-MYZZVVUUWW6UM2AV3JSF3K7GUI,1785454024,1785454034,ACC-YRPLDQBRRHOQWDM6Q3WWM3VAWM,TOKEN-QBWKIE2XA3FJKHU2JHSHU5UT6U,120036,settled_streaming,1,1785454034
TOKEN-H4KOQLETDQEAJHSJDTHSH7ZYRY,1785454027,1785454043,ACC-YRPLDQBRRHOQWDM6Q3WWM3VAWM,TOKEN-D2CBLIPQTSA64LH7L6DRMSXF4I,405,settled_streaming,1,1785454043
TOKEN-W5NY7FJQEHZW5LBNPGAHYKKG5Q,1785454036,1785454046,ACC-YRPLDQBRRHOQWDM6Q3WWM3VAWM,TOKEN-QBWKIE2XA3FJKHU2JHSHU5UT6U,120883,settled_streaming,1,1785454046
TOKEN-W65JUZ6QLM6BUTIGXAQOAIRPBQ,1785454044,1785454060,ACC-YRPLDQBRRHOQWDM6Q3WWM3VAWM,TOKEN-QQCTUB5RTCNXQH33ZJ5YKSW5SY,405,settled_streaming,1,1785454061
TOKEN-UQ2EMDOFYX3E7ISEADY3N7SJOI,1785454050,1785454057,ACC-YRPLDQBRRHOQWDM6Q3WWM3VAWM,TOKEN-QBWKIE2XA3FJKHU2JHSHU5UT6U,122889,settled_streaming,1,1785454057
TOKEN-DVTBO33EKZW6VS27OJSCLIW6YE,1785454050,1785454054,ACC-YRPLDQBRRHOQWDM6Q3WWM3VAWM,TOKEN-7LYJZ3VHRJXHW7SLGQH7C32AFI,79738,settled_streaming,1,1785454054
TOKEN-LUQKJQVAXHI6KC7ZQ6Y5YZEJMY,1785454053,1785454061,ACC-YRPLDQBRRHOQWDM6Q3WWM3VAWM,TOKEN-ECQWOR2PMLGQQWK6PAJNTZGLJI,239184,settled_streaming,1,1785454061
TOKEN-JVH7GQ5SXJKGTUYL6GFDSV6DEI,1785454061,1785454071,ACC-YRPLDQBRRHOQWDM6Q3WWM3VAWM,TOKEN-QBWKIE2XA3FJKHU2JHSHU5UT6U,124495,settled_streaming,1,1785454071
TOKEN-3WYWBOLI6732V72XKS7CFVGL7Y,1785454061,1785454069,ACC-YRPLDQBRRHOQWDM6Q3WWM3VAWM,TOKEN-IL4UYPMRCBB7DKIOQUXTJWTH5U,404,settled_streaming,1,1785454069
TOKEN-3ZJJSXKTYZ7RRZKGS4YYMQEO4I,1785454062,1785454153,ACC-YRPLDQBRRHOQWDM6Q3WWM3VAWM,TOKEN-ECQWOR2PMLGQQWK6PAJNTZGLJI,239814,settled_streaming,1,1785454153
TOKEN-UEDTFKCJX5DYPFTQBGUG2VPP4U,1785454063,1785454103,ACC-YRPLDQBRRHOQWDM6Q3WWM3VAWM,TOKEN-7WG6CHUA6HJLLA4XNG4QBVZWTI,372000,settled_streaming,1,1785454103
TOKEN-7MOLJ4CSNFAZEURXZGBFGUOZ6U,1785454073,1785454084,ACC-YRPLDQBRRHOQWDM6Q3WWM3VAWM,TOKEN-QBWKIE2XA3FJKHU2JHSHU5UT6U,130550,settled_streaming,1,1785454084
TOKEN-I3JMYZO6A337UCY2ZMWD4WNEDU,1785454080,1785454084,ACC-YRPLDQBRRHOQWDM6Q3WWM3VAWM,TOKEN-6UL73NJN25NHACOBS5CXIQLTQA,367,settled_streaming,1,1785454084
TOKEN-BTSPUTPVGC5KYE4XJVBTSHD6L4,1785454084,1785454090,ACC-YRPLDQBRRHOQWDM6Q3WWM3VAWM,TOKEN-7LYJZ3VHRJXHW7SLGQH7C32AFI,80236,settled_streaming,1,1785454090
TOKEN-QL2MOZZ5KYEPXESC4ZRUFZLNIU,1785454091,1785454113,ACC-YRPLDQBRRHOQWDM6Q3WWM3VAWM,TOKEN-QBWKIE2XA3FJKHU2JHSHU5UT6U,131548,settled_streaming,1,1785454113
TOKEN-DIGBK2ZS4CBIB2ONZ3MG4NYQEU,1785454093,1785454108,ACC-YRPLDQBRRHOQWDM6Q3WWM3VAWM,TOKEN-C5NWGF7TX2ZNPGZ5L67EIMFXMQ,394,settled_streaming,1,1785454108
TOKEN-A7RFWNIDI7H3HFSNDP3C54QQAM,1785454100,1785454108,ACC-YRPLDQBRRHOQWDM6Q3WWM3VAWM,TOKEN-E3CGIMG2JSZPMR444NJ42XRSIQ,428,settled_streaming,1,1785454108
TOKEN-LV5MCSSZ3BVLDUPI6NZEW3YTKM,1785454107,1785454134,ACC-YRPLDQBRRHOQWDM6Q3WWM3VAWM,TOKEN-7WG6CHUA6HJLLA4XNG4QBVZWTI,372000,settled_streaming,1,1785454134
TOKEN-XKU4AXBW5NO4TCL3ABWKLGPRBY,1785454112,1785454127,ACC-YRPLDQBRRHOQWDM6Q3WWM3VAWM,TOKEN-7CEV2VIAUYPBA5H24MP5ETGTFU,415,settled_streaming,1,1785454127
TOKEN-XQWQQQIYBGP67RG6JTTSWUYQ7M,1785454114,1785454120,ACC-YRPLDQBRRHOQWDM6Q3WWM3VAWM,TOKEN-QBWKIE2XA3FJKHU2JHSHU5UT6U,133719,settled_streaming,1,1785454120
TOKEN-FBLICLBSUFZKT3ZVDW4O7IRADM,1785454119,1785454132,ACC-YRPLDQBRRHOQWDM6Q3WWM3VAWM,TOKEN-IXCR6SHTCHLCPOINX6X62XESN4,1209,settled_streaming,1,1785454132
TOKEN-XZWR3APKQZLQFQP2BJP7QFBICE,1785454120,1785454127,ACC-YRPLDQBRRHOQWDM6Q3WWM3VAWM,TOKEN-7LYJZ3VHRJXHW7SLGQH7C32AFI,80664,settled_streaming,1,1785454127
TOKEN-QRX6OIJGF7FSFL4OIR67233KYE,1785454121,1785454130,ACC-YRPLDQBRRHOQWDM6Q3WWM3VAWM,TOKEN-QBWKIE2XA3FJKHU2JHSHU5UT6U,136907,settled_streaming,1,1785454130
TOKEN-WUSO24PE6JYFL6KB2RHJJLEQMA,1785454131,1785454149,ACC-YRPLDQBRRHOQWDM6Q3WWM3VAWM,TOKEN-KFGAR2XLHQZRC7FMUAFB3NWAPE,2741,settled_streaming,1,1785454149
TOKEN-PEXO56PY4COOGZLR7E5CTIX4IM,1785454132,1785454138,ACC-YRPLDQBRRHOQWDM6Q3WWM3VAWM,TOKEN-QBWKIE2XA3FJKHU2JHSHU5UT6U,138889,settled_streaming,1,1785454138
TOKEN-CUYAR5A5O72O4RV6J6S6HFP3HA,1785454133,1785454147,ACC-YRPLDQBRRHOQWDM6Q3WWM3VAWM,TOKEN-4FDQEWIPLJN45H5ZZQVEV6XI3E,431,settled_streaming,1,1785454147
TOKEN-S2KLFHVKZVBN6LNBJILUD4HODA,1785454138,1785454196,ACC-YRPLDQBRRHOQWDM6Q3WWM3VAWM,TOKEN-7WG6CHUA6HJLLA4XNG4QBVZWTI,372000,settled_streaming,1,1785454196
TOKEN-XIJFCG6O6A5NJRCMTYSGWYUYXM,1785454139,1785454207,ACC-YRPLDQBRRHOQWDM6Q3WWM3VAWM,TOKEN-QBWKIE2XA3FJKHU2JHSHU5UT6U,139696,settled_streaming,1,1785454207
TOKEN-5C527WC5CREYU5ONIBJMFUVP5M,1785454148,1785454186,ACC-YRPLDQBRRHOQWDM6Q3WWM3VAWM,TOKEN-TXE6C3QR2YB37FBQYOCSHJCE7I,2048,settled_streaming,1,1785454186
TOKEN-XE2H26T2A6OIGWCSOY7DCXOY3Q,1785454153,1785454161,ACC-YRPLDQBRRHOQWDM6Q3WWM3VAWM,TOKEN-XZYDGT5AXGX7OT5ZR4YI24VNUY,397,settled_streaming,1,1785454161
TOKEN-BDPQRBOPW4YGUZQZWHUZ6H7HMM,1785454154,1785454163,ACC-YRPLDQBRRHOQWDM6Q3WWM3VAWM,TOKEN-ECQWOR2PMLGQQWK6PAJNTZGLJI,247591,settled_streaming,1,1785454163
TOKEN-4ZJRVGCH36E7R37JGZEE5H74JI,1785454157,1785454160,ACC-YRPLDQBRRHOQWDM6Q3WWM3VAWM,TOKEN-7LYJZ3VHRJXHW7SLGQH7C32AFI,81104,settled_streaming,1,1785454160
TOKEN-XRDBAL4Q2L5XFBGOLKSNCHGRRM,1785454164,1785454251,ACC-YRPLDQBRRHOQWDM6Q3WWM3VAWM,TOKEN-ECQWOR2PMLGQQWK6PAJNTZGLJI,248548,settled_streaming,1,1785454251
TOKEN-T5PYMSLQ5HNV55GRIF3K5VNDSE,1785454165,1785454178,ACC-YRPLDQBRRHOQWDM6Q3WWM3VAWM,TOKEN-VNFOVNESHBS2W7N2DVXHQ7ZJTE,401,settled_streaming,1,1785454178
TOKEN-WQPJGNOGWPLCFOVUU4SYXTR27Y,1785454182,1785454190,ACC-YRPLDQBRRHOQWDM6Q3WWM3VAWM,TOKEN-UWHN4XLFBTU7FASTGXYCMHADL4,1613,settled_streaming,1,1785454190
TOKEN-MVYAEOD47J4GLX3GZES7ETBAG4,1785454187,1785454197,ACC-YRPLDQBRRHOQWDM6Q3WWM3VAWM,TOKEN-OPFXVL2I6YIDIHSETMGDROD5LA,498,settled_streaming,1,1785454197
TOKEN-WPGA5F2EZKRFA6WLGS4DK65V5Y,1785454190,1785454194,ACC-YRPLDQBRRHOQWDM6Q3WWM3VAWM,TOKEN-7LYJZ3VHRJXHW7SLGQH7C32AFI,81554,settled_streaming,1,1785454194
TOKEN-ONAMGWRA4Q3PVRUBXEIBQFERGI,1785454194,1785454205,ACC-YRPLDQBRRHOQWDM6Q3WWM3VAWM,TOKEN-5F7G3PRFBPYIGT333SKQAA7ZCQ,5540,settled_streaming,1,1785454205
TOKEN-RR3H5F4AZSZVJ6ORA6DPJ77YFU,1785454197,1785454209,ACC-YRPLDQBRRHOQWDM6Q3WWM3VAWM,TOKEN-TMYVSEUUX6DIHF7SSERW2DSK5I,1637,settled_streaming,1,1785454209
TOKEN-VSKZZX5D4BK3B5JGN3L2WAKIEY,1785454200,1785454245,ACC-YRPLDQBRRHOQWDM6Q3WWM3VAWM,TOKEN-7WG6CHUA6HJLLA4XNG4QBVZWTI,372000,settled_streaming,1,1785454245
TOKEN-2E3ULYDE5CV5K5X5C3DHPAP3FE,1785454209,1785454223,ACC-YRPLDQBRRHOQWDM6Q3WWM3VAWM,TOKEN-SYMGJY2CFH4YOMMQSN5KGPESSQ,430,settled_streaming,1,1785454223
TOKEN-4S3OVYI3TRGDMWTAU3NR3VH7RY,1785454209,1785454237,ACC-YRPLDQBRRHOQWDM6Q3WWM3VAWM,TOKEN-44S76FI6TNILFUYT5J3MDJKMFU,409,settled_streaming,1,1785454237
TOKEN-KLUG5ODGA7MECH3EDBV7YYFPYI,1785454209,1785454215,ACC-YRPLDQBRRHOQWDM6Q3WWM3VAWM,TOKEN-QBWKIE2XA3FJKHU2JHSHU5UT6U,144985,settled_streaming,1,1785454215
TOKEN-OIF4VH6G5DCINZ62CJHISHALCA,1785454216,1785454234,ACC-YRPLDQBRRHOQWDM6Q3WWM3VAWM,TOKEN-QBWKIE2XA3FJKHU2JHSHU5UT6U,146002,settled_streaming,1,1785454234
TOKEN-M2TS7RT7A66EYPJPA2R7SWORGE,1785454223,1785454241,ACC-YRPLDQBRRHOQWDM6Q3WWM3VAWM,TOKEN-67CFF5P4GPE4SO3GPNYTIYEZ2E,403,settled_streaming,1,1785454241
TOKEN-C5VZX43MTESEYPQKHROXIE6IRQ,1785454224,1785454227,ACC-YRPLDQBRRHOQWDM6Q3WWM3VAWM,TOKEN-7LYJZ3VHRJXHW7SLGQH7C32AFI,81977,settled_streaming,1,1785454227
TOKEN-WFWDZYSVYG3JUXLZCZMAS6NTBY,1785454235,1785454440,ACC-YRPLDQBRRHOQWDM6Q3WWM3VAWM,TOKEN-QBWKIE2XA3FJKHU2JHSHU5UT6U,147452,settled_streaming,1,1785454440
TOKEN-HWT3JD6YSBQ6ME4EDB7WPFPMQQ,1785454241,1785454265,ACC-YRPLDQBRRHOQWDM6Q3WWM3VAWM,TOKEN-OFCFEGMNQYE2DDINXNGW3PPROI,440,settled_streaming,1,1785454265
TOKEN-BTJTT6F7DDCHQ4OJB6G7OW4I3E,1785454245,1785454250,ACC-YRPLDQBRRHOQWDM6Q3WWM3VAWM,TOKEN-RRZ6QWUMJENRETP6GKTLYMBXUQ,418,settled_streaming,1,1785454250
TOKEN-MYTWN2Y4WILWQ5XIDATZR2C2UU,1785454249,1785454308,ACC-YRPLDQBRRHOQWDM6Q3WWM3VAWM,TOKEN-7WG6CHUA6HJLLA4XNG4QBVZWTI,372000,settled_streaming,1,1785454308
TOKEN-C46LC5EA7J6D5KFE75BMPJP6KU,1785454251,1785454263,ACC-YRPLDQBRRHOQWDM6Q3WWM3VAWM,TOKEN-ECQWOR2PMLGQQWK6PAJNTZGLJI,20247,settled_streaming,1,1785454263
TOKEN-QR3ZLTNT7XMOIAY6BRRJVB5GVI,1785454254,1785454274,ACC-YRPLDQBRRHOQWDM6Q3WWM3VAWM,TOKEN-WWTPUXTAJ3YFLQDBQXB2HR63LA,453,settled_streaming,1,1785454274
TOKEN-SDC2J4DSWOWSRPDY7OMLUFMKVE,1785454257,1785454262,ACC-YRPLDQBRRHOQWDM6Q3WWM3VAWM,TOKEN-7LYJZ3VHRJXHW7SLGQH7C32AFI,82405,settled_streaming,1,1785454262
TOKEN-CSLHMWNABBI6NR2NUZ6LHUJC5A,1785454260,1785454271,ACC-YRPLDQBRRHOQWDM6Q3WWM3VAWM,TOKEN-JHK4HN4MNP64YPVNMMM56BBJDU,1218,settled_streaming,1,1785454271
TOKEN-AFVZAVJD5LQBBTZ2Y33ERMY7YY,1785454263,1785454269,ACC-YRPLDQBRRHOQWDM6Q3WWM3VAWM,TOKEN-ECQWOR2PMLGQQWK6PAJNTZGLJI,22878,settled_streaming,1,1785454269
TOKEN-VDDDWZIDML2OFZS5MJ7UFGAILA,1785454265,1785454287,ACC-YRPLDQBRRHOQWDM6Q3WWM3VAWM,TOKEN-WBHP4G6LPRKAGGVCPQQSQ3ORJ4,390,settled_streaming,1,1785454287
TOKEN-4WE3H62CQRI2FWX2NJFKZCH6FI,1785454269,1785454275,ACC-YRPLDQBRRHOQWDM6Q3WWM3VAWM,TOKEN-ECQWOR2PMLGQQWK6PAJNTZGLJI,33455,settled_streaming,1,1785454275
TOKEN-CLSUTY6H326LRYLAITYXWX5MN4,1785454271,1785454364,ACC-YRPLDQBRRHOQWDM6Q3WWM3VAWM,TOKEN-HQLQCLYAMHS5TOX5FSKNJMR6UU,7471,settled_streaming,1,1785454364
TOKEN-VJWGL2EUXCR2WYD466FVEZSIZ4,1785454275,1785454283,ACC-YRPLDQBRRHOQWDM6Q3WWM3VAWM,TOKEN-ECQWOR2PMLGQQWK6PAJNTZGLJI,43138,settled_streaming,1,1785454283
TOKEN-S3XHAJIPVOSFDTFV5OFD7EQ2NQ,1785454279,1785454297,ACC-YRPLDQBRRHOQWDM6Q3WWM3VAWM,TOKEN-YUQMDRHWCOVU4QI5K6HEYZYSHI,2843,settled_streaming,1,1785454297
TOKEN-ATH4LX46YHR5DHHUS5ZQRC73PA,1785454283,1785454289,ACC-YRPLDQBRRHOQWDM6Q3WWM3VAWM,TOKEN-ECQWOR2PMLGQQWK6PAJNTZGLJI,50270,settled_streaming,1,1785454289
TOKEN-LR6VFHW4RPBTHVNYJJMT65SH4U,1785454287,1785454330,ACC-YRPLDQBRRHOQWDM6Q3WWM3VAWM,TOKEN-ANAD4UAYTAKMPV5J2CS6VFJJ3U,393,settled_streaming,1,1785454330
TOKEN-CB2O5AF6Z4IUCFCZHYLUSYMRXE,1785454289,1785454304,ACC-YRPLDQBRRHOQWDM6Q3WWM3VAWM,TOKEN-ECQWOR2PMLGQQWK6PAJNTZGLJI,58474,settled_streaming,1,1785454304
TOKEN-QM7SDRJMN354XRLRUCBFZNX5AQ,1785454292,1785454297,ACC-YRPLDQBRRHOQWDM6Q3WWM3VAWM,TOKEN-7LYJZ3VHRJXHW7SLGQH7C32AFI,82829,settled_streaming,1,1785454297
TOKEN-ISAR3OATY3BL4DNUXLFBMIMZY4,1785454301,1785454306,ACC-YRPLDQBRRHOQWDM6Q3WWM3VAWM,TOKEN-NU5S4YGDX2WJZDXI4Z3IKJUPBM,398,settled_streaming,1,1785454306
TOKEN-MCYKFJQN3EOEJKRR2MGGYAGHT4,1785454304,1785454313,ACC-YRPLDQBRRHOQWDM6Q3WWM3VAWM,TOKEN-ECQWOR2PMLGQQWK6PAJNTZGLJI,20624,settled_streaming,1,1785454313
TOKEN-C4SMIIWGGGOUTPHVXYBJEA36LA,1785454305,1785454314,ACC-YRPLDQBRRHOQWDM6Q3WWM3VAWM,TOKEN-ECQWOR2PMLGQQWK6PAJNTZGLJI,59678,settled_streaming,1,1785454314
TOKEN-66ZB4APCEUNMK7EPFYP3B2IOHQ,1785454310,1785454326,ACC-YRPLDQBRRHOQWDM6Q3WWM3VAWM,TOKEN-SAZX3L5UKMUU5CE3PSPKNOM4YI,384,settled_streaming,1,1785454326
TOKEN-3BB7S2XEWJW7TLAIBOQF4GM6RI,1785454312,1785454344,ACC-YRPLDQBRRHOQWDM6Q3WWM3VAWM,TOKEN-7WG6CHUA6HJLLA4XNG4QBVZWTI,372000,settled_streaming,1,1785454344
TOKEN-6JXR7ZRK2L7WGF7VM4STVLPKTI,1785454313,1785454317,ACC-YRPLDQBRRHOQWDM6Q3WWM3VAWM,TOKEN-ECQWOR2PMLGQQWK6PAJNTZGLJI,21627,settled_streaming,1,1785454317
TOKEN-C4DHMUPJUPNEXHKG2GZGIJ5TGM,1785454314,1785454321,ACC-YRPLDQBRRHOQWDM6Q3WWM3VAWM,TOKEN-ECQWOR2PMLGQQWK6PAJNTZGLJI,20608,settled_streaming,1,1785454321
TOKEN-GKO6NUJIUQAGBRLP3VRH3HQJ4I,1785454315,1785454322,ACC-YRPLDQBRRHOQWDM6Q3WWM3VAWM,TOKEN-ECQWOR2PMLGQQWK6PAJNTZGLJI,60060,settled_streaming,1,1785454322
TOKEN-XQTRSJ3VPCPUOJW24Q226IOS5Q,1785454317,1785454324,ACC-YRPLDQBRRHOQWDM6Q3WWM3VAWM,TOKEN-ECQWOR2PMLGQQWK6PAJNTZGLJI,23568,settled_streaming,1,1785454324
TOKEN-UNVLCACI5K3XOD2SK32ZZFZW7Q,1785454321,1785454328,ACC-YRPLDQBRRHOQWDM6Q3WWM3VAWM,TOKEN-ECQWOR2PMLGQQWK6PAJNTZGLJI,23484,settled_streaming,1,1785454328
TOKEN-BUMKQ4YZMIEZQ2HLSTOZZJOVCQ,1785454322,1785454331,ACC-YRPLDQBRRHOQWDM6Q3WWM3VAWM,TOKEN-ECQWOR2PMLGQQWK6PAJNTZGLJI,20609,settled_streaming,1,1785454331
TOKEN-SHCKIYFWCUNVQJ7VK4MIH3CBIA,1785454322,1785454498,ACC-YRPLDQBRRHOQWDM6Q3WWM3VAWM,TOKEN-ECQWOR2PMLGQQWK6PAJNTZGLJI,60444,settled_streaming,1,1785454498
TOKEN-WMKI7RZJFZH7FPAF2DEKW5BTC4,1785454324,1785454328,ACC-YRPLDQBRRHOQWDM6Q3WWM3VAWM,TOKEN-ECQWOR2PMLGQQWK6PAJNTZGLJI,34828,settled_streaming,1,1785454328
TOKEN-YZFITGB5CQYZOGF5MQ5OJ4Z76I,1785454327,1785454332,ACC-YRPLDQBRRHOQWDM6Q3WWM3VAWM,TOKEN-7LYJZ3VHRJXHW7SLGQH7C32AFI,83263,settled_streaming,1,1785454332
TOKEN-DO5KMGOXFMPQZL2ECMGGHYM4RI,1785454328,1785454332,ACC-YRPLDQBRRHOQWDM6Q3WWM3VAWM,TOKEN-ECQWOR2PMLGQQWK6PAJNTZGLJI,31277,settled_streaming,1,1785454332
TOKEN-YPHWQSXMMIZX2UVIHZEYAPEDQA,1785454329,1785454332,ACC-YRPLDQBRRHOQWDM6Q3WWM3VAWM,TOKEN-ECQWOR2PMLGQQWK6PAJNTZGLJI,39871,settled_streaming,1,1785454332
TOKEN-AC7HDFAHVIGBFMDBMSXS6X4UJY,1785454330,1785454350,ACC-YRPLDQBRRHOQWDM6Q3WWM3VAWM,TOKEN-7J2K3W4GYOXFVDWB5Y54OABYZI,406,settled_streaming,1,1785454350
TOKEN-ND35EGVIT7IVNVBTYXFSOFFAWU,1785454331,1785454350,ACC-YRPLDQBRRHOQWDM6Q3WWM3VAWM,TOKEN-OI2BQMYPGOTPQBVZQDSI5PLBEI,4109,settled_streaming,1,1785454350
TOKEN-7P4SIEKVERUXCBRI7XPMWUJN2Q,1785454331,1785454334,ACC-YRPLDQBRRHOQWDM6Q3WWM3VAWM,TOKEN-ECQWOR2PMLGQQWK6PAJNTZGLJI,21605,settled_streaming,1,1785454334
TOKEN-77RCJOO3NJUZO37YR4Y6ASTFRA,1785454333,1785454336,ACC-YRPLDQBRRHOQWDM6Q3WWM3VAWM,TOKEN-ECQWOR2PMLGQQWK6PAJNTZGLJI,44249,settled_streaming,1,1785454336
TOKEN-S3ZJHBY3PBUCHFJCGEXT4JOCAI,1785454333,1785454336,ACC-YRPLDQBRRHOQWDM6Q3WWM3VAWM,TOKEN-ECQWOR2PMLGQQWK6PAJNTZGLJI,38117,settled_streaming,1,1785454336
TOKEN-ECTDM7ALZTNNJIJIQREKMNYMNM,1785454334,1785454338,ACC-YRPLDQBRRHOQWDM6Q3WWM3VAWM,TOKEN-ECQWOR2PMLGQQWK6PAJNTZGLJI,23892,settled_streaming,1,1785454338
TOKEN-WDZB6KLQC62VKSEZD5YRBOSNXE,1785454336,1785454342,ACC-YRPLDQBRRHOQWDM6Q3WWM3VAWM,TOKEN-ECQWOR2PMLGQQWK6PAJNTZGLJI,48131,settled_streaming,1,1785454342
TOKEN-MTCIQUA3DKO5PFV4C4HGDHYPXE,1785454337,1785454399,ACC-YRPLDQBRRHOQWDM6Q3WWM3VAWM,TOKEN-ECQWOR2PMLGQQWK6PAJNTZGLJI,41354,settled_streaming,1,1785454399
TOKEN-P3FFGWMFCK3RTFOBYVWXOSIAEA,1785454338,1785454347,ACC-YRPLDQBRRHOQWDM6Q3WWM3VAWM,TOKEN-ECQWOR2PMLGQQWK6PAJNTZGLJI,27681,settled_streaming,1,1785454347
TOKEN-4X5ZMFH7ZJ7H7LPIGOITJ54CJI,1785454342,1785454350,ACC-YRPLDQBRRHOQWDM6Q3WWM3VAWM,TOKEN-ECQWOR2PMLGQQWK6PAJNTZGLJI,59120,settled_streaming,1,1785454350
TOKEN-BSNZMWHNZ6ULGZHJGXMJXXYCZM,1785454347,1785454351,ACC-YRPLDQBRRHOQWDM6Q3WWM3VAWM,TOKEN-ECQWOR2PMLGQQWK6PAJNTZGLJI,31343,settled_streaming,1,1785454351
TOKEN-YTNDQFW72T5ZVLP4YZUGKQ3C6I,1785454348,1785454421,ACC-YRPLDQBRRHOQWDM6Q3WWM3VAWM,TOKEN-7WG6CHUA6HJLLA4XNG4QBVZWTI,372000,settled_streaming,1,1785454421
TOKEN-SEFB3CSE7KLKXZBJRRUCO7ZRPI,1785454350,1785454358,ACC-YRPLDQBRRHOQWDM6Q3WWM3VAWM,TOKEN-ECQWOR2PMLGQQWK6PAJNTZGLJI,59885,settled_streaming,1,1785454358
TOKEN-2PT57TAPMSXXF5LICZPU4WU3UQ,1785454351,1785454358,ACC-YRPLDQBRRHOQWDM6Q3WWM3VAWM,TOKEN-ECQWOR2PMLGQQWK6PAJNTZGLJI,35350,settled_streaming,1,1785454358
TOKEN-CEUMRHA6WRQVPCFBIKZ4QE7JQQ,1785454351,1785454363,ACC-YRPLDQBRRHOQWDM6Q3WWM3VAWM,TOKEN-7HUST2YXN2U4TLMBMRGUG6QTC4,406,settled_streaming,1,1785454363
TOKEN-YA3UJPKFU6AYO5BMZ5VHGI5RB4,1785454355,1785454369,ACC-YRPLDQBRRHOQWDM6Q3WWM3VAWM,TOKEN-4IVDVIHCAW3X3R5STARRDYHVTM,409,settled_streaming,1,1785454369
TOKEN-HCUYBMH4HOOQPFCODEUGQ762IM,1785454358,1785454364,ACC-YRPLDQBRRHOQWDM6Q3WWM3VAWM,TOKEN-ECQWOR2PMLGQQWK6PAJNTZGLJI,43401,settled_streaming,1,1785454364
TOKEN-C7G5U2VTSFLHCEHLARTD4DBJDA,1785454359,1785454365,ACC-YRPLDQBRRHOQWDM6Q3WWM3VAWM,TOKEN-ECQWOR2PMLGQQWK6PAJNTZGLJI,60649,settled_streaming,1,1785454365
TOKEN-R25IWS4XW4O4ORRJBPGXZMUJPI,1785454362,1785454373,ACC-YRPLDQBRRHOQWDM6Q3WWM3VAWM,TOKEN-7LYJZ3VHRJXHW7SLGQH7C32AFI,83686,settled_streaming,1,1785454373
TOKEN-PKMAPLZRSTIVZ2DDYWHPVPCWS4,1785454364,1785454376,ACC-YRPLDQBRRHOQWDM6Q3WWM3VAWM,TOKEN-YY5AYFOE5PQTAXG37DOCPHZZ4Y,406,settled_streaming,1,1785454376
TOKEN-D6HPJ4HHOHUVE47X6QPOPPG3PU,1785454364,1785454374,ACC-YRPLDQBRRHOQWDM6Q3WWM3VAWM,TOKEN-ECQWOR2PMLGQQWK6PAJNTZGLJI,54685,settled_streaming,1,1785454374
TOKEN-RUQK5OOEDYYCKVPNHUGCPSPH2I,1785454364,1785454401,ACC-YRPLDQBRRHOQWDM6Q3WWM3VAWM,TOKEN-D6PJCWVCCKGM3ELOQOY67KBTF4,1432,settled_streaming,1,1785454401
TOKEN-BRJHUGLANY5TFNMZZJD73VUCNU,1785454370,1785454375,ACC-YRPLDQBRRHOQWDM6Q3WWM3VAWM,TOKEN-ECQWOR2PMLGQQWK6PAJNTZGLJI,61461,settled_streaming,1,1785454375
TOKEN-6XM47JVGQ4FELRT4CGSML5XVYM,1785454373,1785454383,ACC-YRPLDQBRRHOQWDM6Q3WWM3VAWM,TOKEN-OSOFU3EBVOBNBKSJEA7I6UX2H4,1677,settled_streaming,1,1785454383
TOKEN-Y6REPCEGM2HX3ZO4NPN4UIE7HQ,1785454375,1785454380,ACC-YRPLDQBRRHOQWDM6Q3WWM3VAWM,TOKEN-ECQWOR2PMLGQQWK6PAJNTZGLJI,55997,settled_streaming,1,1785454380
TOKEN-3WUBLDDTAGIMONJYHPEXJM6EA4,1785454376,1785454387,ACC-YRPLDQBRRHOQWDM6Q3WWM3VAWM,TOKEN-I5PDQCZYOGCLUIGKDBPFBUUZ7Y,406,settled_streaming,1,1785454387
TOKEN-NETXSJOZPONEBKDF2LBO3Q7JOE,1785454376,1785454384,ACC-YRPLDQBRRHOQWDM6Q3WWM3VAWM,TOKEN-ECQWOR2PMLGQQWK6PAJNTZGLJI,62102,settled_streaming,1,1785454384
TOKEN-QVCMVLBG4PZVCQGOVW6FRPTPFE,1785454380,1785454394,ACC-YRPLDQBRRHOQWDM6Q3WWM3VAWM,TOKEN-ECQWOR2PMLGQQWK6PAJNTZGLJI,58954,settled_streaming,1,1785454394
TOKEN-3UKDKBHULIZKXWVYDTFHORFW64,1785454385,1785454392,ACC-YRPLDQBRRHOQWDM6Q3WWM3VAWM,TOKEN-ECQWOR2PMLGQQWK6PAJNTZGLJI,65145,settled_streaming,1,1785454392
TOKEN-IIY2NDS2NB4GIWAODSLAQHSXP4,1785454387,1785454406,ACC-YRPLDQBRRHOQWDM6Q3WWM3VAWM,TOKEN-MEMR4IOVDMU43IET6LN37ULI64,380,settled_streaming,1,1785454406
TOKEN-N3DEHXZSXKFUBGMZXSDOBTFHKQ,1785454395,1785454401,ACC-YRPLDQBRRHOQWDM6Q3WWM3VAWM,TOKEN-ECQWOR2PMLGQQWK6PAJNTZGLJI,68764,settled_streaming,1,1785454401
TOKEN-FWVINHYEHVQF7PLA6ZOHBYPOGI,1785454395,1785454403,ACC-YRPLDQBRRHOQWDM6Q3WWM3VAWM,TOKEN-ECQWOR2PMLGQQWK6PAJNTZGLJI,60224,settled_streaming,1,1785454403
TOKEN-IPD6G4JASEDRHVILKGNO4W6AFE,1785454398,1785454402,ACC-YRPLDQBRRHOQWDM6Q3WWM3VAWM,TOKEN-QIX2JZDJYIL5DFR4FEXT25IQJI,367,settled_streaming,1,1785454402
TOKEN-RLZUI3ONMCN73RCZSOQRJXTKWQ,1785454399,1785454408,ACC-YRPLDQBRRHOQWDM6Q3WWM3VAWM,TOKEN-ECQWOR2PMLGQQWK6PAJNTZGLJI,46376,settled_streaming,1,1785454408
TOKEN-MX2QXG5BMOC4F6RWID3W5LMAV4,1785454402,1785454448,ACC-YRPLDQBRRHOQWDM6Q3WWM3VAWM,TOKEN-EZERGITHT46VXP25OK3KJHGH7I,1218,settled_streaming,1,1785454449
TOKEN-OA4DRTGHCYET2ACEW34QTTD4JY,1785454403,1785454413,ACC-YRPLDQBRRHOQWDM6Q3WWM3VAWM,TOKEN-ECQWOR2PMLGQQWK6PAJNTZGLJI,61041,settled_streaming,1,1785454413
TOKEN-7O6PSXMM6OLIUF4F6R7JYL64BA,1785454403,1785454409,ACC-YRPLDQBRRHOQWDM6Q3WWM3VAWM,TOKEN-7LYJZ3VHRJXHW7SLGQH7C32AFI,84120,settled_streaming,1,1785454409
TOKEN-E4VGAIHI4UQSYFEBQ2BHIW2AMQ,1785454404,1785454410,ACC-YRPLDQBRRHOQWDM6Q3WWM3VAWM,TOKEN-ECQWOR2PMLGQQWK6PAJNTZGLJI,71491,settled_streaming,1,1785454410
TOKEN-5IVO234RFFQFQLDDR5P4URRICM,1785454408,1785454414,ACC-YRPLDQBRRHOQWDM6Q3WWM3VAWM,TOKEN-ECQWOR2PMLGQQWK6PAJNTZGLJI,48413,settled_streaming,1,1785454414
TOKEN-44CNRZRCBGFK7L3RSXWXPCPPJA,1785454410,1785454426,ACC-YRPLDQBRRHOQWDM6Q3WWM3VAWM,TOKEN-PH3QOI4P7WXNWZFHGI5XQ46XLA,382,settled_streaming,1,1785454426
TOKEN-PKJL7ZJS5WZK3HZA5S3RUJ5JDE,1785454410,1785454419,ACC-YRPLDQBRRHOQWDM6Q3WWM3VAWM,TOKEN-ECQWOR2PMLGQQWK6PAJNTZGLJI,77935,settled_streaming,1,1785454419
TOKEN-XZMOSK4Y4Z45JWJFBY6RNDN4VU,1785454413,1785454425,ACC-YRPLDQBRRHOQWDM6Q3WWM3VAWM,TOKEN-ECQWOR2PMLGQQWK6PAJNTZGLJI,64537,settled_streaming,1,1785454425
TOKEN-JTXHZ2M6T4BPZ3LRPB6KWB6IYM,1785454414,1785454421,ACC-YRPLDQBRRHOQWDM6Q3WWM3VAWM,TOKEN-ECQWOR2PMLGQQWK6PAJNTZGLJI,49713,settled_streaming,1,1785454421
TOKEN-XWQPRWHZQIBKLPU57LLSLY2NIE,1785454418,1785454424,ACC-YRPLDQBRRHOQWDM6Q3WWM3VAWM,TOKEN-NMK6IEEF2BS32Z2E3ZSUV2XWOE,406,settled_streaming,1,1785454424
TOKEN-Q7V57W4NMJ4Y5U3ZWGEZU5YICU,1785454420,1785454480,ACC-YRPLDQBRRHOQWDM6Q3WWM3VAWM,TOKEN-ECQWOR2PMLGQQWK6PAJNTZGLJI,87841,settled_streaming,1,1785454480
TOKEN-JXL4HI3WNBJTRH57WKHNBAVKAM,1785454421,1785454428,ACC-YRPLDQBRRHOQWDM6Q3WWM3VAWM,TOKEN-ECQWOR2PMLGQQWK6PAJNTZGLJI,51128,settled_streaming,1,1785454428
TOKEN-PHGVXWNVN52GHVTUGTED5RNEDA,1785454425,1785454468,ACC-YRPLDQBRRHOQWDM6Q3WWM3VAWM,TOKEN-7WG6CHUA6HJLLA4XNG4QBVZWTI,372000,settled_streaming,1,1785454468
TOKEN-MKPN55J3ENGRNCMYFLTG5EXMC4,1785454426,1785454440,ACC-YRPLDQBRRHOQWDM6Q3WWM3VAWM,TOKEN-ECQWOR2PMLGQQWK6PAJNTZGLJI,66034,settled_streaming,1,1785454440
TOKEN-W3TWEX2K2N5RMT4UQK6BCV5TLM,1785454428,1785454435,ACC-YRPLDQBRRHOQWDM6Q3WWM3VAWM,TOKEN-ECQWOR2PMLGQQWK6PAJNTZGLJI,52630,settled_streaming,1,1785454435
TOKEN-KOGF6DI53VFWHKFEUSBJSMSP4M,1785454430,1785454441,ACC-YRPLDQBRRHOQWDM6Q3WWM3VAWM,TOKEN-IJE2KVDJETIMKJ4HV3NGUXJQGA,376,settled_streaming,1,1785454441
TOKEN-OQ7T4Q4XRSZWAJULVELKPB5ICE,1785454436,1785454440,ACC-YRPLDQBRRHOQWDM6Q3WWM3VAWM,TOKEN-FZEEKXHDLBRXBBEV2VQIBFEPQ4,1210,settled_streaming,1,1785454440
TOKEN-66AEXGJOFVTIU2YU65RO766KCU,1785454436,1785454445,ACC-YRPLDQBRRHOQWDM6Q3WWM3VAWM,TOKEN-ECQWOR2PMLGQQWK6PAJNTZGLJI,56693,settled_streaming,1,1785454445
TOKEN-V7VILKNQDBG6EVOCV6QKYARICU,1785454439,1785454441,ACC-YRPLDQBRRHOQWDM6Q3WWM3VAWM,TOKEN-7LYJZ3VHRJXHW7SLGQH7C32AFI,84544,settled_streaming,1,1785454441
TOKEN-4UNZQNUBEPAF6JSKB6ZZXIEWGE,1785454440,1785454468,ACC-YRPLDQBRRHOQWDM6Q3WWM3VAWM,TOKEN-B3F2XDJXDJW6H34TOEVP4UZE7A,781,settled_streaming,1,1785454468
TOKEN-4LTCQQ5A3IKMLJM2XQBXTAMXBM,1785454440,1785454444,ACC-YRPLDQBRRHOQWDM6Q3WWM3VAWM,TOKEN-QBWKIE2XA3FJKHU2JHSHU5UT6U,152249,settled_streaming,1,1785454444
TOKEN-FYAIQP4A45LRJ354XQ76L3UZG4,1785454440,1785454472,ACC-YRPLDQBRRHOQWDM6Q3WWM3VAWM,TOKEN-ECQWOR2PMLGQQWK6PAJNTZGLJI,70791,settled_streaming,1,1785454472
TOKEN-7D5CXHP4VNY2R2YTO2JDCXYEBE,1785454445,1785454456,ACC-YRPLDQBRRHOQWDM6Q3WWM3VAWM,TOKEN-QBWKIE2XA3FJKHU2JHSHU5UT6U,156259,settled_streaming,1,1785454456
TOKEN-22244ULQPW6LZ4IIHBWKU7BH7A,1785454445,1785454457,ACC-YRPLDQBRRHOQWDM6Q3WWM3VAWM,TOKEN-GCCNYFI563PK7E6BYI4YOCXICU,387,settled_streaming,1,1785454457
TOKEN-NGL5TIFAJZRKC75LGLA7BDGYVU,1785454445,1785454682,ACC-YRPLDQBRRHOQWDM6Q3WWM3VAWM,TOKEN-ECQWOR2PMLGQQWK6PAJNTZGLJI,59251,settled_streaming,1,1785454682
TOKEN-GQUOMQDHVPT5EAQR4ZAU6Q345Y,1785454449,1785454488,ACC-YRPLDQBRRHOQWDM6Q3WWM3VAWM,TOKEN-CMV5SYC5ZUN6L2KE6S3ASYFKF4,1301,settled_streaming,1,1785454488
TOKEN-LOLKMUB5O6GE7SVO6IRZSWMOOA,1785454457,1785454466,ACC-YRPLDQBRRHOQWDM6Q3WWM3VAWM,TOKEN-QBWKIE2XA3FJKHU2JHSHU5UT6U,157411,settled_streaming,1,1785454466
TOKEN-BFNAOP5TS75HTP3CN7563NXLAE,1785454461,1785454473,ACC-YRPLDQBRRHOQWDM6Q3WWM3VAWM,TOKEN-XMIAWQYJVC6MH5TZ5AJHOHL7SI,832,settled_streaming,1,1785454473
TOKEN-CPOXNPJZNH4NODGLVJJI4TDASQ,1785454466,1785454475,ACC-YRPLDQBRRHOQWDM6Q3WWM3VAWM,TOKEN-QBWKIE2XA3FJKHU2JHSHU5UT6U,158097,settled_streaming,1,1785454475
TOKEN-KLIVRQWIVZJOPR35B5JW6NQZMI,1785454468,1785454481,ACC-YRPLDQBRRHOQWDM6Q3WWM3VAWM,TOKEN-26P2ZVVT2IG4CULR3YNF5RQJ4A,405,settled_streaming,1,1785454481
TOKEN-GDV6SRPOWIT5QGKUCKJRXUYC3A,1785454471,1785454475,ACC-YRPLDQBRRHOQWDM6Q3WWM3VAWM,TOKEN-7LYJZ3VHRJXHW7SLGQH7C32AFI,84967,settled_streaming,1,1785454475
TOKEN-5SNT54EZAEOJ56SJ5EMLNP7KBU,1785454472,1785454505,ACC-YRPLDQBRRHOQWDM6Q3WWM3VAWM,TOKEN-7WG6CHUA6HJLLA4XNG4QBVZWTI,372000,settled_streaming,1,1785454505
TOKEN-TAQT65MAY3F4YYPJQKFA4SQSA4,1785454475,1785454485,ACC-YRPLDQBRRHOQWDM6Q3WWM3VAWM,TOKEN-QBWKIE2XA3FJKHU2JHSHU5UT6U,158655,settled_streaming,1,1785454485
TOKEN-CS43UN5SYAIEFYZDMXAWYPFVVM,1785454475,1785454524,ACC-YRPLDQBRRHOQWDM6Q3WWM3VAWM,TOKEN-ECQWOR2PMLGQQWK6PAJNTZGLJI,73173,settled_streaming,1,1785454524
TOKEN-JP5EVMJ7VMFVN7SLA72B6MTIYQ,1785454477,1785454488,ACC-YRPLDQBRRHOQWDM6Q3WWM3VAWM,TOKEN-PRD63WEFITM4XIIW7VG3A6KRPA,378,settled_streaming,1,1785454488
TOKEN-4SF2MLLJ2GXX2MHTSVONM76PHI,1785454481,1785454488,ACC-YRPLDQBRRHOQWDM6Q3WWM3VAWM,TOKEN-ECQWOR2PMLGQQWK6PAJNTZGLJI,94858,settled_streaming,1,1785454488
TOKEN-SS6XNYWW7B5AT4VJCGWYL2VIJY,1785454482,1785454489,ACC-YRPLDQBRRHOQWDM6Q3WWM3VAWM,TOKEN-IE7IB4RFE35G5YMRXEARQ2WCHE,453,settled_streaming,1,1785454489
TOKEN-IVC2VMFZYFP3LFAVOR3MUXBMRQ,1785454486,1785454513,ACC-YRPLDQBRRHOQWDM6Q3WWM3VAWM,TOKEN-QBWKIE2XA3FJKHU2JHSHU5UT6U,159477,settled_streaming,1,1785454513
TOKEN-O35CZTNS77Z2PSBT6KBY2STZ5U,1785454489,1785454502,ACC-YRPLDQBRRHOQWDM6Q3WWM3VAWM,TOKEN-7LYJZ3VHRJXHW7SLGQH7C32AFI,85512,settled_streaming,1,1785454502
TOKEN-AMUMB7TVIRA6JIVQFAQAA75MQI,1785454490,1785454501,ACC-YRPLDQBRRHOQWDM6Q3WWM3VAWM,TOKEN-ECQWOR2PMLGQQWK6PAJNTZGLJI,96237,settled_streaming,1,1785454501
TOKEN-N7DR6FCH6TI2KEAKJHGM5KSEYQ,1785454492,1785454499,ACC-YRPLDQBRRHOQWDM6Q3WWM3VAWM,TOKEN-UCGF3S7KMTUKKMVWCS5MO24FAY,378,settled_streaming,1,1785454499
TOKEN-MCNKP3WDMOSGZO6WQLG3C7WB4I,1785454498,1785454614,ACC-YRPLDQBRRHOQWDM6Q3WWM3VAWM,TOKEN-ECQWOR2PMLGQQWK6PAJNTZGLJI,75002,settled_streaming,1,1785454614
TOKEN-P2D6JAXIIZVVAC2UDLAITG2FRY,1785454499,1785454507,ACC-YRPLDQBRRHOQWDM6Q3WWM3VAWM,TOKEN-DRV3RHIBCPER2TBMGDVH3HWWGM,352,settled_streaming,1,1785454507
TOKEN-NPAHDOSAWCGKBBZPCZQVOCWFOM,1785454502,1785454506,ACC-YRPLDQBRRHOQWDM6Q3WWM3VAWM,TOKEN-7LYJZ3VHRJXHW7SLGQH7C32AFI,88475,settled_streaming,1,1785454506
TOKEN-X3O3GCGZTFTFYA7D7LKT3AEIPE,1785454502,1785454508,ACC-YRPLDQBRRHOQWDM6Q3WWM3VAWM,TOKEN-ECQWOR2PMLGQQWK6PAJNTZGLJI,98048,settled_streaming,1,1785454508
TOKEN-WUDDAU5MGWNR67LSQTGTSSZCWY,1785454506,1785454518,ACC-YRPLDQBRRHOQWDM6Q3WWM3VAWM,TOKEN-7LYJZ3VHRJXHW7SLGQH7C32AFI,94319,settled_streaming,1,1785454518
TOKEN-7GPD2JUGMORSSQFTLHMXW32PFU,1785454509,1785454516,ACC-YRPLDQBRRHOQWDM6Q3WWM3VAWM,TOKEN-CSD62SAA7LJDRUS6A7NNOUESGM,362,settled_streaming,1,1785454516
TOKEN-T72ZWBXNFD53TDTHC2QL47N54A,1785454510,1785454565,ACC-YRPLDQBRRHOQWDM6Q3WWM3VAWM,TOKEN-7WG6CHUA6HJLLA4XNG4QBVZWTI,372000,settled_streaming,1,1785454565
TOKEN-4AB5UTN3N74FN74SHTKJQOGPGU,1785454510,1785454517,ACC-YRPLDQBRRHOQWDM6Q3WWM3VAWM,TOKEN-ECQWOR2PMLGQQWK6PAJNTZGLJI,99322,settled_streaming,1,1785454517
TOKEN-V5E2PTTQHVKATJVVJWV2ZMNMGY,1785454512,1785454517,ACC-YRPLDQBRRHOQWDM6Q3WWM3VAWM,TOKEN-ATAJJDCLW43N47PNJVKBW6NKLA,393,settled_streaming,1,1785454517
TOKEN-KBBEXP7ZLH5DWVSPMKPLRXP32U,1785454518,1785454583,ACC-YRPLDQBRRHOQWDM6Q3WWM3VAWM,TOKEN-ECQWOR2PMLGQQWK6PAJNTZGLJI,100634,settled_streaming,1,1785454583
TOKEN-LWO22LAFBBNFV2R2UIA7NAEXS4,1785454518,1785454523,ACC-YRPLDQBRRHOQWDM6Q3WWM3VAWM,TOKEN-7LYJZ3VHRJXHW7SLGQH7C32AFI,99741,settled_streaming,1,1785454523
TOKEN-LPRCTOSWDANHKIXRTPN2B6ZH7I,1785454521,1785454529,ACC-YRPLDQBRRHOQWDM6Q3WWM3VAWM,TOKEN-LMDG5RYDA5IIWOILCXSYP6WPZA,384,settled_streaming,1,1785454529
TOKEN-S5D67OYSGH6N33TBX2TZ4XNSWY,1785454523,1785454529,ACC-YRPLDQBRRHOQWDM6Q3WWM3VAWM,TOKEN-7LYJZ3VHRJXHW7SLGQH7C32AFI,100671,settled_streaming,1,1785454529
TOKEN-MD6I4RQQXAV7WAPA7WBDOG2GHM,1785454524,1785454551,ACC-YRPLDQBRRHOQWDM6Q3WWM3VAWM,TOKEN-ECQWOR2PMLGQQWK6PAJNTZGLJI,79240,settled_streaming,1,1785454551
TOKEN-LYWP2UBWIJ5CTBYLSULZMUKS74,1785454524,1785454528,ACC-YRPLDQBRRHOQWDM6Q3WWM3VAWM,TOKEN-QBWKIE2XA3FJKHU2JHSHU5UT6U,161443,settled_streaming,1,1785454528
TOKEN-5BNQAAFGMW4I4YAR2M4FPTJZMY,1785454526,1785454534,ACC-YRPLDQBRRHOQWDM6Q3WWM3VAWM,TOKEN-2E7SAZXUAWQSYFTH466TS63GV4,367,settled_streaming,1,1785454534
TOKEN-BD4YWOREO3D5RCSOTWAJIDHSUM,1785454530,1785454535,ACC-YRPLDQBRRHOQWDM6Q3WWM3VAWM,TOKEN-7LYJZ3VHRJXHW7SLGQH7C32AFI,101457,settled_streaming,1,1785454535
TOKEN-QU3HN3PS6ZS7ZVFRRNGOSMRDXM,1785454533,1785454541,ACC-YRPLDQBRRHOQWDM6Q3WWM3VAWM,TOKEN-7FTFN7NYN5K7OJOF7AO3ZOBNYU,430,settled_streaming,1,1785454541
TOKEN-CUGXJPQ2OLYVDBFBX3YU53XNUM,1785454536,1785454575,ACC-YRPLDQBRRHOQWDM6Q3WWM3VAWM,TOKEN-7LYJZ3VHRJXHW7SLGQH7C32AFI,102152,settled_streaming,1,1785454575
TOKEN-2MMXUEPO5WDT5BACSLU6AJY7BM,1785454543,1785454549,ACC-YRPLDQBRRHOQWDM6Q3WWM3VAWM,TOKEN-QBWKIE2XA3FJKHU2JHSHU5UT6U,162022,settled_streaming,1,1785454549
TOKEN-FLYDWKMAVC5C4VDQE3K2GH4GVA,1785454545,1785454553,ACC-YRPLDQBRRHOQWDM6Q3WWM3VAWM,TOKEN-PRN6E5MCE4YXQA6VENOF2F5JV4,384,settled_streaming,1,1785454553
TOKEN-YK2SKEUMZNAHA2UGNQI3DVU5ZU,1785454546,1785454550,ACC-YRPLDQBRRHOQWDM6Q3WWM3VAWM,TOKEN-5CDNAJKZFUDIDWCRWIZBQD5LPI,406,settled_streaming,1,1785454550
TOKEN-PDRNZM57QK5YD2BV5MSEMH6TCE,1785454552,1785454634,ACC-YRPLDQBRRHOQWDM6Q3WWM3VAWM,TOKEN-ECQWOR2PMLGQQWK6PAJNTZGLJI,81623,settled_streaming,1,1785454634
TOKEN-VUPWW5AP7E5UX2HUDUKKUI3ZK4,1785454556,1785454566,ACC-YRPLDQBRRHOQWDM6Q3WWM3VAWM,TOKEN-6UGB46ESQU2PEHPHP524KX2JQI,538,settled_streaming,1,1785454566
TOKEN-HY5HFC3AALKX7Z454HCBR4C4UQ,1785454561,1785454565,ACC-YRPLDQBRRHOQWDM6Q3WWM3VAWM,TOKEN-QBWKIE2XA3FJKHU2JHSHU5UT6U,162595,settled_streaming,1,1785454565
TOKEN-GLBRCA2LVOSZ2XV4W2FBPXTIBQ,1785454563,1785454566,ACC-YRPLDQBRRHOQWDM6Q3WWM3VAWM,TOKEN-SDBKF24H5RCFYFYC6ZIB6JKENA,1235,settled_streaming,1,1785454566
TOKEN-2XA37GS4O2BVJRRQ7RCX6C4ARY,1785454569,1785454603,ACC-YRPLDQBRRHOQWDM6Q3WWM3VAWM,TOKEN-7WG6CHUA6HJLLA4XNG4QBVZWTI,372000,stream_interrupted_compensated,1,1785454603
TOKEN-VDDMBT6A62IMFRD6ZAS4WGCHUU,1785454570,1785454579,ACC-YRPLDQBRRHOQWDM6Q3WWM3VAWM,TOKEN-GT26VOGQX6CFJFKBSXWP7WL42Y,384,settled_streaming,1,1785454579
TOKEN-H7XZ2WH5DC32KMTUSN47MCXME4,1785454575,1785454599,ACC-YRPLDQBRRHOQWDM6Q3WWM3VAWM,TOKEN-7LYJZ3VHRJXHW7SLGQH7C32AFI,105789,settled_streaming,1,1785454599
TOKEN-3KWUJAQHO6J7VZD4FTCHAOGD2U,1785454580,1785454587,ACC-YRPLDQBRRHOQWDM6Q3WWM3VAWM,TOKEN-QBWKIE2XA3FJKHU2JHSHU5UT6U,163223,settled_streaming,1,1785454587
TOKEN-SR4LHA6HNCIORXH73VWLII6JRU,1785454584,1785454605,ACC-YRPLDQBRRHOQWDM6Q3WWM3VAWM,TOKEN-ECQWOR2PMLGQQWK6PAJNTZGLJI,106626,settled_streaming,1,1785454605
TOKEN-OXKWDHDCWEEC2E7KLSU5B7ZXN4,1785454584,1785454592,ACC-YRPLDQBRRHOQWDM6Q3WWM3VAWM,TOKEN-7JOGX667O4GK7F36ZABKV7PULM,381,settled_streaming,1,1785454592
TOKEN-PZX2CW44CSYCKRBVEGQH3EE2YM,1785454586,1785454596,ACC-YRPLDQBRRHOQWDM6Q3WWM3VAWM,TOKEN-CJYLJH4VGTJU7YOO72FO4VQQRI,362,settled_streaming,1,1785454596
TOKEN-WV3GDBWAB6XTWCZK54OSCCPGO4,1785454594,1785454607,ACC-YRPLDQBRRHOQWDM6Q3WWM3VAWM,TOKEN-QBWKIE2XA3FJKHU2JHSHU5UT6U,164085,settled_streaming,1,1785454607
TOKEN-ZJCQ3ZUBTXPNHYZBREO4MQ7EJE,1785454596,1785454602,ACC-YRPLDQBRRHOQWDM6Q3WWM3VAWM,TOKEN-7XDS56GU5GJSKWHXALF22LQW6I,384,settled_streaming,1,1785454602
TOKEN-AHKDDGIVNMWY42NMTO3YKT3XGY,1785454596,1785454605,ACC-YRPLDQBRRHOQWDM6Q3WWM3VAWM,TOKEN-DSRF6BZGN6MRXC65AOOFVWR5HQ,349,settled_streaming,1,1785454605
TOKEN-TCE6OCLDQ2J4S6N6WFDYGQFUG4,1785454599,1785454608,ACC-YRPLDQBRRHOQWDM6Q3WWM3VAWM,TOKEN-7LYJZ3VHRJXHW7SLGQH7C32AFI,107540,settled_streaming,1,1785454608
TOKEN-UZEEOZFAHTYQFANPEFKYKDZEKM,1785454603,1785454635,ACC-YRPLDQBRRHOQWDM6Q3WWM3VAWM,TOKEN-7WG6CHUA6HJLLA4XNG4QBVZWTI,372000,settled_streaming,1,1785454635
TOKEN-GHGRFZ32GDI62H4BVTXYYFEEKQ,1785454605,1785454614,ACC-YRPLDQBRRHOQWDM6Q3WWM3VAWM,TOKEN-ECQWOR2PMLGQQWK6PAJNTZGLJI,109204,settled_streaming,1,1785454614
TOKEN-MJ473H7DSJFBS24A76DTBK2VAQ,1785454606,1785454612,ACC-YRPLDQBRRHOQWDM6Q3WWM3VAWM,TOKEN-AHVY6CJFYMIYZC3VOFMWIS7B7Y,376,settled_streaming,1,1785454612
TOKEN-BI547XF43422PVZNEEGTJYDWBI,1785454606,1785454614,ACC-YRPLDQBRRHOQWDM6Q3WWM3VAWM,TOKEN-AYIMIGEGYMDW3JSEAI5FX6QBLY,462,settled_streaming,1,1785454614
TOKEN-6CKTCG7V44SXUFWJYHHB256M4I,1785454608,1785454631,ACC-YRPLDQBRRHOQWDM6Q3WWM3VAWM,TOKEN-QBWKIE2XA3FJKHU2JHSHU5UT6U,165436,settled_streaming,1,1785454631
TOKEN-5WRRXSM76BCC337PYIEUWB64FU,1785454609,1785454616,ACC-YRPLDQBRRHOQWDM6Q3WWM3VAWM,TOKEN-7LYJZ3VHRJXHW7SLGQH7C32AFI,108306,settled_streaming,1,1785454616
TOKEN-QJOLFK7PLRRDW77LVGDAZNEIZ4,1785454614,1785454700,ACC-YRPLDQBRRHOQWDM6Q3WWM3VAWM,TOKEN-ECQWOR2PMLGQQWK6PAJNTZGLJI,82852,settled_streaming,1,1785454700
TOKEN-T2EX6CX7UZIBF722GIBKE6Y6VA,1785454615,1785454681,ACC-YRPLDQBRRHOQWDM6Q3WWM3VAWM,TOKEN-ECQWOR2PMLGQQWK6PAJNTZGLJI,112641,settled_streaming,1,1785454681
TOKEN-PIRI2X5CQMJIOPXWQ3XHV3QI24,1785454616,1785454626,ACC-YRPLDQBRRHOQWDM6Q3WWM3VAWM,TOKEN-7LYJZ3VHRJXHW7SLGQH7C32AFI,109540,settled_streaming,1,1785454626
TOKEN-HM4OAOS2BB7XVJ6T3H33QRNA3M,1785454617,1785454635,ACC-YRPLDQBRRHOQWDM6Q3WWM3VAWM,TOKEN-437VKRLRBEX62SXPHRKCNVNGRU,376,settled_streaming,1,1785454635
TOKEN-LTGHKOTCF7RPADNCCYT3DHLWGA,1785454626,1785454695,ACC-YRPLDQBRRHOQWDM6Q3WWM3VAWM,TOKEN-7LYJZ3VHRJXHW7SLGQH7C32AFI,110937,settled_streaming,1,1785454695
TOKEN-RSLXXSV4J25SH2SEZGGBIPNKVY,1785454631,1785454649,ACC-YRPLDQBRRHOQWDM6Q3WWM3VAWM,TOKEN-VQRII67ZBB32WQHJQSTOMUYZU4,594,settled_streaming,1,1785454649
TOKEN-UBOKZ2KFZXA7TTFLTNJZGCO6XA,1785454635,1785454640,ACC-YRPLDQBRRHOQWDM6Q3WWM3VAWM,TOKEN-ECQWOR2PMLGQQWK6PAJNTZGLJI,89083,settled_streaming,1,1785454640
TOKEN-O6JXSTTEQZ4XDVAOOHVN3PQESU,1785454639,1785454680,ACC-YRPLDQBRRHOQWDM6Q3WWM3VAWM,TOKEN-7WG6CHUA6HJLLA4XNG4QBVZWTI,372000,settled_streaming,1,1785454680
TOKEN-VXC4FIEQ7VOACFMAV5EZDSFQTQ,1785454640,1785454649,ACC-YRPLDQBRRHOQWDM6Q3WWM3VAWM,TOKEN-OZWA4KRGDDSHWGVWMXMJMZU3FQ,462,settled_streaming,1,1785454649
TOKEN-YDINOQ6ZZ6WIBMAOF3TMC24QOQ,1785454641,1785454647,ACC-YRPLDQBRRHOQWDM6Q3WWM3VAWM,TOKEN-ECQWOR2PMLGQQWK6PAJNTZGLJI,95165,settled_streaming,1,1785454647
TOKEN-6NVLTAD46EBUYMZXUXRLOHOIEQ,1785454642,1785454647,ACC-YRPLDQBRRHOQWDM6Q3WWM3VAWM,TOKEN-QBWKIE2XA3FJKHU2JHSHU5UT6U,167440,settled_streaming,1,1785454647
TOKEN-J3LONI3SN465MEIMSVZJTWIP7U,1785454648,1785454666,ACC-YRPLDQBRRHOQWDM6Q3WWM3VAWM,TOKEN-ECQWOR2PMLGQQWK6PAJNTZGLJI,100946,settled_streaming,1,1785454666
TOKEN-BP6EW3PXI5C5S5DLLNJZJRLZQI,1785454649,1785454738,ACC-YRPLDQBRRHOQWDM6Q3WWM3VAWM,TOKEN-PY7WG4DAS5KZF5R5XYOEZMAJY4,494,settled_streaming,1,1785454738
TOKEN-NWIAPVWSEOLH72IAUEK46ICFUQ,1785454653,1785454663,ACC-YRPLDQBRRHOQWDM6Q3WWM3VAWM,TOKEN-XI7RJEOGNBEHVWEHPDUUX5XTPM,378,settled_streaming,1,1785454663
TOKEN-JUQDBVOUHCUJG6RG2R3BAMYAMQ,1785454661,1785454665,ACC-YRPLDQBRRHOQWDM6Q3WWM3VAWM,TOKEN-QBWKIE2XA3FJKHU2JHSHU5UT6U,167960,settled_streaming,1,1785454665
TOKEN-F4JJQRCBSNK67CW5I5MGGXIZYE,1785454666,1785454677,ACC-YRPLDQBRRHOQWDM6Q3WWM3VAWM,TOKEN-ECQWOR2PMLGQQWK6PAJNTZGLJI,102970,settled_streaming,1,1785454677
TOKEN-S5BSETSTCOPJLCM7SULIEKVD2M,1785454667,1785454676,ACC-YRPLDQBRRHOQWDM6Q3WWM3VAWM,TOKEN-B4W4T5Q6VZUH7BO7AESOZ6PFT4,378,settled_streaming,1,1785454676
TOKEN-DY2XYA7EYLD4ZH77GIEGQKUJ2I,1785454676,1785454680,ACC-YRPLDQBRRHOQWDM6Q3WWM3VAWM,TOKEN-QBWKIE2XA3FJKHU2JHSHU5UT6U,168431,settled_streaming,1,1785454680
TOKEN-Z3K2GOHALT4TEQZHCCXUA7CVZM,1785454677,1785454683,ACC-YRPLDQBRRHOQWDM6Q3WWM3VAWM,TOKEN-ECQWOR2PMLGQQWK6PAJNTZGLJI,103975,settled_streaming,1,1785454683
TOKEN-3KGG6D67CCJGZUPNX7TR6HPWY4,1785454680,1785454687,ACC-YRPLDQBRRHOQWDM6Q3WWM3VAWM,TOKEN-DUHFKKFBX22N3NGZ4ZHKNOSFAE,419,settled_streaming,1,1785454687
TOKEN-THBTF2SRO2BJ6HMX6LXFQKRLIU,1785454681,1785454763,ACC-YRPLDQBRRHOQWDM6Q3WWM3VAWM,TOKEN-ECQWOR2PMLGQQWK6PAJNTZGLJI,118268,settled_streaming,1,1785454763
TOKEN-A7RP4O5EGFP4C577BEFA4VOQ7Q,1785454683,1785454691,ACC-YRPLDQBRRHOQWDM6Q3WWM3VAWM,TOKEN-ECQWOR2PMLGQQWK6PAJNTZGLJI,77467,settled_streaming,1,1785454691
TOKEN-4GHWU34ZA2SEZCS45JU7JNEMJU,1785454684,1785454716,ACC-YRPLDQBRRHOQWDM6Q3WWM3VAWM,TOKEN-7WG6CHUA6HJLLA4XNG4QBVZWTI,372000,settled_streaming,1,1785454716
TOKEN-N6JBRS73UNYRCWKGVQQUBCPAAQ,1785454684,1785454749,ACC-YRPLDQBRRHOQWDM6Q3WWM3VAWM,TOKEN-ECQWOR2PMLGQQWK6PAJNTZGLJI,104655,settled_streaming,1,1785454749
TOKEN-OZDBEEY5MMTRI7LIDH7QQAD2NM,1785454691,1785454702,ACC-YRPLDQBRRHOQWDM6Q3WWM3VAWM,TOKEN-RW53RTQ7DJYHWH3M533YMI5LEM,1027,settled_streaming,1,1785454702
TOKEN-THAB3TUIQPBI54CUY6UZD7NYPE,1785454691,1785454706,ACC-YRPLDQBRRHOQWDM6Q3WWM3VAWM,TOKEN-ECQWOR2PMLGQQWK6PAJNTZGLJI,78130,settled_streaming,1,1785454706
TOKEN-LDDD3LZXMBEZXLF3MQ2QP2I6XY,1785454695,1785454701,ACC-YRPLDQBRRHOQWDM6Q3WWM3VAWM,TOKEN-QBWKIE2XA3FJKHU2JHSHU5UT6U,169054,settled_streaming,1,1785454701
TOKEN-GGGYO4ECL3MEEBN6SPN7UJ26YY,1785454696,1785454703,ACC-YRPLDQBRRHOQWDM6Q3WWM3VAWM,TOKEN-7LYJZ3VHRJXHW7SLGQH7C32AFI,115343,settled_streaming,1,1785454703
TOKEN-PHGKNFOUKRMT6VQGPWZDA4XC5Y,1785454700,1785454785,ACC-YRPLDQBRRHOQWDM6Q3WWM3VAWM,TOKEN-ECQWOR2PMLGQQWK6PAJNTZGLJI,89618,settled_streaming,1,1785454785
TOKEN-5OIEWOKYMHIUCUHM276FPPI7NQ,1785454703,1785454731,ACC-YRPLDQBRRHOQWDM6Q3WWM3VAWM,TOKEN-QBWKIE2XA3FJKHU2JHSHU5UT6U,169672,settled_streaming,1,1785454731
TOKEN-JM6UM5BU4FAVQOVUVIF3HY7IUM,1785454704,1785454712,ACC-YRPLDQBRRHOQWDM6Q3WWM3VAWM,TOKEN-7LYJZ3VHRJXHW7SLGQH7C32AFI,116057,settled_streaming,1,1785454712
TOKEN-X24X5BC7KRCIDQVPRTR5KIOT3Y,1785454706,1785454714,ACC-YRPLDQBRRHOQWDM6Q3WWM3VAWM,TOKEN-ECQWOR2PMLGQQWK6PAJNTZGLJI,79577,settled_streaming,1,1785454714
TOKEN-333N7C5CVCGPK436L2OGISRXFI,1785454706,1785454719,ACC-YRPLDQBRRHOQWDM6Q3WWM3VAWM,TOKEN-3FMCYA6L72JCEBZ7CTHNCBO2EA,418,settled_streaming,1,1785454719
TOKEN-JEZ5MNVVMYBJRZHNCJES6GTZFQ,1785454713,1785454723,ACC-YRPLDQBRRHOQWDM6Q3WWM3VAWM,TOKEN-7LYJZ3VHRJXHW7SLGQH7C32AFI,116834,settled_streaming,1,1785454723
TOKEN-XHHFEULO46BJK3TZDNWTCIVYNU,1785454714,1785454719,ACC-YRPLDQBRRHOQWDM6Q3WWM3VAWM,TOKEN-ECQWOR2PMLGQQWK6PAJNTZGLJI,80195,settled_streaming,1,1785454719
TOKEN-KSMUUCUOL2RCNCO2IUHMDHQ46U,1785454720,1785454873,ACC-YRPLDQBRRHOQWDM6Q3WWM3VAWM,TOKEN-ECQWOR2PMLGQQWK6PAJNTZGLJI,81206,settled_streaming,1,1785454873
TOKEN-6ECPWNV5PLLBZUSQMDQY4BSAS4,1785454720,1785454804,ACC-YRPLDQBRRHOQWDM6Q3WWM3VAWM,TOKEN-7WG6CHUA6HJLLA4XNG4QBVZWTI,372000,settled_streaming,1,1785454805
TOKEN-HTECPUEY55MSAN5NZB53QL54U4,1785454723,1785454737,ACC-YRPLDQBRRHOQWDM6Q3WWM3VAWM,TOKEN-7LYJZ3VHRJXHW7SLGQH7C32AFI,117920,settled_streaming,1,1785454737
TOKEN-ERC35QTPZYF7UZN3QSLO3RCPC4,1785454723,1785454729,ACC-YRPLDQBRRHOQWDM6Q3WWM3VAWM,TOKEN-DDLEKW4K3A4IMB4ZHJAA3E4MCM,419,settled_streaming,1,1785454729
TOKEN-LTVMFN3QVGXP6VYSZ6Z3E2T56E,1785454731,1785454739,ACC-YRPLDQBRRHOQWDM6Q3WWM3VAWM,TOKEN-QBWKIE2XA3FJKHU2JHSHU5UT6U,171095,settled_streaming,1,1785454739
TOKEN-ZX5LUDO64MKGOE6EAHDRCPAMKE,1785454733,1785454748,ACC-YRPLDQBRRHOQWDM6Q3WWM3VAWM,TOKEN-TCNH2D6WKAI6UTH7J62ZLKL7XU,431,settled_streaming,1,1785454748
TOKEN-H2IL5WXVEL4TRISOQN5DTM77IM,1785454738,1785454747,ACC-YRPLDQBRRHOQWDM6Q3WWM3VAWM,TOKEN-7LYJZ3VHRJXHW7SLGQH7C32AFI,118957,settled_streaming,1,1785454747
TOKEN-WAJWWVIQ5SCHVIZGXY4KLVJ37A,1785454739,1785454747,ACC-YRPLDQBRRHOQWDM6Q3WWM3VAWM,TOKEN-7WG6CHUA6HJLLA4XNG4QBVZWTI,21805,settled_streaming,1,1785454747
TOKEN-WS3IRJSEPPA6VFK7UTUPUCA74M,1785454740,1785454749,ACC-YRPLDQBRRHOQWDM6Q3WWM3VAWM,TOKEN-QBWKIE2XA3FJKHU2JHSHU5UT6U,171910,settled_streaming,1,1785454749
TOKEN-6KXMA5N6SHKSSGA5YIZK7K4BXA,1785454747,1785454755,ACC-YRPLDQBRRHOQWDM6Q3WWM3VAWM,TOKEN-7LYJZ3VHRJXHW7SLGQH7C32AFI,119636,settled_streaming,1,1785454755
TOKEN-DPU3JZV7QA2MLM5P23F3KAKNLI,1785454747,1785454753,ACC-YRPLDQBRRHOQWDM6Q3WWM3VAWM,TOKEN-D4A63CEA7BLVQOW3WA6Y7BVZCU,484,settled_streaming,1,1785454753
TOKEN-HQFXXAJIKBTG3NEGXFJY73CKF4,1785454749,1785454757,ACC-YRPLDQBRRHOQWDM6Q3WWM3VAWM,TOKEN-ECQWOR2PMLGQQWK6PAJNTZGLJI,110087,settled_streaming,1,1785454757
TOKEN-WGVARFPEZH2CPE2AJABZK74T74,1785454751,1785454757,ACC-YRPLDQBRRHOQWDM6Q3WWM3VAWM,TOKEN-QBWKIE2XA3FJKHU2JHSHU5UT6U,172604,settled_streaming,1,1785454757
TOKEN-UG3OT2Z3KUROV6EI3GD4WBUHLU,1785454752,1785454762,ACC-YRPLDQBRRHOQWDM6Q3WWM3VAWM,TOKEN-XHPXIGMKHZ3JGQHMUGUESD3HY4,384,settled_streaming,1,1785454762
TOKEN-2ZFZRKR6YG5HT7SG4BKXIDIUB4,1785454755,1785454762,ACC-YRPLDQBRRHOQWDM6Q3WWM3VAWM,TOKEN-7LYJZ3VHRJXHW7SLGQH7C32AFI,122056,settled_streaming,1,1785454762
TOKEN-WS4FHQCL5LMMICC4P4OSPRUQ5Q,1785454755,1785454762,ACC-YRPLDQBRRHOQWDM6Q3WWM3VAWM,TOKEN-6XN2QEO4QR43COVNX6E4QLTYYI,9411,settled_streaming,1,1785454762
TOKEN-52EKMWNZL6T524K6HRPZ6CLSF4,1785454758,1785454798,ACC-YRPLDQBRRHOQWDM6Q3WWM3VAWM,TOKEN-ECQWOR2PMLGQQWK6PAJNTZGLJI,115191,settled_streaming,1,1785454798
TOKEN-2LCYGKNA3Q6HP3VLQ7QQSQR6CI,1785454763,1785454766,ACC-YRPLDQBRRHOQWDM6Q3WWM3VAWM,TOKEN-J73MW2I6QYAM4BOLJF4HALISBQ,7264,settled_streaming,1,1785454766
TOKEN-YIX2VQCAPY72W3JWC2VK5FJLQA,1785454763,1785454776,ACC-YRPLDQBRRHOQWDM6Q3WWM3VAWM,TOKEN-ECQWOR2PMLGQQWK6PAJNTZGLJI,123948,settled_streaming,1,1785454776
TOKEN-YIJ3Q2HYKH3RAOIVIUZJ6AKMME,1785454766,1785454771,ACC-YRPLDQBRRHOQWDM6Q3WWM3VAWM,TOKEN-MWVSNFLGML6O5YDHL5Z44GCYVQ,384,settled_streaming,1,1785454771
TOKEN-ZYJY3TN62UH52MXWHM5PX4G3J4,1785454766,1785454771,ACC-YRPLDQBRRHOQWDM6Q3WWM3VAWM,TOKEN-24WT44R2YK3RX74CPQLAEAA2M4,781,settled_streaming,1,1785454771
TOKEN-YIUWIUENA2B7MQYPZAMVWC4YQM,1785454768,1785454776,ACC-YRPLDQBRRHOQWDM6Q3WWM3VAWM,TOKEN-QBWKIE2XA3FJKHU2JHSHU5UT6U,173193,settled_streaming,1,1785454776
TOKEN-ATZGB26H7C4BIXBI7262MZPDBI,1785454771,1785454777,ACC-YRPLDQBRRHOQWDM6Q3WWM3VAWM,TOKEN-MOP4YBBZX4RTINWOIV4HM77XPI,349,settled_streaming,1,1785454777
TOKEN-H7R5CZGCMAQWASZLRCQIMNFLSU,1785454772,1785454777,ACC-YRPLDQBRRHOQWDM6Q3WWM3VAWM,TOKEN-7LYJZ3VHRJXHW7SLGQH7C32AFI,126373,settled_streaming,1,1785454777
TOKEN-UA7D2AA7KXCJV7VNCB2ATLAINU,1785454775,1785454783,ACC-YRPLDQBRRHOQWDM6Q3WWM3VAWM,TOKEN-YHOOMPSMVYPS4YTOCWYQDC6TEE,384,settled_streaming,1,1785454783
TOKEN-KTQZPNNO2BRBC24I2XJR7JJQSY,1785454777,1785454811,ACC-YRPLDQBRRHOQWDM6Q3WWM3VAWM,TOKEN-ECQWOR2PMLGQQWK6PAJNTZGLJI,125010,settled_streaming,1,1785454811
TOKEN-RCFJ4E4JWFWMTJJYV2ERNXOMWU,1785454777,1785454786,ACC-YRPLDQBRRHOQWDM6Q3WWM3VAWM,TOKEN-7LYJZ3VHRJXHW7SLGQH7C32AFI,130061,settled_streaming,1,1785454786
TOKEN-AD6WGZ4PEJPV5K5HHPK76MMPNI,1785454778,1785454785,ACC-YRPLDQBRRHOQWDM6Q3WWM3VAWM,TOKEN-IKUHLDZXFFYUYENDWDWXMM3VEA,1179,settled_streaming,1,1785454785
TOKEN-YMMUEKB5AWWURJWJU4XOIUAD34,1785454785,1785454799,ACC-YRPLDQBRRHOQWDM6Q3WWM3VAWM,TOKEN-CVH5XMR476IELFQ6EXHTDXRC3I,4101,settled_streaming,1,1785454799
TOKEN-7FIKBXSRSCAZT7MAQNNXJNM3NI,1785454785,1785454810,ACC-YRPLDQBRRHOQWDM6Q3WWM3VAWM,TOKEN-ECQWOR2PMLGQQWK6PAJNTZGLJI,95550,stream_interrupted_compensated,1,1785454810
TOKEN-DKYJVWQVLBY6LJHCXE6GE3OB4Y,1785454787,1785454792,ACC-YRPLDQBRRHOQWDM6Q3WWM3VAWM,TOKEN-QBWKIE2XA3FJKHU2JHSHU5UT6U,173744,settled_streaming,1,1785454792
TOKEN-R4XXWP3DOVWDIQT7KUVAZCU4O4,1785454787,1785454798,ACC-YRPLDQBRRHOQWDM6Q3WWM3VAWM,TOKEN-YRSKSQ55VC7OAAUNFSLW6R4FUU,794,settled_streaming,1,1785454798
TOKEN-NPUJE4IFDENVRUDZFQ4UTMNV2Q,1785454787,1785454809,ACC-YRPLDQBRRHOQWDM6Q3WWM3VAWM,TOKEN-7LYJZ3VHRJXHW7SLGQH7C32AFI,133054,settled_streaming,1,1785454809
TOKEN-OS7SHWQF7H43AFJ27NSPKSK3KY,1785454793,1785454812,ACC-YRPLDQBRRHOQWDM6Q3WWM3VAWM,TOKEN-QBWKIE2XA3FJKHU2JHSHU5UT6U,174472,settled_streaming,1,1785454812
TOKEN-FPY466STR434S42TL5QD2MDEPM,1785454798,1785454805,ACC-YRPLDQBRRHOQWDM6Q3WWM3VAWM,TOKEN-ECQWOR2PMLGQQWK6PAJNTZGLJI,118406,settled_streaming,1,1785454805
TOKEN-HLHUMSGNCTUYKIH5BMR33DPVKQ,1785454800,1785454829,ACC-YRPLDQBRRHOQWDM6Q3WWM3VAWM,TOKEN-XNYHDMUT5CZZBLRBPG7CAB3SKA,3779,settled_streaming,1,1785454829
TOKEN-XFLZNPNH6HCXK7O24FDVEGPIZY,1785454802,1785454807,ACC-YRPLDQBRRHOQWDM6Q3WWM3VAWM,TOKEN-K2TUGGTAHGAN6WZSMFJJRITCSY,384,settled_streaming,1,1785454807
TOKEN-K4PUIANF7OGTB5CIA5O6GWUKZM,1785454806,1785454816,ACC-YRPLDQBRRHOQWDM6Q3WWM3VAWM,TOKEN-ECQWOR2PMLGQQWK6PAJNTZGLJI,119424,settled_streaming,1,1785454816
TOKEN-I63ZBM6VFYEE3ND4MR2HHFEAQE,1785454809,1785454840,ACC-YRPLDQBRRHOQWDM6Q3WWM3VAWM,TOKEN-7WG6CHUA6HJLLA4XNG4QBVZWTI,372000,settled_streaming,1,1785454840
TOKEN-GOMPDP44NMZAWLEWUDREB76Q5Y,1785454810,1785454828,ACC-YRPLDQBRRHOQWDM6Q3WWM3VAWM,TOKEN-7LYJZ3VHRJXHW7SLGQH7C32AFI,134828,settled_streaming,1,1785454828
TOKEN-ZC7DL6NMOQJF67KXR2GGMC6DDI,1785454810,1785454860,ACC-YRPLDQBRRHOQWDM6Q3WWM3VAWM,TOKEN-ECQWOR2PMLGQQWK6PAJNTZGLJI,97067,settled_streaming,1,1785454860
TOKEN-6RKMSF6CDSCIHJRCYFJQNLOYQ4,1785454811,1785454818,ACC-YRPLDQBRRHOQWDM6Q3WWM3VAWM,TOKEN-3Z7JS53ZOVJ5KWRRTI6SZHAYHE,376,settled_streaming,1,1785454818
TOKEN-J3YO2GCVHEFXOJRZOPGPZISAYU,1785454811,1785454817,ACC-YRPLDQBRRHOQWDM6Q3WWM3VAWM,TOKEN-ECQWOR2PMLGQQWK6PAJNTZGLJI,128550,settled_streaming,1,1785454817
TOKEN-K5NLSZ37BYLUHTIWRJP6ZFRXZY,1785454816,1785454853,ACC-YRPLDQBRRHOQWDM6Q3WWM3VAWM,TOKEN-ECQWOR2PMLGQQWK6PAJNTZGLJI,120715,stream_interrupted_compensated,1,1785454853
TOKEN-KHBYQX4QEHUX47EVRGL2VVBL3A,1785454817,1785454885,ACC-YRPLDQBRRHOQWDM6Q3WWM3VAWM,TOKEN-ECQWOR2PMLGQQWK6PAJNTZGLJI,134107,settled_streaming,1,1785454885
TOKEN-XWVTRCZ3SDT7DYPPKCW7VPJBYM,1785454822,1785454830,ACC-YRPLDQBRRHOQWDM6Q3WWM3VAWM,TOKEN-4LE4R66BWQLVKBRK3HNXP5GJHQ,428,settled_streaming,1,1785454830
TOKEN-6S6U5PJDUMU2JKYNA7H3PF2FY4,1785454823,1785454827,ACC-YRPLDQBRRHOQWDM6Q3WWM3VAWM,TOKEN-QBWKIE2XA3FJKHU2JHSHU5UT6U,176036,settled_streaming,1,1785454827
TOKEN-KLPDLIY5GDDS4CQ4N7J5BVXC3Q,1785454829,1785454849,ACC-YRPLDQBRRHOQWDM6Q3WWM3VAWM,TOKEN-7LYJZ3VHRJXHW7SLGQH7C32AFI,136068,settled_streaming,1,1785454849
TOKEN-HKDJCXC5XX3GQXJB6K6ZCLC6DM,1785454830,1785454840,ACC-YRPLDQBRRHOQWDM6Q3WWM3VAWM,TOKEN-X4VJ4UBORJKYJQIDMCJOZINLC4,588,settled_streaming,1,1785454840
TOKEN-J65HWPHIDR3VGRMUG2FDSOVIJY,1785454834,1785454856,ACC-YRPLDQBRRHOQWDM6Q3WWM3VAWM,TOKEN-BQJWADJCT45E73BDKKWB54FXOE,378,settled_streaming,1,1785454856
TOKEN-7CMKI3IUYR66GDJDLSN32T2U2E,1785454840,1785454855,ACC-YRPLDQBRRHOQWDM6Q3WWM3VAWM,TOKEN-QWMK4RKGQNFQJWUQX5LATJL6DU,1252,settled_streaming,1,1785454855
TOKEN-IHIF2UJ2Z2PPW7GD7EELF4HRBY,1785454843,1785454853,ACC-YRPLDQBRRHOQWDM6Q3WWM3VAWM,TOKEN-QBWKIE2XA3FJKHU2JHSHU5UT6U,176551,settled_streaming,1,1785454853
TOKEN-E4P7J6I7WIGESK6X55QFARQ6AU,1785454847,1785454889,ACC-YRPLDQBRRHOQWDM6Q3WWM3VAWM,TOKEN-7WG6CHUA6HJLLA4XNG4QBVZWTI,372000,settled_streaming,1,1785454889
TOKEN-GLBXFQBYJ5DA6NXVBC6JSVDFLI,1785454849,1785454854,ACC-YRPLDQBRRHOQWDM6Q3WWM3VAWM,TOKEN-7LYJZ3VHRJXHW7SLGQH7C32AFI,138699,settled_streaming,1,1785454854
TOKEN-EILOJYTTF2MWEUVQT3XNQJEWKI,1785454854,1785454862,ACC-YRPLDQBRRHOQWDM6Q3WWM3VAWM,TOKEN-ECQWOR2PMLGQQWK6PAJNTZGLJI,123418,settled_streaming,1,1785454862
TOKEN-TMWXZJKXHTUDFMXYBHI24G32SY,1785454855,1785454861,ACC-YRPLDQBRRHOQWDM6Q3WWM3VAWM,TOKEN-7LYJZ3VHRJXHW7SLGQH7C32AFI,140227,settled_streaming,1,1785454861
TOKEN-44ICY45GVQVRMTOV3OQW53FQBQ,1785454860,1785454894,ACC-YRPLDQBRRHOQWDM6Q3WWM3VAWM,TOKEN-LMJGKOU22NSKX623ITNOK2U7R4,412,settled_streaming,1,1785454894
TOKEN-BWJTKYPNIXO7CESVLEVIIGVOIU,1785454861,1785454867,ACC-YRPLDQBRRHOQWDM6Q3WWM3VAWM,TOKEN-7LYJZ3VHRJXHW7SLGQH7C32AFI,141024,settled_streaming,1,1785454867
TOKEN-SDO5GP3BXACDRCDKICF6FUKIQE,1785454861,1785454868,ACC-YRPLDQBRRHOQWDM6Q3WWM3VAWM,TOKEN-ECQWOR2PMLGQQWK6PAJNTZGLJI,100330,settled_streaming,1,1785454868
TOKEN-53NDIHNZ4ASTVF2ZRVLBIDV24E,1785454862,1785454877,ACC-YRPLDQBRRHOQWDM6Q3WWM3VAWM,TOKEN-ECQWOR2PMLGQQWK6PAJNTZGLJI,123744,settled_streaming,1,1785454877
TOKEN-5G7DMUR7NZP73C2DYP7R7LHD64,1785454864,1785454873,ACC-YRPLDQBRRHOQWDM6Q3WWM3VAWM,TOKEN-QBWKIE2XA3FJKHU2JHSHU5UT6U,177017,settled_streaming,1,1785454873
TOKEN-YNSZEJZPUPYU4HEDM3NCRYZOR4,1785454865,1785454867,ACC-YRPLDQBRRHOQWDM6Q3WWM3VAWM,TOKEN-VOFGBM45GP7CDALFRZUERPZZIA,367,settled_streaming,1,1785454867
TOKEN-MWWTNFKVM57TL72VFISRAPEH34,1785454869,1785454876,ACC-YRPLDQBRRHOQWDM6Q3WWM3VAWM,TOKEN-ECQWOR2PMLGQQWK6PAJNTZGLJI,103252,settled_streaming,1,1785454876
TOKEN-TFVQEA4OETIGB7QWSY6GDLP4UQ,1785454871,1785454876,ACC-YRPLDQBRRHOQWDM6Q3WWM3VAWM,TOKEN-7LYJZ3VHRJXHW7SLGQH7C32AFI,142174,settled_streaming,1,1785454876
TOKEN-JQVYTJNHBKY5OYU6A5LIPPJHTU,1785454873,1785454873,ACC-YRPLDQBRRHOQWDM6Q3WWM3VAWM,TOKEN-ECQWOR2PMLGQQWK6PAJNTZGLJI,89027,held,1,0
TOKEN-VG52LJW2DBC5I6QIKRM4E2LM24,1785454877,1785454906,ACC-YRPLDQBRRHOQWDM6Q3WWM3VAWM,TOKEN-ECQWOR2PMLGQQWK6PAJNTZGLJI,104542,stream_interrupted_compensated,1,1785454906
TOKEN-PQ5QGUURQVQLRRWW7JYUVEDLGQ,1785454877,1785454882,ACC-YRPLDQBRRHOQWDM6Q3WWM3VAWM,TOKEN-7LYJZ3VHRJXHW7SLGQH7C32AFI,142816,settled_streaming,1,1785454882
TOKEN-S2EY7YRDS4KNDTVFHHFLUGEWRA,1785454878,1785454887,ACC-YRPLDQBRRHOQWDM6Q3WWM3VAWM,TOKEN-ECQWOR2PMLGQQWK6PAJNTZGLJI,124678,settled_streaming,1,1785454887
TOKEN-6VINEMPFX4PWBZQE6KA2EE4E2U,1785454882,1785454886,ACC-YRPLDQBRRHOQWDM6Q3WWM3VAWM,TOKEN-7LYJZ3VHRJXHW7SLGQH7C32AFI,143446,settled_streaming,1,1785454886
TOKEN-HMW3R6NMWY6NSRZDIROGEAQJC4,1785454883,1785454928,ACC-YRPLDQBRRHOQWDM6Q3WWM3VAWM,TOKEN-QBWKIE2XA3FJKHU2JHSHU5UT6U,177640,settled_streaming,1,1785454928
TOKEN-5TGHGLPGKJ24HTBPXSAQ7AMFJQ,1785454885,1785454893,ACC-YRPLDQBRRHOQWDM6Q3WWM3VAWM,TOKEN-ECQWOR2PMLGQQWK6PAJNTZGLJI,138744,settled_streaming,1,1785454893
TOKEN-55OR5MKZS33SVL6PDHOFDWUBA4,1785454885,1785454890,ACC-YRPLDQBRRHOQWDM6Q3WWM3VAWM,TOKEN-L4V7QSSJGS7E6WYOVTP565GD2Y,433,settled_streaming,1,1785454890
TOKEN-ZKEE7LODWV7YTZJCBWEOVNJQIQ,1785454886,1785454899,ACC-YRPLDQBRRHOQWDM6Q3WWM3VAWM,TOKEN-7LYJZ3VHRJXHW7SLGQH7C32AFI,144303,settled_streaming,1,1785454899
TOKEN-36OVDRJMIRXPHLTUKI2A4DYAME,1785454887,1785454902,ACC-YRPLDQBRRHOQWDM6Q3WWM3VAWM,TOKEN-ECQWOR2PMLGQQWK6PAJNTZGLJI,125462,settled_streaming,1,1785454902
TOKEN-B656QR263IMEL4N374FHEOI4NQ,1785454894,1785454905,ACC-YRPLDQBRRHOQWDM6Q3WWM3VAWM,TOKEN-ECQWOR2PMLGQQWK6PAJNTZGLJI,139504,settled_streaming,1,1785454905
TOKEN-RW43ZSRRKLMKP4WCLKBLJSWIKA,1785454899,1785454917,ACC-YRPLDQBRRHOQWDM6Q3WWM3VAWM,TOKEN-DITU4OBTNYO7WKZVFE7LOGO2GM,445,settled_streaming,1,1785454917
TOKEN-4FVU4TELC56MSQMXQ2C27KEZFU,1785454900,1785454905,ACC-YRPLDQBRRHOQWDM6Q3WWM3VAWM,TOKEN-XRTACR2NBULF7BG6QEUWRK4GTQ,618,settled_streaming,1,1785454905
TOKEN-DI5SLUWYLDOQSB5NESY5BK6QLI,1785454902,1785454921,ACC-YRPLDQBRRHOQWDM6Q3WWM3VAWM,TOKEN-ECQWOR2PMLGQQWK6PAJNTZGLJI,126669,settled_streaming,1,1785454921
TOKEN-PGPENYTHCXHP4SLYVPDGB653F4,1785454906,1785454913,ACC-YRPLDQBRRHOQWDM6Q3WWM3VAWM,TOKEN-ECQWOR2PMLGQQWK6PAJNTZGLJI,140244,settled_streaming,1,1785454913
TOKEN-NQZPRAMX2JIR76IUL432JEUFQY,1785454906,1785454957,ACC-YRPLDQBRRHOQWDM6Q3WWM3VAWM,TOKEN-ECQWOR2PMLGQQWK6PAJNTZGLJI,106043,settled_streaming,1,1785454957
TOKEN-2ABEUJLJAOA4D5HYIN3AY76NAU,1785454914,1785454925,ACC-YRPLDQBRRHOQWDM6Q3WWM3VAWM,TOKEN-ECQWOR2PMLGQQWK6PAJNTZGLJI,146289,settled_streaming,1,1785454925
TOKEN-GOYFQ5JBVZFCHPKANXIUCLCBNE,1785454920,1785454938,ACC-YRPLDQBRRHOQWDM6Q3WWM3VAWM,TOKEN-WMXFQAAR62XVCAECBTGGAVYMW4,409,settled_streaming,1,1785454938
TOKEN-DSQ4XP427LHZQE6UGKNK4JYRTM,1785454921,1785454926,ACC-YRPLDQBRRHOQWDM6Q3WWM3VAWM,TOKEN-YKLDB6WJKJA7EUCTTS3RWUCC3U,7071,settled_streaming,1,1785454926
TOKEN-LEV5TF3QQPAO6M33UM3KOTK42A,1785454921,1785454935,ACC-YRPLDQBRRHOQWDM6Q3WWM3VAWM,TOKEN-ECQWOR2PMLGQQWK6PAJNTZGLJI,138395,settled_streaming,1,1785454935
TOKEN-HZZUMDTE6MIHHVKOIEYGHNAXD4,1785454922,1785454928,ACC-YRPLDQBRRHOQWDM6Q3WWM3VAWM,TOKEN-7LYJZ3VHRJXHW7SLGQH7C32AFI,145352,settled_streaming,1,1785454928
TOKEN-JQ4YZ4JXM2OE3RD37MNOA3I6HI,1785454925,1785454931,ACC-YRPLDQBRRHOQWDM6Q3WWM3VAWM,TOKEN-ECQWOR2PMLGQQWK6PAJNTZGLJI,148218,settled_streaming,1,1785454931
TOKEN-7JPCRQWYGIMVND5USZIRXHT2H4,1785454928,1785454943,ACC-YRPLDQBRRHOQWDM6Q3WWM3VAWM,TOKEN-7LYJZ3VHRJXHW7SLGQH7C32AFI,146579,settled_streaming,1,1785454943
TOKEN-MHNC6GICMJFX3PXTA5T5COPCQQ,1785454928,1785454937,ACC-YRPLDQBRRHOQWDM6Q3WWM3VAWM,TOKEN-QBWKIE2XA3FJKHU2JHSHU5UT6U,179304,settled_streaming,1,1785454937
TOKEN-MVI53Z3W3XRQX6AV6YW2AUHYB4,1785454931,1785454936,ACC-YRPLDQBRRHOQWDM6Q3WWM3VAWM,TOKEN-MBDDQJMCVTXO76I4DAUQEYZSNU,8719,settled_streaming,1,1785454936
TOKEN-WXVTFZ6FOTW6HO2AEGO66HMWBY,1785454932,1785454937,ACC-YRPLDQBRRHOQWDM6Q3WWM3VAWM,TOKEN-ECQWOR2PMLGQQWK6PAJNTZGLJI,157043,settled_streaming,1,1785454937
TOKEN-SSSPMILETKF4E6DGH7ZLX5O5OM,1785454935,1785454961,ACC-YRPLDQBRRHOQWDM6Q3WWM3VAWM,TOKEN-ECQWOR2PMLGQQWK6PAJNTZGLJI,150060,settled_streaming,1,1785454961
TOKEN-66Y5E7W5XD4MI7A5LPPQFBJAGU,1785454937,1785454980,ACC-YRPLDQBRRHOQWDM6Q3WWM3VAWM,TOKEN-ECQWOR2PMLGQQWK6PAJNTZGLJI,159319,settled_streaming,1,1785454980
TOKEN-475K4AVV52JOCN2HMWRRCXNQ6I,1785454938,1785454947,ACC-YRPLDQBRRHOQWDM6Q3WWM3VAWM,TOKEN-QBWKIE2XA3FJKHU2JHSHU5UT6U,180066,settled_streaming,1,1785454947
TOKEN-PCOJ7IHJCDLEABPO6PO75G3WPM,1785454941,1785454953,ACC-YRPLDQBRRHOQWDM6Q3WWM3VAWM,TOKEN-ODSDMDD5S3GJZFGKOAHIGVFD7Q,9243,settled_streaming,1,1785454953
TOKEN-UOXKJFYFLS4V3MD7WBCERUCJAU,1785454943,1785454949,ACC-YRPLDQBRRHOQWDM6Q3WWM3VAWM,TOKEN-IWTMUZQGZ2CD3JGCBCYJJMVIN4,1258,settled_streaming,1,1785454949
TOKEN-D4JBXRNO5C2O6WIIUHHQAYVUNY,1785454943,1785454956,ACC-YRPLDQBRRHOQWDM6Q3WWM3VAWM,TOKEN-7LYJZ3VHRJXHW7SLGQH7C32AFI,148281,settled_streaming,1,1785454956
TOKEN-LX5I2GE5IPAT6OUKKWGM4TAKQI,1785454945,1785454954,ACC-YRPLDQBRRHOQWDM6Q3WWM3VAWM,TOKEN-7HFW2TMYP57GUZWDULCR33HW24,232372,settled_streaming,1,1785454954
TOKEN-AI3TNIGRYSVRDRD5G6ZGSPM5V4,1785454951,1785454959,ACC-YRPLDQBRRHOQWDM6Q3WWM3VAWM,TOKEN-U3M5FBKNBPLG24FEBOHARQOSYE,1982,settled_streaming,1,1785454959
TOKEN-3JLMVPQHIFOD37S5CBG2TW6XIU,1785454957,1785454966,ACC-YRPLDQBRRHOQWDM6Q3WWM3VAWM,TOKEN-JSYFUWLW3KIPW5737MBKPW4QWI,4058,settled_streaming,1,1785454966
TOKEN-54J4RT537OPZ4ZFAUAHVOHDFPQ,1785454958,1785454961,ACC-YRPLDQBRRHOQWDM6Q3WWM3VAWM,TOKEN-QBWKIE2XA3FJKHU2JHSHU5UT6U,180630,settled_streaming,1,1785454961
TOKEN-LUYITSHJCG6OGYJNUU6YDEEFFA,1785454958,1785455004,ACC-YRPLDQBRRHOQWDM6Q3WWM3VAWM,TOKEN-ECQWOR2PMLGQQWK6PAJNTZGLJI,110859,settled_streaming,1,1785455004
TOKEN-JXNDBZ524SP2WOUSET2SYLB7KQ,1785454959,1785454970,ACC-YRPLDQBRRHOQWDM6Q3WWM3VAWM,TOKEN-7HFW2TMYP57GUZWDULCR33HW24,233213,settled_streaming,1,1785454970
TOKEN-UCEXFFT4RFDP2Z5GBWDOL73TFI,1785454960,1785454969,ACC-YRPLDQBRRHOQWDM6Q3WWM3VAWM,TOKEN-6JLYM3X7TFST6V5BJ3IL6VBECI,4303,settled_streaming,1,1785454969
TOKEN-6764ZP2WNHGNGIR2GGF6WMV5DA,1785454962,1785454968,ACC-YRPLDQBRRHOQWDM6Q3WWM3VAWM,TOKEN-ECQWOR2PMLGQQWK6PAJNTZGLJI,162921,settled_streaming,1,1785454968
TOKEN-VXMF7C5E3RQ3LVEC7GNKO7KEDY,1785454965,1785454972,ACC-YRPLDQBRRHOQWDM6Q3WWM3VAWM,TOKEN-7LYJZ3VHRJXHW7SLGQH7C32AFI,149128,settled_streaming,1,1785454972
TOKEN-PVVLR2PZ3KYN5DQB47C5JAT3MQ,1785454968,1785454974,ACC-YRPLDQBRRHOQWDM6Q3WWM3VAWM,TOKEN-ECQWOR2PMLGQQWK6PAJNTZGLJI,164087,settled_streaming,1,1785454974
TOKEN-3TS4S7KKBR4GPVY6HOCNHM4QN4,1785454970,1785454978,ACC-YRPLDQBRRHOQWDM6Q3WWM3VAWM,TOKEN-HEHGBVE47UPUTJ7XLBEQFJWIH4,376,settled_streaming,1,1785454978
TOKEN-NAJDJZXFFQGMFXG2H5ILPSOKMU,1785454970,1785454974,ACC-YRPLDQBRRHOQWDM6Q3WWM3VAWM,TOKEN-AYJ6MPOWYMJH3AXPYNWMABCUPM,4615,settled_streaming,1,1785454974
TOKEN-WBLDVO5RVWUZJVLQE2HVO2F4VA,1785454972,1785454978,ACC-YRPLDQBRRHOQWDM6Q3WWM3VAWM,TOKEN-7LYJZ3VHRJXHW7SLGQH7C32AFI,149715,settled_streaming,1,1785454978
TOKEN-N5TYZ5U2G3LY6G7WJQXT7DAKWM,1785454973,1785454979,ACC-YRPLDQBRRHOQWDM6Q3WWM3VAWM,TOKEN-7HFW2TMYP57GUZWDULCR33HW24,234204,settled_streaming,1,1785454979
TOKEN-7CUQVOJLQHI3K6VNYJW4P2NBHE,1785454974,1785455016,ACC-YRPLDQBRRHOQWDM6Q3WWM3VAWM,TOKEN-ECQWOR2PMLGQQWK6PAJNTZGLJI,172235,settled_streaming,1,1785455016
TOKEN-Z4NVPDZCSA545A2USX524U35RE,1785454975,1785455056,ACC-YRPLDQBRRHOQWDM6Q3WWM3VAWM,TOKEN-VT4D2R6V36CCGBEVCYQGDCI7KY,1060,settled_streaming,1,1785455056
TOKEN-2GUQHB5RSMQDK5LC3RTIMG4H6I,1785454977,1785454982,ACC-YRPLDQBRRHOQWDM6Q3WWM3VAWM,TOKEN-QBWKIE2XA3FJKHU2JHSHU5UT6U,181153,settled_streaming,1,1785454982
TOKEN-OV3EAPACV5CJHCOZCZB66I2CF4,1785454978,1785454982,ACC-YRPLDQBRRHOQWDM6Q3WWM3VAWM,TOKEN-7LYJZ3VHRJXHW7SLGQH7C32AFI,150325,settled_streaming,1,1785454982
TOKEN-YETDGOOAJW7BXFPLEHXHQOXSR4,1785454981,1785455000,ACC-YRPLDQBRRHOQWDM6Q3WWM3VAWM,TOKEN-ECQWOR2PMLGQQWK6PAJNTZGLJI,163038,settled_streaming,1,1785455000
TOKEN-2EH5MVH6IC2AR72OZGAWJI7EOI,1785454982,1785454987,ACC-YRPLDQBRRHOQWDM6Q3WWM3VAWM,TOKEN-WA5NFMTFDURC3T7OMOOBQ7NW7U,385,settled_streaming,1,1785454987
TOKEN-ZVI4VQGLIRRBZSX75OJSYIP36Q,1785454983,1785454994,ACC-YRPLDQBRRHOQWDM6Q3WWM3VAWM,TOKEN-7LYJZ3VHRJXHW7SLGQH7C32AFI,150839,settled_streaming,1,1785454994
TOKEN-NIESVJMAPI3YUODH7BTSJPX4ZQ,1785454985,1785455009,ACC-YRPLDQBRRHOQWDM6Q3WWM3VAWM,TOKEN-7HFW2TMYP57GUZWDULCR33HW24,239350,settled_streaming,1,1785455009
TOKEN-35F5LMBF2ZLEBLJ6RZEDQMSCGE,1785454991,1785455017,ACC-YRPLDQBRRHOQWDM6Q3WWM3VAWM,TOKEN-WAHPECMQDYZ5RZIMKFDKXQTAQU,1323,settled_streaming,1,1785455017
TOKEN-56VADEHWEZCNBVZFJ3AO33IJKI,1785454993,1785454997,ACC-YRPLDQBRRHOQWDM6Q3WWM3VAWM,TOKEN-QBWKIE2XA3FJKHU2JHSHU5UT6U,181619,settled_streaming,1,1785454997
TOKEN-B7XGOSTD2DN5RMTLQCWEHWHNCI,1785454996,1785454999,ACC-YRPLDQBRRHOQWDM6Q3WWM3VAWM,TOKEN-7LYJZ3VHRJXHW7SLGQH7C32AFI,151709,settled_streaming,1,1785454999
TOKEN-PZEBFOUNZT37XDOBSHXSUAVJLU,1785455000,1785455004,ACC-YRPLDQBRRHOQWDM6Q3WWM3VAWM,TOKEN-7LYJZ3VHRJXHW7SLGQH7C32AFI,313199,settled_streaming,1,1785455004
TOKEN-DD2ATNKLH4653SI26Q3X2NOGH4,1785455001,1785455035,ACC-YRPLDQBRRHOQWDM6Q3WWM3VAWM,TOKEN-ECQWOR2PMLGQQWK6PAJNTZGLJI,165744,settled_streaming,1,1785455035
TOKEN-TFDQ2RU7ALUAQ64NC6WIAQAZSI,1785455005,1785455010,ACC-YRPLDQBRRHOQWDM6Q3WWM3VAWM,TOKEN-ECQWOR2PMLGQQWK6PAJNTZGLJI,113890,settled_streaming,1,1785455010
TOKEN-XNCNEA465ZETF32QCUXYX7ZIPY,1785455005,1785455010,ACC-YRPLDQBRRHOQWDM6Q3WWM3VAWM,TOKEN-7LYJZ3VHRJXHW7SLGQH7C32AFI,372000,settled_streaming,1,1785455010
TOKEN-5IRYZKDL2OJ3RS5AOBE4SOGGFI,1785455010,1785455045,ACC-YRPLDQBRRHOQWDM6Q3WWM3VAWM,TOKEN-ECQWOR2PMLGQQWK6PAJNTZGLJI,115889,settled_streaming,1,1785455045
TOKEN-34623AASZCNFM2465YXT2NTNWU,1785455010,1785455016,ACC-YRPLDQBRRHOQWDM6Q3WWM3VAWM,TOKEN-7LYJZ3VHRJXHW7SLGQH7C32AFI,372000,settled_streaming,1,1785455016
TOKEN-XY4BMES6BYKVZK5DGUL72HNDXE,1785455012,1785455019,ACC-YRPLDQBRRHOQWDM6Q3WWM3VAWM,TOKEN-QBWKIE2XA3FJKHU2JHSHU5UT6U,182261,settled_streaming,1,1785455019
TOKEN-4H7LSH6ZCRNQPEDACG5E7WTVRQ,1785455013,1785455032,ACC-YRPLDQBRRHOQWDM6Q3WWM3VAWM,TOKEN-7HFW2TMYP57GUZWDULCR33HW24,243164,settled_streaming,1,1785455032
TOKEN-W4EW23M4XT6WISIRIFOFIRAHCA,1785455016,1785455033,ACC-YRPLDQBRRHOQWDM6Q3WWM3VAWM,TOKEN-ECQWOR2PMLGQQWK6PAJNTZGLJI,175001,settled_streaming,1,1785455033
TOKEN-E4LSD7YVDVU4BUCEG7S5MKLA3M,1785455017,1785455023,ACC-YRPLDQBRRHOQWDM6Q3WWM3VAWM,TOKEN-7LYJZ3VHRJXHW7SLGQH7C32AFI,372000,settled_streaming,1,1785455023
TOKEN-H6Y6U37J65DLEHLNMFYX6F7XEM,1785455024,1785455031,ACC-YRPLDQBRRHOQWDM6Q3WWM3VAWM,TOKEN-7LYJZ3VHRJXHW7SLGQH7C32AFI,372000,settled_streaming,1,1785455031
TOKEN-DTZ7PAJGFAD3BVUVRXUJPWU63U,1785455026,1785455042,ACC-YRPLDQBRRHOQWDM6Q3WWM3VAWM,TOKEN-6GVVYICMJKEJQA6KVHGMOD37UY,408,settled_streaming,1,1785455042
TOKEN-B7QUANT2BNZ66BQQURUYQBUG6U,1785455030,1785455038,ACC-YRPLDQBRRHOQWDM6Q3WWM3VAWM,TOKEN-QBWKIE2XA3FJKHU2JHSHU5UT6U,182826,settled_streaming,1,1785455038
TOKEN-IAIV4IK3S5UZNBXX2TY2XE56DE,1785455032,1785455050,ACC-YRPLDQBRRHOQWDM6Q3WWM3VAWM,TOKEN-7LYJZ3VHRJXHW7SLGQH7C32AFI,372000,settled_streaming,1,1785455050
TOKEN-UDQIGDIBIZQWZGRPAIJO4XBWYY,1785455033,1785455050,ACC-YRPLDQBRRHOQWDM6Q3WWM3VAWM,TOKEN-ECQWOR2PMLGQQWK6PAJNTZGLJI,182649,settled_streaming,1,1785455050
TOKEN-YBDQ2NFYKI25NA7BDYL45UII4Q,1785455035,1785455057,ACC-YRPLDQBRRHOQWDM6Q3WWM3VAWM,TOKEN-ECQWOR2PMLGQQWK6PAJNTZGLJI,168182,settled_streaming,1,1785455057
TOKEN-YKYGB2G7TTOTGW2UGIIW6PWLKE,1785455045,1785455057,ACC-YRPLDQBRRHOQWDM6Q3WWM3VAWM,TOKEN-ECQWOR2PMLGQQWK6PAJNTZGLJI,118160,settled_streaming,1,1785455057
TOKEN-Z7ZPDIQLQLZDJW7UQLZIAEDYE4,1785455049,1785455067,ACC-YRPLDQBRRHOQWDM6Q3WWM3VAWM,TOKEN-QBWKIE2XA3FJKHU2JHSHU5UT6U,183631,settled_streaming,1,1785455067
TOKEN-BHSNSTP2TATXYQWX6OMKMWG2VI,1785455050,1785455057,ACC-YRPLDQBRRHOQWDM6Q3WWM3VAWM,TOKEN-ECQWOR2PMLGQQWK6PAJNTZGLJI,184786,settled_streaming,1,1785455057
TOKEN-43KE5YA4DXEKZJSKWSBTYGIUWY,1785455051,1785455086,ACC-YRPLDQBRRHOQWDM6Q3WWM3VAWM,TOKEN-7LYJZ3VHRJXHW7SLGQH7C32AFI,372000,settled_streaming,1,1785455086
TOKEN-CGUNBGXV7JO47NRGJIRAYZXPUI,1785455056,1785455061,ACC-YRPLDQBRRHOQWDM6Q3WWM3VAWM,TOKEN-2FE7JZBF362HOBU74ZFVUTXBPQ,425,settled_streaming,1,1785455061
TOKEN-BRVD4WQW3DKZMWMEDFJWMECAAA,1785455057,1785455095,ACC-YRPLDQBRRHOQWDM6Q3WWM3VAWM,TOKEN-ECQWOR2PMLGQQWK6PAJNTZGLJI,169198,settled_streaming,1,1785455095
TOKEN-EDUKHGD4RTLLK3DETN4SPWDQIA,1785455059,1785455072,ACC-YRPLDQBRRHOQWDM6Q3WWM3VAWM,TOKEN-ECQWOR2PMLGQQWK6PAJNTZGLJI,186899,settled_streaming,1,1785455072
TOKEN-NXBI4YOJTORAW4PZA3AVACF7JM,1785455059,1785455091,ACC-YRPLDQBRRHOQWDM6Q3WWM3VAWM,TOKEN-ECQWOR2PMLGQQWK6PAJNTZGLJI,119793,stream_interrupted_compensated,1,1785455091
TOKEN-5ALSK27XNS2FBRXKCO2SXMRX3Y,1785455062,1785455071,ACC-YRPLDQBRRHOQWDM6Q3WWM3VAWM,TOKEN-OEEEJCXPY7USF23UBK3AJC3CJE,1629,settled_streaming,1,1785455071
TOKEN-CZMWQCQYIJPPU5S36H3AGLE2FI,1785455068,1785455073,ACC-YRPLDQBRRHOQWDM6Q3WWM3VAWM,TOKEN-QBWKIE2XA3FJKHU2JHSHU5UT6U,184722,settled_streaming,1,1785455073
TOKEN-Q4D33T3HNGUIAFTVSKEQSSCXLY,1785455071,1785455078,ACC-YRPLDQBRRHOQWDM6Q3WWM3VAWM,TOKEN-MX5MXZQ6D7DJPM2MJNP62JABDA,406,settled_streaming,1,1785455078
TOKEN-6UYAAV7JYDV4LMRSAKTDPTJQ6A,1785455072,1785455079,ACC-YRPLDQBRRHOQWDM6Q3WWM3VAWM,TOKEN-WODFBKPLH6FYURHU73DQWPPG24,379,settled_streaming,1,1785455079
TOKEN-EUXXVA2IT6RKXNSBIVFIU6QLME,1785455072,1785455072,ACC-YRPLDQBRRHOQWDM6Q3WWM3VAWM,TOKEN-ECQWOR2PMLGQQWK6PAJNTZGLJI,187680,held,1,0
TOKEN-6HZ26Y3PVY73ER45NVAUGNLONI,1785455075,1785455078,ACC-YRPLDQBRRHOQWDM6Q3WWM3VAWM,TOKEN-QBWKIE2XA3FJKHU2JHSHU5UT6U,185333,settled_streaming,1,1785455078
TOKEN-TMOQCEM4YFROABZZSFBDMP37YM,1785455079,1785455083,ACC-YRPLDQBRRHOQWDM6Q3WWM3VAWM,TOKEN-SO3F2MOSMAIAFIAQ5F2TKCLYSM,406,settled_streaming,1,1785455083
TOKEN-HBCMCRH6OQOQWPRVIGK3KHPUYY,1785455079,1785455094,ACC-YRPLDQBRRHOQWDM6Q3WWM3VAWM,TOKEN-QBWKIE2XA3FJKHU2JHSHU5UT6U,185899,settled_streaming,1,1785455094
TOKEN-NTNRXBECIDI5W2P2Y5PDTXF3QM,1785455084,1785455095,ACC-YRPLDQBRRHOQWDM6Q3WWM3VAWM,TOKEN-2WPSUBWLTKYMHIX6I26HFY22LQ,543,settled_streaming,1,1785455095
TOKEN-TBOUDIIWNUEBFIH5EN74MWRV2U,1785455087,1785455087,ACC-YRPLDQBRRHOQWDM6Q3WWM3VAWM,TOKEN-7LYJZ3VHRJXHW7SLGQH7C32AFI,372000,held,1,0
TOKEN-MFXYNOX3F2QABVE2OBU2COTSJE,1785455091,1785455101,ACC-YRPLDQBRRHOQWDM6Q3WWM3VAWM,TOKEN-ECQWOR2PMLGQQWK6PAJNTZGLJI,121305,stream_interrupted_compensated,1,1785455101
TOKEN-JBDZ24BX3JMGIHGJ25HV6XS4ZI,1785455095,1785455116,ACC-YRPLDQBRRHOQWDM6Q3WWM3VAWM,TOKEN-NZ7O2HVIJPTCJHSCVY6MY2NFI4,405,settled_streaming,1,1785455116
TOKEN-WRZNMHNWNXFJHZZS2YZVWRWYJ4,1785455095,1785455095,ACC-YRPLDQBRRHOQWDM6Q3WWM3VAWM,TOKEN-ECQWOR2PMLGQQWK6PAJNTZGLJI,172188,held,1,0
TOKEN-DUSP6TCIMODXVYLPTLWRZH54I4,1785455095,1785455095,ACC-YRPLDQBRRHOQWDM6Q3WWM3VAWM,TOKEN-FZ6XX3VJNFJA7B3APGQ7YNKOMU,14186,held,1,0
TOKEN-CB56GEGF7B3ACQMEXCOM2BXNOI,1785455095,1785455103,ACC-YRPLDQBRRHOQWDM6Q3WWM3VAWM,TOKEN-QBWKIE2XA3FJKHU2JHSHU5UT6U,187214,settled_streaming,1,1785455103
TOKEN-KB475TXJ3NQ3CTHPVNXFDVKK2I,1785455101,1785455101,ACC-YRPLDQBRRHOQWDM6Q3WWM3VAWM,TOKEN-ECQWOR2PMLGQQWK6PAJNTZGLJI,122278,held,1,0
TOKEN-OHGKB2ECN34HFPWLGUZOBYV3EI,1785455104,1785455110,ACC-YRPLDQBRRHOQWDM6Q3WWM3VAWM,TOKEN-QBWKIE2XA3FJKHU2JHSHU5UT6U,187771,settled_streaming,1,1785455110
TOKEN-555XDYOLYOV67I75RILYHXZWU4,1785455108,1785455126,ACC-YRPLDQBRRHOQWDM6Q3WWM3VAWM,TOKEN-TYZKJJZC253BUUKGD6GJX2GABM,390,settled_streaming,1,1785455126
TOKEN-2GY5NHLM7ZYLJDESWOSC4PZNJI,1785455115,1785455128,ACC-YRPLDQBRRHOQWDM6Q3WWM3VAWM,TOKEN-QBWKIE2XA3FJKHU2JHSHU5UT6U,188582,settled_streaming,1,1785455128
TOKEN-MMFWX3RPM5O4SLRUNE3D577ZOY,1785455116,1785455125,ACC-YRPLDQBRRHOQWDM6Q3WWM3VAWM,TOKEN-7TX2GGFJJX7YXHHGX2TXZP65EI,441,settled_streaming,1,1785455125
TOKEN-MAWUYSUHOTH5CKKAANHH2FOBXU,1785455125,1785455131,ACC-YRPLDQBRRHOQWDM6Q3WWM3VAWM,TOKEN-OWVYNC2YQIDZNUK3SLYDBR2QIE,496,settled_streaming,1,1785455131
TOKEN-XRIEDM7XBKM7C3Y2CRXATU65EQ,1785455130,1785455130,ACC-YRPLDQBRRHOQWDM6Q3WWM3VAWM,TOKEN-QBWKIE2XA3FJKHU2JHSHU5UT6U,189809,held,1,0
TOKEN-AQNVWW4OWH4JIFFILF434ESEKU,1785455131,1785455131,ACC-YRPLDQBRRHOQWDM6Q3WWM3VAWM,TOKEN-4Z7BY5KKAAVKXZ5BOWUDTEGZJY,402,held,1,0
TOKEN-QOAQY5DUZFMLCAN5PKYT7P67UQ,1785455132,1785455132,ACC-YRPLDQBRRHOQWDM6Q3WWM3VAWM,TOKEN-Y6VV65GJ652TMM5VHQSWXGEAVI,1376,held,1,0
